sample_id,hive_id,device_id,timestamp,hive_age_days,days_since_last_harvest,cycle_progress,scenario_type,season,weather_state,temp,humidity,mq2_value,mq3_value,mq5_value,mq135_value,maturity_index,stress_index,readiness_score,readiness_level,out_of_distribution_case,threshold_warning_count,critical_stress_flag
BH-EAR-001-000,HIVE-001,ESP32-1001,2026-01-28T04:00:00,39,14,0.2181,early_stage_healthy,wet,humid_rain,28.89,71.84,77,98,145,194,0.1921,0.0,0.247,not_ready,False,0,False
BH-EAR-001-001,HIVE-001,ESP32-1001,2026-01-28T10:00:00,39,13,0.2219,early_stage_healthy,wet,cloudy_stable,29.39,71.16,78,105,149,188,0.197,0.0,0.2518,not_ready,False,0,False
BH-EAR-001-002,HIVE-001,ESP32-1001,2026-01-28T16:00:00,39,8,0.2478,early_stage_healthy,wet,cloudy_stable,29.05,71.69,76,103,154,193,0.2211,0.0,0.2735,not_ready,False,0,False
BH-EAR-001-003,HIVE-001,ESP32-1001,2026-01-28T22:00:00,39,13,0.2494,early_stage_healthy,wet,cloudy_stable,29.14,70.77,71,97,155,199,0.1855,0.0,0.2424,not_ready,False,0,False
BH-EAR-001-004,HIVE-001,ESP32-1001,2026-01-29T04:00:00,39,14,0.238,early_stage_healthy,wet,cloudy_stable,28.94,70.7,78,90,151,203,0.1609,0.0,0.2208,not_ready,False,0,False
BH-EAR-001-005,HIVE-001,ESP32-1001,2026-01-29T10:00:00,39,13,0.2172,early_stage_healthy,wet,cloudy_stable,29.31,72.44,82,92,161,207,0.1682,0.0,0.2261,not_ready,False,0,False
BH-EAR-001-006,HIVE-001,ESP32-1001,2026-01-29T16:00:00,39,11,0.2405,early_stage_healthy,wet,cloudy_stable,28.99,71.66,83,101,161,201,0.1709,0.0,0.2291,not_ready,False,0,False
BH-EAR-001-007,HIVE-001,ESP32-1001,2026-01-29T22:00:00,40,16,0.2198,early_stage_healthy,wet,post_rain,28.47,73.13,78,105,152,199,0.1949,0.0,0.2495,not_ready,False,0,False
BH-EAR-001-008,HIVE-001,ESP32-1001,2026-01-30T04:00:00,40,9,0.2504,early_stage_healthy,wet,humid_rain,28.02,75.96,86,113,161,212,0.2061,0.0,0.2585,not_ready,False,0,False
BH-EAR-001-009,HIVE-001,ESP32-1001,2026-01-30T10:00:00,40,10,0.2425,early_stage_healthy,wet,humid_rain,28.6,76.57,89,113,162,210,0.2169,0.0,0.2693,not_ready,False,0,False
BH-EAR-001-010,HIVE-001,ESP32-1001,2026-01-30T16:00:00,40,15,0.2277,early_stage_healthy,wet,cloudy_stable,28.87,74.98,78,106,164,222,0.1755,0.0,0.2326,not_ready,False,0,False
BH-EAR-001-011,HIVE-001,ESP32-1001,2026-01-30T22:00:00,40,15,0.2296,early_stage_healthy,wet,cloudy_stable,28.91,73.45,84,100,162,210,0.1869,0.0,0.2433,not_ready,False,0,False
BH-EAR-001-012,HIVE-001,ESP32-1001,2026-01-31T04:00:00,41,12,0.2257,early_stage_healthy,wet,humid_rain,28.46,74.85,83,106,171,215,0.1617,0.0,0.2205,not_ready,False,0,False
BH-EAR-001-013,HIVE-001,ESP32-1001,2026-01-31T10:00:00,41,11,0.2219,early_stage_healthy,wet,humid_rain,28.41,75.7,96,109,181,215,0.1664,0.0,0.2255,not_ready,False,0,False
BH-EAR-001-014,HIVE-001,ESP32-1001,2026-01-31T16:00:00,41,13,0.2263,early_stage_healthy,wet,humid_rain,28.26,76.77,97,116,185,223,0.145,0.0,0.2065,not_ready,False,0,False
BH-EAR-001-015,HIVE-001,ESP32-1001,2026-01-31T22:00:00,42,12,0.2557,early_stage_healthy,wet,humid_rain,28.38,77.71,93,116,183,231,0.1608,0.0,0.2207,not_ready,False,0,False
BH-EAR-001-016,HIVE-001,ESP32-1001,2026-02-01T04:00:00,42,14,0.2423,early_stage_healthy,wet,humid_rain,28.65,78.31,94,115,177,232,0.165,0.0,0.2242,not_ready,False,0,False
BH-EAR-001-017,HIVE-001,ESP32-1001,2026-02-01T10:00:00,42,14,0.2538,early_stage_healthy,wet,storm_front,28.07,79.06,89,121,158,221,0.171,0.0,0.2283,not_ready,False,0,False
BH-EAR-001-018,HIVE-001,ESP32-1001,2026-02-01T16:00:00,43,20,0.2496,early_stage_healthy,wet,humid_rain,28.36,77.82,83,109,166,212,0.1771,0.0,0.2341,not_ready,False,0,False
BH-EAR-001-019,HIVE-001,ESP32-1001,2026-02-01T22:00:00,43,16,0.2371,early_stage_healthy,wet,humid_rain,28.36,77.42,87,109,158,223,0.2049,0.0,0.2599,not_ready,False,0,False
BH-EAR-001-020,HIVE-001,ESP32-1001,2026-02-02T04:00:00,43,14,0.2667,early_stage_healthy,wet,humid_rain,28.21,76.95,88,110,162,216,0.1808,0.0,0.2385,not_ready,False,0,False
BH-EAR-001-021,HIVE-001,ESP32-1001,2026-02-02T10:00:00,44,13,0.2533,early_stage_healthy,wet,humid_rain,28.6,76.53,91,110,160,214,0.1769,0.0,0.2346,not_ready,False,0,False
BH-EAR-001-022,HIVE-001,ESP32-1001,2026-02-02T16:00:00,44,15,0.2616,early_stage_healthy,wet,humid_rain,28.39,76.28,89,105,170,212,0.2338,0.0,0.2849,not_ready,False,0,False
BH-EAR-001-023,HIVE-001,ESP32-1001,2026-02-02T22:00:00,45,18,0.2427,early_stage_healthy,wet,humid_rain,28.8,76.91,87,109,160,211,0.1788,0.0,0.236,not_ready,False,0,False
BH-EAR-001-024,HIVE-001,ESP32-1001,2026-02-03T04:00:00,45,15,0.2692,early_stage_healthy,wet,humid_rain,28.47,78.12,91,105,167,206,0.1746,0.0,0.2321,not_ready,False,0,False
BH-EAR-001-025,HIVE-001,ESP32-1001,2026-02-03T10:00:00,46,17,0.2792,early_stage_healthy,wet,humid_rain,28.45,77.02,90,115,164,204,0.2391,0.0,0.2896,not_ready,False,0,False
BH-EAR-001-026,HIVE-001,ESP32-1001,2026-02-03T16:00:00,46,15,0.2731,early_stage_healthy,wet,humid_rain,29.29,75.91,95,118,171,225,0.1804,0.0,0.236,not_ready,False,0,False
BH-EAR-001-027,HIVE-001,ESP32-1001,2026-02-03T22:00:00,47,22,0.2785,early_stage_healthy,wet,humid_rain,29.26,75.0,101,120,165,233,0.2207,0.0,0.2734,not_ready,False,0,False
BH-EAR-001-028,HIVE-001,ESP32-1001,2026-02-04T04:00:00,47,18,0.2622,early_stage_healthy,wet,humid_rain,29.03,75.04,98,114,159,220,0.2306,0.0,0.2821,not_ready,False,0,False
BH-EAR-001-029,HIVE-001,ESP32-1001,2026-02-04T10:00:00,48,23,0.2819,early_stage_healthy,wet,storm_front,27.93,78.08,96,116,168,226,0.1891,0.0,0.2425,not_ready,False,0,False
BH-EAR-001-030,HIVE-001,ESP32-1001,2026-02-04T16:00:00,48,19,0.2663,early_stage_healthy,wet,storm_front,27.55,79.36,100,120,171,219,0.1893,0.0,0.2449,not_ready,False,0,False
BH-EAR-001-031,HIVE-001,ESP32-1001,2026-02-04T22:00:00,49,25,0.3005,early_stage_healthy,wet,storm_front,27.4,81.23,94,119,173,230,0.2365,0.0008,0.2862,not_ready,False,1,False
BH-EAR-001-032,HIVE-001,ESP32-1001,2026-02-05T04:00:00,49,22,0.293,early_stage_healthy,wet,storm_front,27.2,80.46,98,122,176,227,0.2154,0.0071,0.2646,not_ready,False,1,False
BH-EAR-001-033,HIVE-001,ESP32-1001,2026-02-05T10:00:00,50,25,0.2858,early_stage_healthy,wet,storm_front,27.25,79.07,95,121,164,226,0.2296,0.0,0.281,not_ready,False,0,False
BH-EAR-001-034,HIVE-001,ESP32-1001,2026-02-05T16:00:00,50,19,0.3125,early_stage_healthy,wet,storm_front,27.71,78.0,96,116,162,222,0.2538,0.0,0.3017,not_ready,False,0,False
BH-EAR-001-035,HIVE-001,ESP32-1001,2026-02-05T22:00:00,51,20,0.2772,early_stage_healthy,wet,storm_front,27.3,78.29,93,112,172,227,0.2267,0.0,0.2783,not_ready,False,0,False
BH-EAR-001-036,HIVE-001,ESP32-1001,2026-02-06T04:00:00,51,30,0.3176,early_stage_healthy,wet,humid_rain,28.04,77.67,90,109,167,213,0.2506,0.0,0.2985,not_ready,False,0,False
BH-EAR-001-037,HIVE-001,ESP32-1001,2026-02-06T10:00:00,52,24,0.3016,early_stage_healthy,wet,humid_rain,27.92,77.58,97,108,166,216,0.2448,0.0,0.295,not_ready,False,0,False
BH-EAR-001-038,HIVE-001,ESP32-1001,2026-02-06T16:00:00,52,22,0.2954,early_stage_healthy,wet,humid_rain,28.02,76.61,90,107,168,220,0.2078,0.0,0.262,not_ready,False,0,False
BH-EAR-001-039,HIVE-001,ESP32-1001,2026-02-06T22:00:00,53,24,0.3063,early_stage_healthy,wet,humid_rain,28.13,76.14,89,109,167,215,0.2353,0.0,0.2865,not_ready,False,0,False
BH-EAR-001-040,HIVE-001,ESP32-1001,2026-02-07T04:00:00,53,29,0.2914,early_stage_healthy,wet,humid_rain,28.69,77.62,87,103,156,210,0.2307,0.0,0.2808,not_ready,False,0,False
BH-EAR-001-041,HIVE-001,ESP32-1001,2026-02-07T10:00:00,54,23,0.3183,early_stage_healthy,wet,humid_rain,28.22,77.02,94,112,162,213,0.2348,0.0,0.285,not_ready,False,0,False
BH-EAR-001-042,HIVE-001,ESP32-1001,2026-02-07T16:00:00,54,29,0.333,early_stage_healthy,wet,storm_front,27.84,76.7,97,117,169,205,0.2595,0.0,0.307,not_ready,False,0,False
BH-EAR-001-043,HIVE-001,ESP32-1001,2026-02-07T22:00:00,55,27,0.3389,early_stage_healthy,wet,humid_rain,28.17,76.81,91,110,172,208,0.2479,0.0,0.2971,not_ready,False,0,False
BH-EAR-001-044,HIVE-001,ESP32-1001,2026-02-08T04:00:00,55,24,0.3263,early_stage_healthy,wet,humid_rain,28.8,77.65,91,104,176,202,0.2369,0.0,0.2865,not_ready,False,0,False
BH-EAR-001-045,HIVE-001,ESP32-1001,2026-02-08T10:00:00,56,32,0.3416,early_stage_healthy,wet,humid_rain,28.73,77.82,82,110,168,212,0.2337,0.0,0.2849,not_ready,False,0,False
BH-EAR-001-046,HIVE-001,ESP32-1001,2026-02-08T16:00:00,56,31,0.3378,early_stage_healthy,wet,humid_rain,28.64,76.44,86,115,163,201,0.2834,0.0,0.3282,not_ready,False,0,False
BH-EAR-001-047,HIVE-001,ESP32-1001,2026-02-08T22:00:00,57,26,0.3482,early_stage_healthy,wet,humid_rain,28.32,76.14,86,113,167,209,0.2334,0.0,0.2844,not_ready,False,0,False
BH-EAR-001-048,HIVE-001,ESP32-1001,2026-02-09T04:00:00,57,30,0.3304,early_stage_healthy,wet,storm_front,28.19,77.17,91,106,174,220,0.2664,0.0,0.3133,not_ready,False,0,False
BH-EAR-001-049,HIVE-001,ESP32-1001,2026-02-09T10:00:00,58,30,0.3316,early_stage_healthy,wet,storm_front,27.75,77.24,85,108,169,215,0.2538,0.0,0.3021,not_ready,False,0,False
BH-EAR-001-050,HIVE-001,ESP32-1001,2026-02-09T16:00:00,58,31,0.3528,early_stage_healthy,wet,storm_front,27.71,78.07,89,109,161,218,0.2837,0.0,0.3289,not_ready,False,0,False
BH-EAR-001-051,HIVE-001,ESP32-1001,2026-02-09T22:00:00,59,35,0.3576,early_stage_healthy,wet,storm_front,28.35,77.56,84,111,166,217,0.2667,0.0,0.3129,not_ready,False,0,False
BH-EAR-001-052,HIVE-001,ESP32-1001,2026-02-10T04:00:00,59,29,0.3276,early_stage_healthy,wet,storm_front,27.84,77.64,89,113,178,209,0.2314,0.0,0.2822,not_ready,False,0,False
BH-EAR-001-053,HIVE-001,ESP32-1001,2026-02-10T10:00:00,60,37,0.347,early_stage_healthy,wet,storm_front,27.94,77.6,92,120,174,214,0.2478,0.0,0.2976,not_ready,False,0,False
BH-EAR-001-054,HIVE-001,ESP32-1001,2026-02-10T16:00:00,60,35,0.3406,early_stage_healthy,wet,storm_front,28.21,80.04,93,124,177,215,0.2405,0.0,0.2898,not_ready,False,1,False
BH-EAR-001-055,HIVE-001,ESP32-1001,2026-02-10T22:00:00,61,32,0.3502,early_stage_healthy,wet,post_rain,29.15,78.88,90,123,178,216,0.2543,0.0,0.3012,not_ready,False,0,False
BH-EAR-001-056,HIVE-001,ESP32-1001,2026-02-11T04:00:00,61,31,0.3642,early_stage_healthy,wet,post_rain,28.7,76.19,87,117,174,222,0.2434,0.0,0.2917,not_ready,False,0,False
BH-EAR-001-057,HIVE-001,ESP32-1001,2026-02-11T10:00:00,62,34,0.3714,early_stage_healthy,wet,post_rain,29.02,75.64,86,109,166,216,0.2738,0.0,0.3197,not_ready,False,0,False
BH-EAR-001-058,HIVE-001,ESP32-1001,2026-02-11T16:00:00,62,41,0.3738,early_stage_healthy,wet,post_rain,28.61,75.53,88,111,165,208,0.2506,0.0,0.2995,not_ready,False,0,False
BH-EAR-001-059,HIVE-001,ESP32-1001,2026-02-11T22:00:00,63,42,0.3594,early_stage_healthy,wet,storm_front,28.06,76.41,90,119,165,223,0.2652,0.0,0.3115,not_ready,False,0,False
BH-EAR-001-060,HIVE-001,ESP32-1001,2026-02-12T04:00:00,63,40,0.3541,early_stage_healthy,wet,cloudy_stable,28.75,74.12,90,112,155,212,0.2942,0.0,0.336,not_ready,False,0,False
BH-EAR-001-061,HIVE-001,ESP32-1001,2026-02-12T10:00:00,63,37,0.3667,early_stage_healthy,wet,cloudy_stable,28.81,72.81,83,111,165,199,0.2525,0.0,0.301,not_ready,False,0,False
BH-EAR-001-062,HIVE-001,ESP32-1001,2026-02-12T16:00:00,64,40,0.3554,early_stage_healthy,wet,post_rain,28.47,74.17,85,116,165,205,0.2795,0.0,0.3245,not_ready,False,0,False
BH-EAR-001-063,HIVE-001,ESP32-1001,2026-02-12T22:00:00,64,35,0.3739,early_stage_healthy,wet,post_rain,28.75,74.7,82,115,174,214,0.29,0.0,0.3341,not_ready,False,0,False
BH-EAR-001-064,HIVE-001,ESP32-1001,2026-02-13T04:00:00,64,34,0.3815,early_stage_healthy,wet,post_rain,28.59,75.18,87,113,167,213,0.2878,0.0,0.3325,not_ready,False,0,False
BH-EAR-001-065,HIVE-001,ESP32-1001,2026-02-13T10:00:00,65,42,0.3934,early_stage_healthy,wet,cloudy_stable,28.81,73.52,81,114,163,207,0.3008,0.0,0.3433,not_ready,False,0,False
BH-EAR-001-066,HIVE-001,ESP32-1001,2026-02-13T16:00:00,65,40,0.3792,early_stage_healthy,wet,cloudy_stable,28.97,72.78,81,117,160,203,0.3194,0.0,0.3603,approaching,False,0,False
BH-EAR-001-067,HIVE-001,ESP32-1001,2026-02-13T22:00:00,65,34,0.368,early_stage_healthy,wet,cloudy_stable,28.87,72.37,79,115,152,200,0.296,0.0,0.3399,not_ready,False,0,False
BH-EAR-001-068,HIVE-001,ESP32-1001,2026-02-14T04:00:00,66,36,0.3736,early_stage_healthy,wet,post_rain,28.23,74.09,83,112,159,193,0.2796,0.0,0.3237,not_ready,False,0,False
BH-EAR-001-069,HIVE-001,ESP32-1001,2026-02-14T10:00:00,66,38,0.3819,early_stage_healthy,wet,post_rain,28.63,75.04,81,112,165,205,0.2629,0.0,0.3098,not_ready,False,0,False
BH-EAR-001-070,HIVE-001,ESP32-1001,2026-02-14T16:00:00,66,36,0.3792,early_stage_healthy,wet,post_rain,28.5,75.7,85,110,165,197,0.304,0.0,0.3468,not_ready,False,0,False
BH-EAR-001-071,HIVE-001,ESP32-1001,2026-02-14T22:00:00,66,38,0.386,early_stage_healthy,wet,post_rain,28.3,74.06,83,115,164,195,0.3029,0.0,0.3452,not_ready,False,0,False
BH-EAR-001-072,HIVE-001,ESP32-1001,2026-02-15T04:00:00,66,43,0.3961,early_stage_healthy,wet,post_rain,28.41,75.17,83,111,160,200,0.2883,0.0,0.3328,not_ready,False,0,False
BH-EAR-001-073,HIVE-001,ESP32-1001,2026-02-15T10:00:00,67,43,0.4052,early_stage_healthy,wet,post_rain,28.36,75.28,83,119,158,208,0.3161,0.0,0.3577,approaching,False,0,False
BH-EAR-001-074,HIVE-001,ESP32-1001,2026-02-15T16:00:00,67,39,0.3821,early_stage_healthy,wet,cloudy_stable,28.61,73.94,84,112,164,206,0.2934,0.0,0.3368,not_ready,False,0,False
BH-EAR-001-075,HIVE-001,ESP32-1001,2026-02-15T22:00:00,67,42,0.3857,early_stage_healthy,wet,cloudy_stable,29.11,72.8,81,108,166,203,0.2713,0.0,0.317,not_ready,False,0,False
BH-EAR-001-076,HIVE-001,ESP32-1001,2026-02-16T04:00:00,67,46,0.3766,early_stage_healthy,wet,humid_rain,28.99,74.58,82,112,172,197,0.255,0.0,0.3031,not_ready,False,0,False
BH-EAR-001-077,HIVE-001,ESP32-1001,2026-02-16T10:00:00,67,39,0.3733,early_stage_healthy,wet,humid_rain,28.94,75.05,85,114,171,200,0.2746,0.0,0.3212,not_ready,False,0,False
BH-EAR-001-078,HIVE-001,ESP32-1001,2026-02-16T16:00:00,67,36,0.3898,early_stage_healthy,wet,humid_rain,28.54,75.79,91,113,177,204,0.3072,0.0,0.349,not_ready,False,0,False
BH-EAR-001-079,HIVE-001,ESP32-1001,2026-02-16T22:00:00,67,39,0.4088,early_stage_healthy,wet,humid_rain,28.24,75.55,92,119,186,203,0.3139,0.0,0.3552,approaching,False,0,False
BH-EAR-002-000,HIVE-002,ESP32-1002,2026-01-07T20:00:00,53,11,0.0971,early_stage_healthy,inter_monsoon,stable_clear,30.8,65.14,79,69,144,161,0.1407,0.0,0.2017,not_ready,False,0,False
BH-EAR-002-001,HIVE-002,ESP32-1002,2026-01-08T02:00:00,53,13,0.0885,early_stage_healthy,inter_monsoon,stable_clear,31.81,67.5,84,80,149,162,0.1368,0.0,0.1968,not_ready,False,0,False
BH-EAR-002-002,HIVE-002,ESP32-1002,2026-01-08T08:00:00,53,14,0.1163,early_stage_healthy,inter_monsoon,stable_clear,32.49,69.17,81,77,153,167,0.1074,0.0,0.1721,not_ready,False,0,False
BH-EAR-002-003,HIVE-002,ESP32-1002,2026-01-08T14:00:00,53,16,0.111,early_stage_healthy,inter_monsoon,stable_clear,32.37,69.93,83,81,159,167,0.1704,0.0,0.2291,not_ready,False,0,False
BH-EAR-002-004,HIVE-002,ESP32-1002,2026-01-08T20:00:00,53,17,0.0967,early_stage_healthy,inter_monsoon,stable_clear,32.24,70.27,92,74,144,169,0.1444,0.0,0.2061,not_ready,False,0,False
BH-EAR-002-005,HIVE-002,ESP32-1002,2026-01-09T02:00:00,53,10,0.1205,early_stage_healthy,inter_monsoon,humid_rain,32.02,74.21,102,79,154,177,0.1142,0.0,0.1777,not_ready,False,0,False
BH-EAR-002-006,HIVE-002,ESP32-1002,2026-01-09T08:00:00,53,12,0.125,early_stage_healthy,inter_monsoon,post_rain,31.39,75.8,101,74,162,176,0.1598,0.0,0.2184,not_ready,False,0,False
BH-EAR-002-007,HIVE-002,ESP32-1002,2026-01-09T14:00:00,54,11,0.1159,early_stage_healthy,inter_monsoon,post_rain,31.04,73.99,95,83,156,165,0.1652,0.0,0.2233,not_ready,False,0,False
BH-EAR-002-008,HIVE-002,ESP32-1002,2026-01-09T20:00:00,54,10,0.0971,early_stage_healthy,inter_monsoon,stable_clear,31.55,69.03,84,70,151,164,0.152,0.0,0.2099,not_ready,False,0,False
BH-EAR-002-009,HIVE-002,ESP32-1002,2026-01-10T02:00:00,54,10,0.1307,early_stage_healthy,inter_monsoon,stable_clear,31.28,68.5,88,66,153,171,0.1784,0.0,0.2359,not_ready,False,0,False
BH-EAR-002-010,HIVE-002,ESP32-1002,2026-01-10T08:00:00,54,14,0.0938,early_stage_healthy,inter_monsoon,stable_clear,31.74,67.49,83,65,154,165,0.162,0.0,0.221,not_ready,False,0,False
BH-EAR-002-011,HIVE-002,ESP32-1002,2026-01-10T14:00:00,54,10,0.1304,early_stage_healthy,inter_monsoon,stable_clear,32.06,69.66,84,76,156,172,0.1529,0.0,0.2125,not_ready,False,0,False
BH-EAR-002-012,HIVE-002,ESP32-1002,2026-01-10T20:00:00,55,17,0.1327,early_stage_healthy,inter_monsoon,cloudy_stable,32.31,70.91,85,79,162,181,0.1688,0.0,0.2272,not_ready,False,0,False
BH-EAR-002-013,HIVE-002,ESP32-1002,2026-01-11T02:00:00,55,18,0.1108,early_stage_healthy,inter_monsoon,stable_clear,32.21,68.6,85,72,159,174,0.1079,0.0,0.1734,not_ready,False,0,False
BH-EAR-002-014,HIVE-002,ESP32-1002,2026-01-11T08:00:00,55,15,0.132,early_stage_healthy,inter_monsoon,stable_clear,31.74,66.47,79,73,152,171,0.1207,0.0,0.184,not_ready,False,0,False
BH-EAR-002-015,HIVE-002,ESP32-1002,2026-01-11T14:00:00,55,15,0.1135,early_stage_healthy,inter_monsoon,stable_clear,31.6,67.82,74,75,151,164,0.1608,0.0,0.2203,not_ready,False,0,False
BH-EAR-002-016,HIVE-002,ESP32-1002,2026-01-11T20:00:00,56,14,0.1151,early_stage_healthy,inter_monsoon,stable_clear,31.6,67.74,82,79,157,180,0.1104,0.0,0.1766,not_ready,False,0,False
BH-EAR-002-017,HIVE-002,ESP32-1002,2026-01-12T02:00:00,56,11,0.1326,early_stage_healthy,inter_monsoon,stable_clear,31.89,67.2,91,77,151,178,0.1291,0.0,0.1925,not_ready,False,0,False
BH-EAR-002-018,HIVE-002,ESP32-1002,2026-01-12T08:00:00,56,19,0.1363,early_stage_healthy,inter_monsoon,stable_clear,31.28,67.52,81,78,149,173,0.1794,0.0,0.2362,not_ready,False,0,False
BH-EAR-002-019,HIVE-002,ESP32-1002,2026-01-12T14:00:00,57,12,0.1191,early_stage_healthy,inter_monsoon,stable_clear,31.13,67.26,87,83,159,174,0.1622,0.0,0.222,not_ready,False,0,False
BH-EAR-002-020,HIVE-002,ESP32-1002,2026-01-12T20:00:00,57,20,0.1326,early_stage_healthy,inter_monsoon,stable_clear,30.93,66.41,91,83,159,182,0.1732,0.0,0.2314,not_ready,False,0,False
BH-EAR-002-021,HIVE-002,ESP32-1002,2026-01-13T02:00:00,57,17,0.1528,early_stage_healthy,inter_monsoon,stable_clear,30.91,65.84,97,84,162,184,0.1384,0.0,0.2013,not_ready,False,0,False
BH-EAR-002-022,HIVE-002,ESP32-1002,2026-01-13T08:00:00,58,19,0.137,early_stage_healthy,inter_monsoon,stable_clear,31.34,66.76,96,82,158,165,0.1782,0.0,0.2352,not_ready,False,0,False
BH-EAR-002-023,HIVE-002,ESP32-1002,2026-01-13T14:00:00,58,13,0.1555,early_stage_healthy,inter_monsoon,stable_clear,30.91,66.3,98,80,152,175,0.164,0.0,0.223,not_ready,False,0,False
BH-EAR-002-024,HIVE-002,ESP32-1002,2026-01-13T20:00:00,59,14,0.1308,early_stage_healthy,inter_monsoon,stable_clear,31.2,66.19,97,77,152,162,0.1633,0.0,0.2229,not_ready,False,0,False
BH-EAR-002-025,HIVE-002,ESP32-1002,2026-01-14T02:00:00,59,24,0.1519,early_stage_healthy,inter_monsoon,stable_clear,31.62,66.92,92,72,145,168,0.154,0.0,0.214,not_ready,False,0,False
BH-EAR-002-026,HIVE-002,ESP32-1002,2026-01-14T08:00:00,59,21,0.1675,early_stage_healthy,inter_monsoon,stable_clear,31.6,66.85,95,76,148,161,0.1774,0.0,0.2358,not_ready,False,0,False
BH-EAR-002-027,HIVE-002,ESP32-1002,2026-01-14T14:00:00,60,23,0.1749,early_stage_healthy,inter_monsoon,cloudy_stable,31.24,67.82,92,69,145,156,0.1466,0.0,0.2075,not_ready,False,0,False
BH-EAR-002-028,HIVE-002,ESP32-1002,2026-01-14T20:00:00,60,18,0.1666,early_stage_healthy,inter_monsoon,cloudy_stable,31.25,67.97,89,80,152,163,0.1768,0.0,0.2351,not_ready,False,0,False
BH-EAR-002-029,HIVE-002,ESP32-1002,2026-01-15T02:00:00,61,22,0.1663,early_stage_healthy,inter_monsoon,post_rain,30.82,70.29,83,81,146,173,0.1905,0.0,0.2454,not_ready,False,0,False
BH-EAR-002-030,HIVE-002,ESP32-1002,2026-01-15T08:00:00,61,22,0.1782,early_stage_healthy,inter_monsoon,post_rain,30.42,70.97,86,88,150,179,0.1861,0.0,0.2423,not_ready,False,0,False
BH-EAR-002-031,HIVE-002,ESP32-1002,2026-01-15T14:00:00,62,25,0.1837,early_stage_healthy,inter_monsoon,post_rain,30.5,73.0,93,91,157,171,0.2093,0.0,0.2627,not_ready,False,0,False
BH-EAR-002-032,HIVE-002,ESP32-1002,2026-01-15T20:00:00,62,27,0.1544,early_stage_healthy,inter_monsoon,post_rain,30.72,72.72,89,88,159,182,0.14,0.0,0.2023,not_ready,False,0,False
BH-EAR-002-033,HIVE-002,ESP32-1002,2026-01-16T02:00:00,62,26,0.1656,early_stage_healthy,inter_monsoon,post_rain,30.81,73.26,87,82,156,189,0.1983,0.0,0.2538,not_ready,False,0,False
BH-EAR-002-034,HIVE-002,ESP32-1002,2026-01-16T08:00:00,63,18,0.1741,early_stage_healthy,inter_monsoon,post_rain,30.87,73.91,97,88,161,181,0.1984,0.0,0.2537,not_ready,False,0,False
BH-EAR-002-035,HIVE-002,ESP32-1002,2026-01-16T14:00:00,63,21,0.1851,early_stage_healthy,inter_monsoon,post_rain,31.21,74.71,98,89,165,187,0.1735,0.0,0.2315,not_ready,False,0,False
BH-EAR-002-036,HIVE-002,ESP32-1002,2026-01-16T20:00:00,64,20,0.1799,early_stage_healthy,inter_monsoon,post_rain,30.88,74.25,102,94,165,193,0.1933,0.0,0.2489,not_ready,False,0,False
BH-EAR-002-037,HIVE-002,ESP32-1002,2026-01-17T02:00:00,64,23,0.1816,early_stage_healthy,inter_monsoon,post_rain,31.3,74.28,98,89,168,185,0.1896,0.0,0.2457,not_ready,False,0,False
BH-EAR-002-038,HIVE-002,ESP32-1002,2026-01-17T08:00:00,65,24,0.1814,early_stage_healthy,inter_monsoon,cloudy_stable,31.33,72.99,97,78,168,188,0.1945,0.0,0.2502,not_ready,False,0,False
BH-EAR-002-039,HIVE-002,ESP32-1002,2026-01-17T14:00:00,65,22,0.2113,early_stage_healthy,inter_monsoon,cloudy_stable,31.32,70.08,96,81,165,181,0.1658,0.0,0.2244,not_ready,False,0,False
BH-EAR-002-040,HIVE-002,ESP32-1002,2026-01-17T20:00:00,66,23,0.1879,early_stage_healthy,inter_monsoon,cloudy_stable,31.04,69.75,100,74,151,167,0.1894,0.0,0.2454,not_ready,False,0,False
BH-EAR-002-041,HIVE-002,ESP32-1002,2026-01-18T02:00:00,66,31,0.2257,early_stage_healthy,inter_monsoon,stable_clear,32.18,67.83,91,79,154,156,0.2301,0.0,0.2789,not_ready,False,0,False
BH-EAR-002-042,HIVE-002,ESP32-1002,2026-01-18T08:00:00,67,27,0.2073,early_stage_healthy,inter_monsoon,stable_clear,31.98,67.44,89,77,145,165,0.2268,0.0,0.2787,not_ready,False,0,False
BH-EAR-002-043,HIVE-002,ESP32-1002,2026-01-18T14:00:00,67,28,0.2024,early_stage_healthy,inter_monsoon,stable_clear,31.55,66.92,84,70,148,176,0.1901,0.0,0.2458,not_ready,False,0,False
BH-EAR-002-044,HIVE-002,ESP32-1002,2026-01-18T20:00:00,68,27,0.2225,early_stage_healthy,inter_monsoon,cloudy_stable,31.38,68.93,87,76,153,174,0.2044,0.0,0.2583,not_ready,False,0,False
BH-EAR-002-045,HIVE-002,ESP32-1002,2026-01-19T02:00:00,68,31,0.2034,early_stage_healthy,inter_monsoon,humid_rain,30.78,72.64,89,75,170,179,0.1898,0.0,0.2437,not_ready,False,0,False
BH-EAR-002-046,HIVE-002,ESP32-1002,2026-01-19T08:00:00,69,28,0.2298,early_stage_healthy,inter_monsoon,humid_rain,30.66,73.54,96,77,159,172,0.206,0.0,0.2602,not_ready,False,0,False
BH-EAR-002-047,HIVE-002,ESP32-1002,2026-01-19T14:00:00,69,33,0.2377,early_stage_healthy,inter_monsoon,humid_rain,30.45,73.5,96,85,158,166,0.1987,0.0,0.2542,not_ready,False,0,False
BH-EAR-002-048,HIVE-002,ESP32-1002,2026-01-19T20:00:00,69,28,0.238,early_stage_healthy,inter_monsoon,cloudy_stable,30.69,70.19,90,83,158,157,0.1825,0.0,0.2384,not_ready,False,0,False
BH-EAR-002-049,HIVE-002,ESP32-1002,2026-01-20T02:00:00,70,35,0.2161,early_stage_healthy,inter_monsoon,stable_clear,30.79,68.88,97,85,154,167,0.1784,0.0,0.2358,not_ready,False,0,False
BH-EAR-002-050,HIVE-002,ESP32-1002,2026-01-20T08:00:00,70,31,0.2411,early_stage_healthy,inter_monsoon,stable_clear,31.23,67.25,94,82,148,169,0.2259,0.0,0.2769,not_ready,False,0,False
BH-EAR-002-051,HIVE-002,ESP32-1002,2026-01-20T14:00:00,71,29,0.24,early_stage_healthy,inter_monsoon,stable_clear,31.3,67.36,89,82,149,172,0.1938,0.0,0.2502,not_ready,False,0,False
BH-EAR-002-052,HIVE-002,ESP32-1002,2026-01-20T20:00:00,71,27,0.2374,early_stage_healthy,inter_monsoon,stable_clear,31.39,66.08,89,81,153,176,0.1958,0.0,0.2514,not_ready,False,0,False
BH-EAR-002-053,HIVE-002,ESP32-1002,2026-01-21T02:00:00,72,28,0.254,early_stage_healthy,inter_monsoon,humid_rain,30.83,70.57,96,91,166,183,0.2167,0.0,0.2669,not_ready,False,0,False
BH-EAR-002-054,HIVE-002,ESP32-1002,2026-01-21T08:00:00,72,30,0.266,early_stage_healthy,inter_monsoon,humid_rain,31.01,72.3,100,90,158,179,0.2224,0.0,0.2743,not_ready,False,0,False
BH-EAR-002-055,HIVE-002,ESP32-1002,2026-01-21T14:00:00,72,35,0.2541,early_stage_healthy,inter_monsoon,post_rain,30.77,71.68,94,91,160,175,0.2296,0.0,0.2811,not_ready,False,0,False
BH-EAR-002-056,HIVE-002,ESP32-1002,2026-01-21T20:00:00,73,35,0.2482,early_stage_healthy,inter_monsoon,post_rain,30.54,72.27,97,93,159,176,0.211,0.0,0.2649,not_ready,False,0,False
BH-EAR-002-057,HIVE-002,ESP32-1002,2026-01-22T02:00:00,73,28,0.2434,early_stage_healthy,inter_monsoon,stable_clear,31.28,68.81,96,88,158,181,0.2409,0.0,0.2887,not_ready,False,0,False
BH-EAR-002-058,HIVE-002,ESP32-1002,2026-01-22T08:00:00,74,29,0.2656,early_stage_healthy,inter_monsoon,stable_clear,31.64,68.6,93,87,152,168,0.2296,0.0,0.2809,not_ready,False,0,False
BH-EAR-002-059,HIVE-002,ESP32-1002,2026-01-22T14:00:00,74,36,0.2627,early_stage_healthy,inter_monsoon,stable_clear,31.73,67.45,91,83,152,172,0.2691,0.0,0.3159,not_ready,False,0,False
BH-EAR-002-060,HIVE-002,ESP32-1002,2026-01-22T20:00:00,74,32,0.2816,early_stage_healthy,inter_monsoon,stable_clear,31.98,65.91,82,80,151,170,0.2372,0.0,0.2872,not_ready,False,0,False
BH-EAR-002-061,HIVE-002,ESP32-1002,2026-01-23T02:00:00,75,34,0.2921,early_stage_healthy,inter_monsoon,humid_rain,31.28,69.41,95,84,155,169,0.2507,0.0,0.2971,not_ready,False,0,False
BH-EAR-002-062,HIVE-002,ESP32-1002,2026-01-23T08:00:00,75,36,0.2628,early_stage_healthy,inter_monsoon,humid_rain,30.62,72.34,99,85,172,177,0.2344,0.0,0.2832,not_ready,False,0,False
BH-EAR-002-063,HIVE-002,ESP32-1002,2026-01-23T14:00:00,75,36,0.2776,early_stage_healthy,inter_monsoon,humid_rain,30.41,74.59,100,88,170,186,0.2178,0.0,0.27,not_ready,False,0,False
BH-EAR-002-064,HIVE-002,ESP32-1002,2026-01-23T20:00:00,76,37,0.2954,early_stage_healthy,inter_monsoon,post_rain,30.41,74.0,98,83,164,174,0.2553,0.0,0.3041,not_ready,False,0,False
BH-EAR-002-065,HIVE-002,ESP32-1002,2026-01-24T02:00:00,76,34,0.2777,early_stage_healthy,inter_monsoon,post_rain,30.87,72.84,102,75,166,175,0.2184,0.0,0.2704,not_ready,False,0,False
BH-EAR-002-066,HIVE-002,ESP32-1002,2026-01-24T08:00:00,76,35,0.2933,early_stage_healthy,inter_monsoon,post_rain,30.67,72.87,105,83,174,184,0.2663,0.0,0.3136,not_ready,False,0,False
BH-EAR-002-067,HIVE-002,ESP32-1002,2026-01-24T14:00:00,76,35,0.2732,early_stage_healthy,inter_monsoon,cloudy_stable,31.05,70.63,97,77,165,178,0.242,0.0,0.2907,not_ready,False,0,False
BH-EAR-002-068,HIVE-002,ESP32-1002,2026-01-24T20:00:00,77,35,0.2941,early_stage_healthy,inter_monsoon,cloudy_stable,31.15,69.74,95,75,166,178,0.249,0.0,0.2984,not_ready,False,0,False
BH-EAR-002-069,HIVE-002,ESP32-1002,2026-01-25T02:00:00,77,32,0.2794,early_stage_healthy,inter_monsoon,cloudy_stable,31.29,69.01,90,83,156,168,0.221,0.0,0.2733,not_ready,False,0,False
BH-EAR-002-070,HIVE-002,ESP32-1002,2026-01-25T08:00:00,77,33,0.3043,early_stage_healthy,inter_monsoon,post_rain,31.13,71.65,96,79,159,175,0.2895,0.0,0.3329,not_ready,False,0,False
BH-EAR-002-071,HIVE-002,ESP32-1002,2026-01-25T14:00:00,77,39,0.2864,early_stage_healthy,inter_monsoon,post_rain,30.47,72.29,98,78,157,166,0.2326,0.0,0.2829,not_ready,False,0,False
BH-EAR-002-072,HIVE-002,ESP32-1002,2026-01-25T20:00:00,77,37,0.2764,early_stage_healthy,inter_monsoon,stable_clear,31.14,69.85,97,81,157,174,0.2146,0.0,0.2662,not_ready,False,0,False
BH-EAR-002-073,HIVE-002,ESP32-1002,2026-01-26T02:00:00,78,40,0.2823,early_stage_healthy,inter_monsoon,stable_clear,31.41,67.25,87,72,157,158,0.2295,0.0,0.2796,not_ready,False,0,False
BH-EAR-002-074,HIVE-002,ESP32-1002,2026-01-26T08:00:00,78,37,0.2843,early_stage_healthy,inter_monsoon,stable_clear,31.46,67.11,85,75,156,165,0.283,0.0,0.3287,not_ready,False,0,False
BH-EAR-002-075,HIVE-002,ESP32-1002,2026-01-26T14:00:00,78,34,0.2924,early_stage_healthy,inter_monsoon,humid_rain,30.92,69.9,96,83,154,181,0.2674,0.0,0.3123,not_ready,False,0,False
BH-EAR-002-076,HIVE-002,ESP32-1002,2026-01-26T20:00:00,78,40,0.3157,early_stage_healthy,inter_monsoon,post_rain,31.02,71.76,93,83,163,184,0.3038,0.0,0.346,not_ready,False,0,False
BH-EAR-002-077,HIVE-002,ESP32-1002,2026-01-27T02:00:00,78,40,0.2899,early_stage_healthy,inter_monsoon,cloudy_stable,31.15,69.72,92,82,153,177,0.2754,0.0,0.3209,not_ready,False,0,False
BH-EAR-002-078,HIVE-002,ESP32-1002,2026-01-27T08:00:00,78,40,0.2912,early_stage_healthy,inter_monsoon,cloudy_stable,31.02,69.76,98,87,149,163,0.2962,0.0,0.34,not_ready,False,0,False
BH-EAR-002-079,HIVE-002,ESP32-1002,2026-01-27T14:00:00,78,42,0.2956,early_stage_healthy,inter_monsoon,cloudy_stable,31.09,70.1,98,83,147,181,0.244,0.0,0.2941,not_ready,False,0,False
BH-EAR-003-000,HIVE-003,ESP32-1003,2026-03-12T00:00:00,40,9,0.143,early_stage_healthy,wet,storm_front,27.75,73.71,98,71,132,171,0.1058,0.0,0.171,not_ready,False,0,False
BH-EAR-003-001,HIVE-003,ESP32-1003,2026-03-12T06:00:00,40,11,0.1258,early_stage_healthy,wet,storm_front,27.18,77.13,106,74,141,168,0.0927,0.0,0.1584,not_ready,False,0,False
BH-EAR-003-002,HIVE-003,ESP32-1003,2026-03-12T12:00:00,40,9,0.1393,early_stage_healthy,wet,storm_front,26.75,77.47,118,82,145,173,0.1446,0.0,0.2057,not_ready,False,0,False
BH-EAR-003-003,HIVE-003,ESP32-1003,2026-03-12T18:00:00,40,13,0.1219,early_stage_healthy,wet,cloudy_stable,27.51,76.46,109,81,147,184,0.1465,0.0,0.2066,not_ready,False,0,False
BH-EAR-003-004,HIVE-003,ESP32-1003,2026-03-13T00:00:00,40,16,0.1557,early_stage_healthy,wet,post_rain,27.74,76.75,105,79,142,187,0.1361,0.0,0.1989,not_ready,False,0,False
BH-EAR-003-005,HIVE-003,ESP32-1003,2026-03-13T06:00:00,40,11,0.1579,early_stage_healthy,wet,post_rain,27.51,76.72,106,74,138,185,0.1718,0.0,0.2305,not_ready,False,0,False
BH-EAR-003-006,HIVE-003,ESP32-1003,2026-03-13T12:00:00,41,13,0.1497,early_stage_healthy,wet,post_rain,27.26,76.41,105,79,135,184,0.127,0.0,0.1909,not_ready,False,0,False
BH-EAR-003-007,HIVE-003,ESP32-1003,2026-03-13T18:00:00,41,11,0.1231,early_stage_healthy,wet,post_rain,27.69,75.53,111,72,140,174,0.1596,0.0,0.2187,not_ready,False,0,False
BH-EAR-003-008,HIVE-003,ESP32-1003,2026-03-14T00:00:00,41,11,0.1623,early_stage_healthy,wet,cloudy_stable,27.83,73.99,102,71,145,183,0.1788,0.0,0.236,not_ready,False,0,False
BH-EAR-003-009,HIVE-003,ESP32-1003,2026-03-14T06:00:00,41,16,0.1523,early_stage_healthy,wet,cloudy_stable,27.84,73.92,98,66,138,181,0.1221,0.0,0.1871,not_ready,False,0,False
BH-EAR-003-010,HIVE-003,ESP32-1003,2026-03-14T12:00:00,42,16,0.1339,early_stage_healthy,wet,cloudy_stable,27.64,73.74,94,70,131,179,0.1257,0.0,0.1898,not_ready,False,0,False
BH-EAR-003-011,HIVE-003,ESP32-1003,2026-03-14T18:00:00,42,13,0.1563,early_stage_healthy,wet,cloudy_stable,28.04,73.53,96,69,135,167,0.1167,0.0,0.1816,not_ready,False,0,False
BH-EAR-003-012,HIVE-003,ESP32-1003,2026-03-15T00:00:00,42,14,0.1415,early_stage_healthy,wet,cloudy_stable,28.27,73.54,93,77,134,159,0.134,0.0,0.1972,not_ready,False,0,False
BH-EAR-003-013,HIVE-003,ESP32-1003,2026-03-15T06:00:00,43,19,0.1542,early_stage_healthy,wet,cloudy_stable,28.14,72.85,97,75,140,166,0.1523,0.0,0.2132,not_ready,False,0,False
BH-EAR-003-014,HIVE-003,ESP32-1003,2026-03-15T12:00:00,43,15,0.1674,early_stage_healthy,wet,cloudy_stable,27.68,73.63,105,74,152,159,0.1427,0.0,0.2039,not_ready,False,0,False
BH-EAR-003-015,HIVE-003,ESP32-1003,2026-03-15T18:00:00,43,19,0.1661,early_stage_healthy,wet,cloudy_stable,28.08,73.26,103,75,155,160,0.1211,0.0,0.1855,not_ready,False,0,False
BH-EAR-003-016,HIVE-003,ESP32-1003,2026-03-16T00:00:00,44,15,0.1773,early_stage_healthy,wet,cloudy_stable,27.82,73.26,103,78,141,159,0.1648,0.0,0.2242,not_ready,False,0,False
BH-EAR-003-017,HIVE-003,ESP32-1003,2026-03-16T06:00:00,44,12,0.154,early_stage_healthy,wet,cloudy_stable,28.03,73.55,102,70,133,161,0.1755,0.0,0.2336,not_ready,False,0,False
BH-EAR-003-018,HIVE-003,ESP32-1003,2026-03-16T12:00:00,45,18,0.1879,early_stage_healthy,wet,cloudy_stable,27.66,73.0,104,80,138,169,0.1948,0.0,0.2501,not_ready,False,0,False
BH-EAR-003-019,HIVE-003,ESP32-1003,2026-03-16T18:00:00,45,20,0.1848,early_stage_healthy,wet,cloudy_stable,27.89,73.36,102,78,147,166,0.1336,0.0,0.1967,not_ready,False,0,False
BH-EAR-003-020,HIVE-003,ESP32-1003,2026-03-17T00:00:00,46,14,0.1868,early_stage_healthy,wet,cloudy_stable,27.74,73.85,99,73,142,164,0.1569,0.0,0.2173,not_ready,False,0,False
BH-EAR-003-021,HIVE-003,ESP32-1003,2026-03-17T06:00:00,46,19,0.1968,early_stage_healthy,wet,cloudy_stable,27.87,73.45,106,68,138,170,0.144,0.0,0.2059,not_ready,False,0,False
BH-EAR-003-022,HIVE-003,ESP32-1003,2026-03-17T12:00:00,47,25,0.1789,early_stage_healthy,wet,cloudy_stable,28.25,73.31,97,77,138,173,0.1445,0.0,0.206,not_ready,False,0,False
BH-EAR-003-023,HIVE-003,ESP32-1003,2026-03-17T18:00:00,47,20,0.1884,early_stage_healthy,wet,humid_rain,28.55,75.76,102,79,147,173,0.1731,0.0,0.2303,not_ready,False,0,False
BH-EAR-003-024,HIVE-003,ESP32-1003,2026-03-18T00:00:00,48,16,0.1759,early_stage_healthy,wet,humid_rain,27.74,76.82,107,75,149,181,0.123,0.0,0.1858,not_ready,False,0,False
BH-EAR-003-025,HIVE-003,ESP32-1003,2026-03-18T06:00:00,49,18,0.1804,early_stage_healthy,wet,humid_rain,27.79,78.04,108,83,153,180,0.1438,0.0,0.2056,not_ready,False,0,False
BH-EAR-003-026,HIVE-003,ESP32-1003,2026-03-18T12:00:00,49,19,0.2208,early_stage_healthy,wet,humid_rain,27.18,78.27,108,86,151,180,0.1951,0.0,0.2503,not_ready,False,0,False
BH-EAR-003-027,HIVE-003,ESP32-1003,2026-03-18T18:00:00,50,22,0.2234,early_stage_healthy,wet,humid_rain,27.3,79.18,114,90,164,183,0.1592,0.0,0.219,not_ready,False,0,False
BH-EAR-003-028,HIVE-003,ESP32-1003,2026-03-19T00:00:00,50,19,0.228,early_stage_healthy,wet,humid_rain,27.45,78.75,115,83,157,177,0.1925,0.0,0.2486,not_ready,False,0,False
BH-EAR-003-029,HIVE-003,ESP32-1003,2026-03-19T06:00:00,51,28,0.2078,early_stage_healthy,wet,post_rain,28.01,79.8,112,91,157,178,0.2141,0.0,0.2666,not_ready,False,0,False
BH-EAR-003-030,HIVE-003,ESP32-1003,2026-03-19T12:00:00,52,22,0.2314,early_stage_healthy,wet,post_rain,28.19,80.95,106,85,152,183,0.2132,0.0,0.2664,not_ready,False,1,False
BH-EAR-003-031,HIVE-003,ESP32-1003,2026-03-19T18:00:00,52,25,0.2387,early_stage_healthy,wet,post_rain,28.03,79.11,114,82,148,183,0.2264,0.0,0.2778,not_ready,False,0,False
BH-EAR-003-032,HIVE-003,ESP32-1003,2026-03-20T00:00:00,53,27,0.2486,early_stage_healthy,wet,post_rain,28.15,77.84,112,76,147,171,0.2118,0.0,0.2653,not_ready,False,0,False
BH-EAR-003-033,HIVE-003,ESP32-1003,2026-03-20T06:00:00,54,27,0.219,early_stage_healthy,wet,humid_rain,27.87,78.66,119,82,152,173,0.2088,0.0,0.2625,not_ready,False,0,False
BH-EAR-003-034,HIVE-003,ESP32-1003,2026-03-20T12:00:00,54,32,0.2234,early_stage_healthy,wet,humid_rain,27.52,78.9,119,87,140,174,0.1768,0.0,0.2345,not_ready,False,0,False
BH-EAR-003-035,HIVE-003,ESP32-1003,2026-03-20T18:00:00,55,28,0.2592,early_stage_healthy,wet,humid_rain,27.64,78.49,119,83,138,167,0.2356,0.0,0.2867,not_ready,False,0,False
BH-EAR-003-036,HIVE-003,ESP32-1003,2026-03-21T00:00:00,56,28,0.237,early_stage_healthy,wet,humid_rain,27.61,79.37,114,81,148,167,0.1746,0.0,0.2329,not_ready,False,0,False
BH-EAR-003-037,HIVE-003,ESP32-1003,2026-03-21T06:00:00,56,29,0.2504,early_stage_healthy,wet,humid_rain,27.69,78.8,111,85,154,170,0.2414,0.0,0.2917,not_ready,False,0,False
BH-EAR-003-038,HIVE-003,ESP32-1003,2026-03-21T12:00:00,57,27,0.2545,early_stage_healthy,wet,humid_rain,27.66,78.26,113,81,152,171,0.2233,0.0,0.276,not_ready,False,0,False
BH-EAR-003-039,HIVE-003,ESP32-1003,2026-03-21T18:00:00,58,27,0.271,early_stage_healthy,wet,humid_rain,27.52,77.84,114,80,144,170,0.2047,0.0,0.2595,not_ready,False,0,False
BH-EAR-003-040,HIVE-003,ESP32-1003,2026-03-22T00:00:00,58,27,0.2851,early_stage_healthy,wet,humid_rain,27.39,78.93,116,78,141,189,0.2285,0.0,0.2799,not_ready,False,0,False
BH-EAR-003-041,HIVE-003,ESP32-1003,2026-03-22T06:00:00,59,36,0.2848,early_stage_healthy,wet,storm_front,26.85,79.18,115,84,145,186,0.2212,0.0,0.2733,not_ready,False,0,False
BH-EAR-003-042,HIVE-003,ESP32-1003,2026-03-22T12:00:00,60,34,0.2675,early_stage_healthy,wet,storm_front,26.86,80.56,113,90,141,191,0.243,0.0,0.2929,not_ready,False,1,False
BH-EAR-003-043,HIVE-003,ESP32-1003,2026-03-22T18:00:00,60,35,0.2714,early_stage_healthy,wet,storm_front,26.9,79.5,116,84,143,186,0.2323,0.0,0.2836,not_ready,False,0,False
BH-EAR-003-044,HIVE-003,ESP32-1003,2026-03-23T00:00:00,61,30,0.2815,early_stage_healthy,wet,storm_front,26.83,80.02,117,91,161,184,0.2318,0.0,0.2832,not_ready,False,1,False
BH-EAR-003-045,HIVE-003,ESP32-1003,2026-03-23T06:00:00,62,36,0.2799,early_stage_healthy,wet,storm_front,26.73,79.49,120,86,155,197,0.2036,0.0,0.2583,not_ready,False,0,False
BH-EAR-003-046,HIVE-003,ESP32-1003,2026-03-23T12:00:00,62,30,0.3049,early_stage_healthy,wet,storm_front,26.26,79.35,118,85,159,194,0.2722,0.0,0.3184,not_ready,False,0,False
BH-EAR-003-047,HIVE-003,ESP32-1003,2026-03-23T18:00:00,63,39,0.3047,early_stage_healthy,wet,storm_front,26.27,79.76,120,84,156,189,0.2493,0.0,0.299,not_ready,False,0,False
BH-EAR-003-048,HIVE-003,ESP32-1003,2026-03-24T00:00:00,64,42,0.3181,early_stage_healthy,wet,storm_front,26.62,80.13,119,77,156,185,0.2352,0.0,0.2859,not_ready,False,1,False
BH-EAR-003-049,HIVE-003,ESP32-1003,2026-03-24T06:00:00,64,42,0.3294,early_stage_healthy,wet,storm_front,27.39,79.55,117,82,160,180,0.2713,0.0,0.3167,not_ready,False,0,False
BH-EAR-003-050,HIVE-003,ESP32-1003,2026-03-24T12:00:00,65,38,0.3052,early_stage_healthy,wet,cloudy_stable,27.82,75.85,113,86,153,176,0.2525,0.0,0.2993,not_ready,False,0,False
BH-EAR-003-051,HIVE-003,ESP32-1003,2026-03-24T18:00:00,66,37,0.3022,early_stage_healthy,wet,cloudy_stable,28.16,75.29,114,87,149,177,0.2604,0.0,0.3081,not_ready,False,0,False
BH-EAR-003-052,HIVE-003,ESP32-1003,2026-03-25T00:00:00,66,41,0.3287,early_stage_healthy,wet,cloudy_stable,28.37,73.82,110,73,149,172,0.2921,0.0,0.3355,not_ready,False,0,False
BH-EAR-003-053,HIVE-003,ESP32-1003,2026-03-25T06:00:00,67,42,0.3406,early_stage_healthy,wet,cloudy_stable,28.55,74.23,110,80,147,188,0.269,0.0,0.3158,not_ready,False,0,False
BH-EAR-003-054,HIVE-003,ESP32-1003,2026-03-25T12:00:00,67,42,0.3248,early_stage_healthy,wet,humid_rain,28.69,77.61,115,86,157,197,0.2732,0.0,0.3181,not_ready,False,0,False
BH-EAR-003-055,HIVE-003,ESP32-1003,2026-03-25T18:00:00,68,40,0.3363,early_stage_healthy,wet,humid_rain,28.06,78.35,118,87,154,193,0.2947,0.0,0.3375,not_ready,False,0,False
BH-EAR-003-056,HIVE-003,ESP32-1003,2026-03-26T00:00:00,69,46,0.3541,early_stage_healthy,wet,cloudy_stable,28.24,74.87,111,79,153,171,0.2783,0.0,0.3223,not_ready,False,0,False
BH-EAR-003-057,HIVE-003,ESP32-1003,2026-03-26T06:00:00,69,46,0.343,early_stage_healthy,wet,storm_front,27.49,77.05,110,83,152,171,0.2489,0.0,0.2964,not_ready,False,0,False
BH-EAR-003-058,HIVE-003,ESP32-1003,2026-03-26T12:00:00,70,48,0.3498,early_stage_healthy,wet,humid_rain,28.03,77.34,119,89,156,189,0.2486,0.0,0.297,not_ready,False,0,False
BH-EAR-003-059,HIVE-003,ESP32-1003,2026-03-26T18:00:00,70,47,0.3472,early_stage_healthy,wet,humid_rain,28.74,77.28,126,91,164,185,0.2932,0.0,0.3363,not_ready,False,0,False
BH-EAR-003-060,HIVE-003,ESP32-1003,2026-03-27T00:00:00,71,47,0.3414,early_stage_healthy,wet,storm_front,28.68,79.59,126,93,167,193,0.2523,0.0,0.3007,not_ready,False,0,False
BH-EAR-003-061,HIVE-003,ESP32-1003,2026-03-27T06:00:00,71,43,0.3445,early_stage_healthy,wet,storm_front,27.97,79.2,127,85,162,198,0.2406,0.0,0.2898,not_ready,False,0,False
BH-EAR-003-062,HIVE-003,ESP32-1003,2026-03-27T12:00:00,72,50,0.3602,early_stage_healthy,wet,storm_front,27.54,79.91,122,85,158,206,0.3104,0.0,0.3517,approaching,False,0,False
BH-EAR-003-063,HIVE-003,ESP32-1003,2026-03-27T18:00:00,72,40,0.3628,early_stage_healthy,wet,storm_front,27.17,79.19,118,83,159,199,0.2832,0.0,0.3279,not_ready,False,0,False
BH-EAR-003-064,HIVE-003,ESP32-1003,2026-03-28T00:00:00,73,50,0.3794,early_stage_healthy,wet,storm_front,26.81,79.52,122,79,155,195,0.2817,0.0,0.3268,not_ready,False,0,False
BH-EAR-003-065,HIVE-003,ESP32-1003,2026-03-28T06:00:00,73,42,0.3692,early_stage_healthy,wet,storm_front,26.79,79.63,115,89,151,204,0.2814,0.0,0.327,not_ready,False,0,False
BH-EAR-003-066,HIVE-003,ESP32-1003,2026-03-28T12:00:00,73,49,0.3759,early_stage_healthy,wet,humid_rain,27.51,79.48,122,93,156,196,0.297,0.0,0.3394,not_ready,False,0,False
BH-EAR-003-067,HIVE-003,ESP32-1003,2026-03-28T18:00:00,74,51,0.3584,early_stage_healthy,wet,humid_rain,28.08,78.51,126,84,152,190,0.3055,0.0,0.3468,not_ready,False,0,False
BH-EAR-003-068,HIVE-003,ESP32-1003,2026-03-29T00:00:00,74,49,0.3873,early_stage_healthy,wet,humid_rain,27.97,78.05,123,86,148,193,0.2876,0.0,0.3324,not_ready,False,0,False
BH-EAR-003-069,HIVE-003,ESP32-1003,2026-03-29T06:00:00,74,45,0.3813,early_stage_healthy,wet,humid_rain,28.14,78.5,119,79,149,198,0.271,0.0,0.3177,not_ready,False,0,False
BH-EAR-003-070,HIVE-003,ESP32-1003,2026-03-29T12:00:00,75,51,0.3863,early_stage_healthy,wet,humid_rain,28.28,78.59,118,84,145,190,0.3185,0.0,0.3597,approaching,False,0,False
BH-EAR-003-071,HIVE-003,ESP32-1003,2026-03-29T18:00:00,75,53,0.3737,early_stage_healthy,wet,humid_rain,27.58,78.61,114,83,138,194,0.2748,0.0,0.3202,not_ready,False,0,False
BH-EAR-003-072,HIVE-003,ESP32-1003,2026-03-30T00:00:00,75,46,0.3758,early_stage_healthy,wet,humid_rain,27.84,78.98,117,78,155,193,0.2653,0.0,0.3123,not_ready,False,0,False
BH-EAR-003-073,HIVE-003,ESP32-1003,2026-03-30T06:00:00,75,44,0.3763,early_stage_healthy,wet,humid_rain,27.54,78.23,120,83,157,191,0.2893,0.0,0.3334,not_ready,False,0,False
BH-EAR-003-074,HIVE-003,ESP32-1003,2026-03-30T12:00:00,76,49,0.3774,early_stage_healthy,wet,humid_rain,27.24,77.8,122,86,145,180,0.3098,0.0,0.3515,approaching,False,0,False
BH-EAR-003-075,HIVE-003,ESP32-1003,2026-03-30T18:00:00,76,51,0.3907,early_stage_healthy,wet,humid_rain,27.72,78.09,120,84,151,174,0.3006,0.0,0.3432,not_ready,False,0,False
BH-EAR-003-076,HIVE-003,ESP32-1003,2026-03-31T00:00:00,76,51,0.3769,early_stage_healthy,wet,humid_rain,27.78,78.21,117,84,146,190,0.2754,0.0,0.3218,not_ready,False,0,False
BH-EAR-003-077,HIVE-003,ESP32-1003,2026-03-31T06:00:00,76,46,0.3754,early_stage_healthy,wet,humid_rain,27.86,78.29,121,84,142,191,0.3306,0.0,0.3706,approaching,False,0,False
BH-EAR-003-078,HIVE-003,ESP32-1003,2026-03-31T12:00:00,76,48,0.3786,early_stage_healthy,wet,humid_rain,27.97,78.0,123,88,144,189,0.3105,0.0,0.3527,approaching,False,0,False
BH-EAR-003-079,HIVE-003,ESP32-1003,2026-03-31T18:00:00,76,49,0.3851,early_stage_healthy,wet,humid_rain,27.92,78.91,126,87,148,185,0.3099,0.0,0.352,approaching,False,0,False
BH-EAR-004-000,HIVE-004,ESP32-1004,2026-01-21T16:00:00,33,10,0.1049,early_stage_healthy,wet,humid_rain,28.44,76.01,92,76,111,189,0.0866,0.0,0.1541,not_ready,False,0,False
BH-EAR-004-001,HIVE-004,ESP32-1004,2026-01-21T22:00:00,33,14,0.101,early_stage_healthy,wet,cloudy_stable,28.22,75.44,90,75,109,192,0.1172,0.0,0.1823,not_ready,False,0,False
BH-EAR-004-002,HIVE-004,ESP32-1004,2026-01-22T04:00:00,33,17,0.1065,early_stage_healthy,wet,humid_rain,28.22,78.59,98,75,117,204,0.1126,0.0,0.1772,not_ready,False,0,False
BH-EAR-004-003,HIVE-004,ESP32-1004,2026-01-22T10:00:00,33,11,0.0813,early_stage_healthy,wet,humid_rain,28.06,79.84,101,83,118,218,0.1218,0.0,0.186,not_ready,False,0,False
BH-EAR-004-004,HIVE-004,ESP32-1004,2026-01-22T16:00:00,33,17,0.0839,early_stage_healthy,wet,humid_rain,27.69,81.34,90,84,122,205,0.0784,0.0,0.1471,not_ready,False,1,False
BH-EAR-004-005,HIVE-004,ESP32-1004,2026-01-22T22:00:00,33,11,0.0918,early_stage_healthy,wet,humid_rain,27.37,81.63,96,83,129,213,0.1051,0.0,0.1714,not_ready,False,1,False
BH-EAR-004-006,HIVE-004,ESP32-1004,2026-01-23T04:00:00,34,13,0.104,early_stage_healthy,wet,humid_rain,27.63,81.83,94,89,123,215,0.1409,0.0,0.2031,not_ready,False,1,False
BH-EAR-004-007,HIVE-004,ESP32-1004,2026-01-23T10:00:00,34,15,0.1157,early_stage_healthy,wet,humid_rain,27.28,81.82,101,92,114,224,0.1252,0.0255,0.1751,not_ready,False,1,False
BH-EAR-004-008,HIVE-004,ESP32-1004,2026-01-23T16:00:00,34,15,0.1082,early_stage_healthy,wet,humid_rain,27.46,82.62,103,87,126,227,0.0907,0.0,0.1588,not_ready,False,1,False
BH-EAR-004-009,HIVE-004,ESP32-1004,2026-01-23T22:00:00,34,17,0.1098,early_stage_healthy,wet,humid_rain,27.68,82.42,102,87,132,224,0.1479,0.0176,0.1998,not_ready,False,1,False
BH-EAR-004-010,HIVE-004,ESP32-1004,2026-01-24T04:00:00,34,9,0.0961,early_stage_healthy,wet,humid_rain,28.05,81.85,98,91,121,213,0.0942,0.0,0.1615,not_ready,False,1,False
BH-EAR-004-011,HIVE-004,ESP32-1004,2026-01-24T10:00:00,35,19,0.1147,early_stage_healthy,wet,humid_rain,27.97,81.93,93,86,121,211,0.1204,0.0,0.1855,not_ready,False,1,False
BH-EAR-004-012,HIVE-004,ESP32-1004,2026-01-24T16:00:00,35,19,0.117,early_stage_healthy,wet,humid_rain,27.5,81.7,99,86,119,215,0.1439,0.0,0.2054,not_ready,False,1,False
BH-EAR-004-013,HIVE-004,ESP32-1004,2026-01-24T22:00:00,35,20,0.1039,early_stage_healthy,wet,humid_rain,27.57,81.42,102,88,123,211,0.1069,0.0,0.1736,not_ready,False,1,False
BH-EAR-004-014,HIVE-004,ESP32-1004,2026-01-25T04:00:00,36,13,0.1076,early_stage_healthy,wet,humid_rain,27.65,82.4,98,83,137,221,0.1437,0.0227,0.1929,not_ready,False,1,False
BH-EAR-004-015,HIVE-004,ESP32-1004,2026-01-25T10:00:00,36,20,0.1335,early_stage_healthy,wet,humid_rain,27.85,81.96,98,82,135,224,0.1403,0.022,0.1907,not_ready,False,1,False
BH-EAR-004-016,HIVE-004,ESP32-1004,2026-01-25T16:00:00,36,20,0.1101,early_stage_healthy,wet,humid_rain,27.69,81.75,97,81,133,210,0.1479,0.0278,0.1942,not_ready,False,1,False
BH-EAR-004-017,HIVE-004,ESP32-1004,2026-01-25T22:00:00,37,14,0.1452,early_stage_healthy,wet,humid_rain,27.32,80.72,94,87,125,220,0.123,0.0017,0.1857,not_ready,False,1,False
BH-EAR-004-018,HIVE-004,ESP32-1004,2026-01-26T04:00:00,37,19,0.1318,early_stage_healthy,wet,post_rain,27.43,80.19,94,88,119,216,0.1287,0.0,0.1927,not_ready,False,1,False
BH-EAR-004-020,HIVE-004,ESP32-1004,2026-01-26T16:00:00,38,23,0.1336,early_stage_healthy,wet,post_rain,30.42,77.61,118,99,141,272,0.0992,0.0,0.1617,not_ready,False,0,False
BH-EAR-004-021,HIVE-004,ESP32-1004,2026-01-26T22:00:00,39,17,0.1505,early_stage_healthy,wet,post_rain,29.32,79.66,108,93,132,250,0.1161,0.0,0.1783,not_ready,False,0,False
BH-EAR-004-022,HIVE-004,ESP32-1004,2026-01-27T04:00:00,39,16,0.1651,early_stage_healthy,wet,humid_rain,28.51,81.52,102,95,138,223,0.1078,0.0,0.1719,not_ready,False,1,False
BH-EAR-004-023,HIVE-004,ESP32-1004,2026-01-27T10:00:00,40,20,0.1584,early_stage_healthy,wet,humid_rain,27.92,81.77,94,97,129,216,0.1216,0.0232,0.1725,not_ready,False,1,False
BH-EAR-004-024,HIVE-004,ESP32-1004,2026-01-27T16:00:00,40,25,0.1595,early_stage_healthy,wet,humid_rain,27.7,82.49,102,91,126,202,0.1723,0.0185,0.2202,not_ready,False,1,False
BH-EAR-004-025,HIVE-004,ESP32-1004,2026-01-27T22:00:00,41,23,0.1563,early_stage_healthy,wet,humid_rain,27.91,82.49,104,93,120,219,0.1405,0.0022,0.2016,not_ready,False,1,False
BH-EAR-004-026,HIVE-004,ESP32-1004,2026-01-28T04:00:00,41,22,0.1686,early_stage_healthy,wet,humid_rain,28.0,82.8,96,98,119,221,0.1202,0.0279,0.1698,not_ready,False,1,False
BH-EAR-004-027,HIVE-004,ESP32-1004,2026-01-28T10:00:00,42,27,0.1627,early_stage_healthy,wet,humid_rain,27.93,82.66,95,100,133,214,0.1361,0.0073,0.1953,not_ready,False,1,False
BH-EAR-004-028,HIVE-004,ESP32-1004,2026-01-28T16:00:00,42,25,0.1575,early_stage_healthy,wet,storm_front,27.52,83.09,96,90,122,221,0.1098,0.0341,0.1564,not_ready,False,1,False
BH-EAR-004-030,HIVE-004,ESP32-1004,2026-01-29T04:00:00,43,27,0.1704,early_stage_healthy,wet,humid_rain,28.38,86.95,111,97,159,256,0.1297,0.1226,0.122,not_ready,False,1,False
BH-EAR-004-031,HIVE-004,ESP32-1004,2026-01-29T10:00:00,44,19,0.1872,early_stage_healthy,wet,humid_rain,28.19,84.66,101,91,135,230,0.1687,0.049,0.1991,not_ready,False,1,False
BH-EAR-004-032,HIVE-004,ESP32-1004,2026-01-29T16:00:00,44,19,0.1876,early_stage_healthy,wet,humid_rain,27.6,82.93,98,88,123,221,0.1764,0.0258,0.2187,not_ready,False,1,False
BH-EAR-004-033,HIVE-004,ESP32-1004,2026-01-29T22:00:00,45,26,0.1913,early_stage_healthy,wet,humid_rain,27.58,82.37,90,91,125,215,0.1524,0.0,0.2135,not_ready,False,1,False
BH-EAR-004-034,HIVE-004,ESP32-1004,2026-01-30T04:00:00,46,24,0.1989,early_stage_healthy,wet,post_rain,27.96,80.89,95,87,127,209,0.1501,0.0198,0.1995,not_ready,False,1,False
BH-EAR-004-035,HIVE-004,ESP32-1004,2026-01-30T10:00:00,46,26,0.1979,early_stage_healthy,wet,post_rain,27.74,81.28,90,85,119,199,0.1698,0.0,0.2284,not_ready,False,1,False
BH-EAR-004-036,HIVE-004,ESP32-1004,2026-01-30T16:00:00,47,28,0.2216,early_stage_healthy,wet,humid_rain,27.81,81.57,95,81,125,207,0.2061,0.0,0.2607,not_ready,False,1,False
BH-EAR-004-037,HIVE-004,ESP32-1004,2026-01-30T22:00:00,47,28,0.202,early_stage_healthy,wet,humid_rain,27.45,81.04,101,89,121,218,0.1603,0.0066,0.216,not_ready,False,1,False
BH-EAR-004-038,HIVE-004,ESP32-1004,2026-01-31T04:00:00,48,33,0.2206,early_stage_healthy,wet,humid_rain,27.46,80.98,106,94,134,204,0.1626,0.0002,0.2224,not_ready,False,1,False
BH-EAR-004-039,HIVE-004,ESP32-1004,2026-01-31T10:00:00,49,29,0.2266,early_stage_healthy,wet,post_rain,27.9,81.2,98,90,131,218,0.2016,0.0179,0.2461,not_ready,False,1,False
BH-EAR-004-040,HIVE-004,ESP32-1004,2026-01-31T16:00:00,49,29,0.2493,early_stage_healthy,wet,post_rain,28.05,80.22,100,82,122,217,0.1883,0.0,0.2446,not_ready,False,1,False
BH-EAR-004-041,HIVE-004,ESP32-1004,2026-01-31T22:00:00,50,30,0.2269,early_stage_healthy,wet,storm_front,27.41,81.54,101,83,128,216,0.2166,0.0,0.2686,not_ready,False,1,False
BH-EAR-004-042,HIVE-004,ESP32-1004,2026-02-01T04:00:00,51,31,0.2611,early_stage_healthy,wet,storm_front,27.2,81.86,98,90,126,210,0.1878,0.0143,0.2365,not_ready,False,1,False
BH-EAR-004-043,HIVE-004,ESP32-1004,2026-02-01T10:00:00,51,26,0.2598,early_stage_healthy,wet,storm_front,27.28,81.78,104,88,131,216,0.2304,0.0,0.2823,not_ready,False,1,False
BH-EAR-004-044,HIVE-004,ESP32-1004,2026-02-01T16:00:00,52,35,0.2684,early_stage_healthy,wet,storm_front,27.1,81.97,103,98,142,216,0.216,0.0,0.2693,not_ready,False,1,False
BH-EAR-004-045,HIVE-004,ESP32-1004,2026-02-01T22:00:00,52,32,0.2459,early_stage_healthy,wet,humid_rain,27.56,81.42,101,92,130,211,0.2213,0.0131,0.266,not_ready,False,1,False
BH-EAR-004-046,HIVE-004,ESP32-1004,2026-02-02T04:00:00,53,35,0.2606,early_stage_healthy,wet,humid_rain,27.74,82.9,101,88,127,214,0.1957,0.0385,0.2298,not_ready,False,1,False
BH-EAR-004-047,HIVE-004,ESP32-1004,2026-02-02T10:00:00,54,32,0.2642,early_stage_healthy,wet,humid_rain,27.55,82.48,99,85,130,218,0.2353,0.0339,0.2677,not_ready,False,1,False
BH-EAR-004-048,HIVE-004,ESP32-1004,2026-02-02T16:00:00,54,33,0.2864,early_stage_healthy,wet,humid_rain,27.64,81.96,95,90,131,217,0.1975,0.0,0.2531,not_ready,False,1,False
BH-EAR-004-049,HIVE-004,ESP32-1004,2026-02-02T22:00:00,55,33,0.2675,early_stage_healthy,wet,humid_rain,28.03,82.85,94,105,133,226,0.2024,0.0449,0.2318,not_ready,False,1,False
BH-EAR-004-050,HIVE-004,ESP32-1004,2026-02-03T04:00:00,55,33,0.3,early_stage_healthy,wet,humid_rain,27.91,83.48,101,94,138,225,0.2117,0.013,0.2582,not_ready,False,1,False
BH-EAR-004-051,HIVE-004,ESP32-1004,2026-02-03T10:00:00,56,31,0.3123,early_stage_healthy,wet,humid_rain,27.69,82.08,102,103,133,217,0.2465,0.0071,0.2916,not_ready,False,1,False
BH-EAR-004-052,HIVE-004,ESP32-1004,2026-02-03T16:00:00,56,38,0.3111,early_stage_healthy,wet,humid_rain,27.97,83.57,108,101,146,219,0.2075,0.046,0.2357,not_ready,False,1,False
BH-EAR-004-053,HIVE-004,ESP32-1004,2026-02-03T22:00:00,57,38,0.306,early_stage_healthy,wet,humid_rain,27.74,82.91,111,96,135,214,0.2359,0.0321,0.2688,not_ready,False,1,False
BH-EAR-004-054,HIVE-004,ESP32-1004,2026-02-04T04:00:00,57,37,0.3045,early_stage_healthy,wet,humid_rain,27.46,82.89,107,92,130,217,0.2505,0.0189,0.2892,not_ready,False,1,False
BH-EAR-004-055,HIVE-004,ESP32-1004,2026-02-04T10:00:00,58,42,0.3208,early_stage_healthy,wet,humid_rain,27.18,82.48,103,87,125,232,0.2654,0.0288,0.2966,not_ready,False,1,False
BH-EAR-004-056,HIVE-004,ESP32-1004,2026-02-04T16:00:00,58,40,0.3075,early_stage_healthy,wet,humid_rain,27.58,82.57,106,85,134,235,0.2643,0.0012,0.3108,not_ready,False,1,False
BH-EAR-004-057,HIVE-004,ESP32-1004,2026-02-04T22:00:00,59,37,0.3344,early_stage_healthy,wet,humid_rain,27.8,81.35,109,83,126,219,0.229,0.0,0.2801,not_ready,False,1,False
BH-EAR-004-058,HIVE-004,ESP32-1004,2026-02-05T04:00:00,59,43,0.3152,early_stage_healthy,wet,post_rain,28.53,81.35,108,92,126,226,0.2389,0.0,0.2885,not_ready,False,1,False
BH-EAR-004-059,HIVE-004,ESP32-1004,2026-02-05T10:00:00,60,45,0.3118,early_stage_healthy,wet,post_rain,27.96,81.46,110,91,129,224,0.2539,0.0186,0.2919,not_ready,False,1,False
BH-EAR-004-060,HIVE-004,ESP32-1004,2026-02-05T16:00:00,60,43,0.3342,early_stage_healthy,wet,post_rain,28.47,82.6,101,90,132,219,0.2335,0.0071,0.2797,not_ready,False,1,False
BH-EAR-004-061,HIVE-004,ESP32-1004,2026-02-05T22:00:00,61,39,0.3414,early_stage_healthy,wet,post_rain,28.62,81.74,105,97,130,221,0.2406,0.0162,0.2819,not_ready,False,1,False
BH-EAR-004-062,HIVE-004,ESP32-1004,2026-02-06T04:00:00,61,38,0.3422,early_stage_healthy,wet,post_rain,28.65,82.56,100,99,137,222,0.2807,0.0402,0.3042,not_ready,False,1,False
BH-EAR-004-063,HIVE-004,ESP32-1004,2026-02-06T10:00:00,62,38,0.3493,early_stage_healthy,wet,post_rain,28.24,81.64,93,88,127,230,0.2756,0.0,0.3207,not_ready,False,1,False
BH-EAR-004-064,HIVE-004,ESP32-1004,2026-02-06T16:00:00,62,39,0.3565,early_stage_healthy,wet,humid_rain,28.13,81.62,104,94,131,214,0.2686,0.0,0.3156,not_ready,False,1,False
BH-EAR-004-065,HIVE-004,ESP32-1004,2026-02-06T22:00:00,62,44,0.3649,early_stage_healthy,wet,humid_rain,28.21,81.0,100,93,132,215,0.2847,0.0,0.33,not_ready,False,1,False
BH-EAR-004-066,HIVE-004,ESP32-1004,2026-02-07T04:00:00,63,39,0.3645,early_stage_healthy,wet,humid_rain,28.07,81.27,96,96,125,219,0.2715,0.0,0.3183,not_ready,False,1,False
BH-EAR-004-067,HIVE-004,ESP32-1004,2026-02-07T10:00:00,63,44,0.3427,early_stage_healthy,wet,post_rain,28.0,80.27,97,99,125,224,0.25,0.0,0.2993,not_ready,False,1,False
BH-EAR-004-068,HIVE-004,ESP32-1004,2026-02-07T16:00:00,63,48,0.3439,early_stage_healthy,wet,humid_rain,28.01,80.85,95,98,133,215,0.2536,0.0091,0.2976,not_ready,False,1,False
BH-EAR-004-069,HIVE-004,ESP32-1004,2026-02-07T22:00:00,64,42,0.3748,early_stage_healthy,wet,cloudy_stable,28.4,79.25,96,89,134,213,0.3019,0.0,0.3439,not_ready,False,0,False
BH-EAR-004-070,HIVE-004,ESP32-1004,2026-02-08T04:00:00,64,49,0.3614,early_stage_healthy,wet,cloudy_stable,28.54,77.72,91,86,130,211,0.3012,0.0,0.3438,not_ready,False,0,False
BH-EAR-004-071,HIVE-004,ESP32-1004,2026-02-08T10:00:00,64,42,0.3697,early_stage_healthy,wet,storm_front,27.94,80.09,98,94,121,226,0.2669,0.0096,0.3067,not_ready,False,1,False
BH-EAR-004-072,HIVE-004,ESP32-1004,2026-02-08T16:00:00,64,41,0.3525,early_stage_healthy,wet,humid_rain,27.7,79.98,102,93,127,222,0.3025,0.0,0.3454,not_ready,False,0,False
BH-EAR-004-073,HIVE-004,ESP32-1004,2026-02-08T22:00:00,64,40,0.3687,early_stage_healthy,wet,cloudy_stable,28.05,77.83,99,87,122,216,0.2597,0.0,0.3065,not_ready,False,0,False
BH-EAR-004-074,HIVE-004,ESP32-1004,2026-02-09T04:00:00,65,50,0.3618,early_stage_healthy,wet,cloudy_stable,28.65,78.3,100,86,119,211,0.2931,0.0,0.3363,not_ready,False,0,False
BH-EAR-004-075,HIVE-004,ESP32-1004,2026-02-09T10:00:00,65,46,0.3703,early_stage_healthy,wet,cloudy_stable,28.64,78.06,96,86,122,209,0.2717,0.0,0.3188,not_ready,False,0,False
BH-EAR-004-076,HIVE-004,ESP32-1004,2026-02-09T16:00:00,65,46,0.3581,early_stage_healthy,wet,cloudy_stable,28.65,77.13,83,77,119,214,0.259,0.0,0.3069,not_ready,False,0,False
BH-EAR-004-077,HIVE-004,ESP32-1004,2026-02-09T22:00:00,65,50,0.3843,early_stage_healthy,wet,humid_rain,28.44,79.33,95,80,130,215,0.276,0.0,0.321,not_ready,False,0,False
BH-EAR-004-078,HIVE-004,ESP32-1004,2026-02-10T04:00:00,65,47,0.3702,early_stage_healthy,wet,humid_rain,28.3,80.27,101,87,132,213,0.2666,0.0,0.3136,not_ready,False,1,False
BH-EAR-004-079,HIVE-004,ESP32-1004,2026-02-10T10:00:00,65,45,0.363,early_stage_healthy,wet,humid_rain,27.94,81.55,100,86,132,219,0.2438,0.0041,0.2909,not_ready,False,1,False
BH-EAR-005-000,HIVE-005,ESP32-1005,2026-04-24T00:00:00,53,14,0.167,early_stage_healthy,inter_monsoon,humid_rain,27.86,73.36,49,78,110,192,0.175,0.0,0.2319,not_ready,False,0,False
BH-EAR-005-001,HIVE-005,ESP32-1005,2026-04-24T06:00:00,53,12,0.1728,early_stage_healthy,inter_monsoon,stable_clear,28.25,72.21,48,75,109,197,0.143,0.0,0.2044,not_ready,False,0,False
BH-EAR-005-002,HIVE-005,ESP32-1005,2026-04-24T12:00:00,53,15,0.1987,early_stage_healthy,inter_monsoon,stable_clear,28.58,71.06,51,73,103,197,0.2054,0.0,0.2593,not_ready,False,0,False
BH-EAR-005-003,HIVE-005,ESP32-1005,2026-04-24T18:00:00,53,9,0.1828,early_stage_healthy,inter_monsoon,stable_clear,28.61,71.46,57,71,105,182,0.1797,0.0,0.2375,not_ready,False,0,False
BH-EAR-005-004,HIVE-005,ESP32-1005,2026-04-25T00:00:00,53,18,0.1905,early_stage_healthy,inter_monsoon,stable_clear,28.6,69.95,58,70,106,186,0.1962,0.0,0.2519,not_ready,False,0,False
BH-EAR-005-005,HIVE-005,ESP32-1005,2026-04-25T06:00:00,53,8,0.2033,early_stage_healthy,inter_monsoon,cloudy_stable,28.54,70.97,54,77,113,191,0.1919,0.0,0.2479,not_ready,False,0,False
BH-EAR-005-006,HIVE-005,ESP32-1005,2026-04-25T12:00:00,53,12,0.1981,early_stage_healthy,inter_monsoon,cloudy_stable,28.56,70.96,53,70,105,195,0.1584,0.0,0.219,not_ready,False,0,False
BH-EAR-005-007,HIVE-005,ESP32-1005,2026-04-25T18:00:00,54,16,0.1684,early_stage_healthy,inter_monsoon,cloudy_stable,28.94,71.06,50,73,109,199,0.1553,0.0,0.2157,not_ready,False,0,False
BH-EAR-005-008,HIVE-005,ESP32-1005,2026-04-26T00:00:00,54,9,0.1804,early_stage_healthy,inter_monsoon,cloudy_stable,28.95,71.44,49,72,112,196,0.1917,0.0,0.2484,not_ready,False,0,False
BH-EAR-005-009,HIVE-005,ESP32-1005,2026-04-26T06:00:00,54,11,0.176,early_stage_healthy,inter_monsoon,cloudy_stable,28.54,71.57,44,73,103,193,0.1903,0.0,0.2463,not_ready,False,0,False
BH-EAR-005-010,HIVE-005,ESP32-1005,2026-04-26T12:00:00,54,12,0.2086,early_stage_healthy,inter_monsoon,cloudy_stable,28.89,72.7,49,69,113,197,0.1527,0.0,0.2128,not_ready,False,0,False
BH-EAR-005-011,HIVE-005,ESP32-1005,2026-04-26T18:00:00,55,17,0.1763,early_stage_healthy,inter_monsoon,cloudy_stable,28.88,73.56,59,72,110,196,0.1664,0.0,0.2257,not_ready,False,0,False
BH-EAR-005-012,HIVE-005,ESP32-1005,2026-04-27T00:00:00,55,15,0.1944,early_stage_healthy,inter_monsoon,cloudy_stable,28.96,72.95,65,76,119,194,0.1858,0.0,0.2427,not_ready,False,0,False
BH-EAR-005-013,HIVE-005,ESP32-1005,2026-04-27T06:00:00,55,10,0.2147,early_stage_healthy,inter_monsoon,stable_clear,28.82,71.59,62,81,114,203,0.2102,0.0,0.2637,not_ready,False,0,False
BH-EAR-005-014,HIVE-005,ESP32-1005,2026-04-27T12:00:00,55,11,0.1922,early_stage_healthy,inter_monsoon,stable_clear,28.74,71.25,58,82,111,205,0.1829,0.0,0.2405,not_ready,False,0,False
BH-EAR-005-015,HIVE-005,ESP32-1005,2026-04-27T18:00:00,56,18,0.2035,early_stage_healthy,inter_monsoon,stable_clear,28.85,70.18,56,74,117,211,0.2039,0.0,0.2583,not_ready,False,0,False
BH-EAR-005-016,HIVE-005,ESP32-1005,2026-04-28T00:00:00,56,12,0.2092,early_stage_healthy,inter_monsoon,stable_clear,29.57,70.04,52,74,111,197,0.1657,0.0,0.224,not_ready,False,0,False
BH-EAR-005-017,HIVE-005,ESP32-1005,2026-04-28T06:00:00,57,18,0.1966,early_stage_healthy,inter_monsoon,humid_rain,28.47,73.71,59,81,124,211,0.152,0.0,0.2093,not_ready,False,0,False
BH-EAR-005-018,HIVE-005,ESP32-1005,2026-04-28T12:00:00,57,20,0.2162,early_stage_healthy,inter_monsoon,humid_rain,27.72,74.77,59,74,126,211,0.1941,0.0,0.2487,not_ready,False,0,False
BH-EAR-005-019,HIVE-005,ESP32-1005,2026-04-28T18:00:00,57,20,0.2264,early_stage_healthy,inter_monsoon,humid_rain,27.69,75.77,56,75,128,214,0.2157,0.0,0.2691,not_ready,False,0,False
BH-EAR-005-020,HIVE-005,ESP32-1005,2026-04-29T00:00:00,58,22,0.2278,early_stage_healthy,inter_monsoon,humid_rain,27.61,75.68,56,74,131,214,0.2381,0.0,0.2893,not_ready,False,0,False
BH-EAR-005-021,HIVE-005,ESP32-1005,2026-04-29T06:00:00,58,22,0.207,early_stage_healthy,inter_monsoon,humid_rain,28.1,76.1,61,70,126,212,0.1945,0.0,0.2497,not_ready,False,0,False
BH-EAR-005-022,HIVE-005,ESP32-1005,2026-04-29T12:00:00,59,24,0.2126,early_stage_healthy,inter_monsoon,humid_rain,28.0,77.63,61,79,123,214,0.1669,0.0,0.2257,not_ready,False,0,False
BH-EAR-005-023,HIVE-005,ESP32-1005,2026-04-29T18:00:00,59,22,0.2343,early_stage_healthy,inter_monsoon,cloudy_stable,28.54,74.46,62,76,112,212,0.2144,0.0,0.2659,not_ready,False,0,False
BH-EAR-005-024,HIVE-005,ESP32-1005,2026-04-30T00:00:00,60,25,0.2179,early_stage_healthy,inter_monsoon,cloudy_stable,28.45,72.07,60,70,115,222,0.2071,0.0,0.2607,not_ready,False,0,False
BH-EAR-005-025,HIVE-005,ESP32-1005,2026-04-30T06:00:00,60,22,0.2097,early_stage_healthy,inter_monsoon,cloudy_stable,29.16,70.62,56,76,114,215,0.1624,0.0,0.2205,not_ready,False,0,False
BH-EAR-005-026,HIVE-005,ESP32-1005,2026-04-30T12:00:00,61,20,0.2192,early_stage_healthy,inter_monsoon,post_rain,28.56,73.33,60,73,125,212,0.1672,0.0,0.2243,not_ready,False,0,False
BH-EAR-005-027,HIVE-005,ESP32-1005,2026-04-30T18:00:00,61,24,0.2395,early_stage_healthy,inter_monsoon,post_rain,28.42,75.17,66,73,133,203,0.2133,0.0,0.2663,not_ready,False,0,False
BH-EAR-005-028,HIVE-005,ESP32-1005,2026-05-01T00:00:00,62,20,0.229,early_stage_healthy,inter_monsoon,post_rain,28.33,75.8,69,76,115,201,0.1884,0.0,0.245,not_ready,False,0,False
BH-EAR-005-029,HIVE-005,ESP32-1005,2026-05-01T06:00:00,62,21,0.2294,early_stage_healthy,inter_monsoon,post_rain,28.21,75.94,64,83,121,204,0.2422,0.0,0.2925,not_ready,False,0,False
BH-EAR-005-030,HIVE-005,ESP32-1005,2026-05-01T12:00:00,63,18,0.2221,early_stage_healthy,inter_monsoon,stable_clear,28.8,76.01,55,76,118,196,0.1953,0.0,0.2502,not_ready,False,0,False
BH-EAR-005-031,HIVE-005,ESP32-1005,2026-05-01T18:00:00,63,24,0.2333,early_stage_healthy,inter_monsoon,stable_clear,29.35,74.98,58,78,121,198,0.1783,0.0,0.2351,not_ready,False,0,False
BH-EAR-005-032,HIVE-005,ESP32-1005,2026-05-02T00:00:00,64,29,0.2395,early_stage_healthy,inter_monsoon,stable_clear,29.59,74.34,60,73,129,197,0.1913,0.0,0.2473,not_ready,False,0,False
BH-EAR-005-033,HIVE-005,ESP32-1005,2026-05-02T06:00:00,64,22,0.2607,early_stage_healthy,inter_monsoon,stable_clear,29.97,73.44,57,73,119,204,0.2326,0.0,0.2832,not_ready,False,0,False
BH-EAR-005-034,HIVE-005,ESP32-1005,2026-05-02T12:00:00,65,26,0.2293,early_stage_healthy,inter_monsoon,stable_clear,29.49,70.62,49,70,117,203,0.2142,0.0,0.266,not_ready,False,0,False
BH-EAR-005-035,HIVE-005,ESP32-1005,2026-05-02T18:00:00,65,21,0.2634,early_stage_healthy,inter_monsoon,stable_clear,29.23,70.94,51,66,114,195,0.2628,0.0,0.3104,not_ready,False,0,False
BH-EAR-005-036,HIVE-005,ESP32-1005,2026-05-03T00:00:00,66,30,0.2503,early_stage_healthy,inter_monsoon,stable_clear,28.81,70.65,49,69,109,201,0.2289,0.0,0.2802,not_ready,False,0,False
BH-EAR-005-037,HIVE-005,ESP32-1005,2026-05-03T06:00:00,67,31,0.2664,early_stage_healthy,inter_monsoon,stable_clear,29.09,71.06,44,74,109,208,0.2617,0.0,0.3093,not_ready,False,0,False
BH-EAR-005-038,HIVE-005,ESP32-1005,2026-05-03T12:00:00,67,24,0.2437,early_stage_healthy,inter_monsoon,stable_clear,28.66,70.11,45,73,105,202,0.2418,0.0,0.2913,not_ready,False,0,False
BH-EAR-005-039,HIVE-005,ESP32-1005,2026-05-03T18:00:00,68,28,0.2796,early_stage_healthy,inter_monsoon,stable_clear,28.58,70.02,49,72,107,201,0.2785,0.0,0.3248,not_ready,False,0,False
BH-EAR-005-040,HIVE-005,ESP32-1005,2026-05-04T00:00:00,68,32,0.247,early_stage_healthy,inter_monsoon,cloudy_stable,28.32,70.59,52,65,109,196,0.2163,0.0,0.2693,not_ready,False,0,False
BH-EAR-005-041,HIVE-005,ESP32-1005,2026-05-04T06:00:00,69,27,0.2703,early_stage_healthy,inter_monsoon,cloudy_stable,28.51,71.61,55,62,111,199,0.2624,0.0,0.3099,not_ready,False,0,False
BH-EAR-005-042,HIVE-005,ESP32-1005,2026-05-04T12:00:00,69,24,0.2645,early_stage_healthy,inter_monsoon,cloudy_stable,28.44,71.44,48,71,109,206,0.2665,0.0,0.3139,not_ready,False,0,False
BH-EAR-005-043,HIVE-005,ESP32-1005,2026-05-04T18:00:00,70,30,0.261,early_stage_healthy,inter_monsoon,cloudy_stable,28.87,71.17,47,68,112,200,0.199,0.0,0.254,not_ready,False,0,False
BH-EAR-005-044,HIVE-005,ESP32-1005,2026-05-05T00:00:00,71,32,0.2725,early_stage_healthy,inter_monsoon,cloudy_stable,28.83,71.84,50,68,113,188,0.2265,0.0,0.2787,not_ready,False,0,False
BH-EAR-005-045,HIVE-005,ESP32-1005,2026-05-05T06:00:00,71,33,0.2765,early_stage_healthy,inter_monsoon,stable_clear,28.78,71.53,52,74,108,184,0.2314,0.0,0.2832,not_ready,False,0,False
BH-EAR-005-046,HIVE-005,ESP32-1005,2026-05-05T12:00:00,72,37,0.2922,early_stage_healthy,inter_monsoon,stable_clear,29.37,71.17,49,78,113,204,0.2845,0.0,0.3286,not_ready,False,0,False
BH-EAR-005-047,HIVE-005,ESP32-1005,2026-05-05T18:00:00,72,37,0.3056,early_stage_healthy,inter_monsoon,stable_clear,29.8,71.33,54,73,115,214,0.2345,0.0,0.2851,not_ready,False,0,False
BH-EAR-005-048,HIVE-005,ESP32-1005,2026-05-06T00:00:00,73,35,0.2728,early_stage_healthy,inter_monsoon,stable_clear,29.96,71.53,58,79,115,206,0.2305,0.0,0.2821,not_ready,False,0,False
BH-EAR-005-049,HIVE-005,ESP32-1005,2026-05-06T06:00:00,73,31,0.2964,early_stage_healthy,inter_monsoon,stable_clear,29.6,71.12,62,77,112,213,0.2623,0.0,0.3097,not_ready,False,0,False
BH-EAR-005-050,HIVE-005,ESP32-1005,2026-05-06T12:00:00,74,29,0.2956,early_stage_healthy,inter_monsoon,stable_clear,29.18,69.99,58,75,117,214,0.2594,0.0,0.3067,not_ready,False,0,False
BH-EAR-005-051,HIVE-005,ESP32-1005,2026-05-06T18:00:00,74,32,0.307,early_stage_healthy,inter_monsoon,cloudy_stable,28.61,71.47,51,72,113,202,0.2601,0.0,0.3067,not_ready,False,0,False
BH-EAR-005-052,HIVE-005,ESP32-1005,2026-05-07T00:00:00,75,38,0.3018,early_stage_healthy,inter_monsoon,cloudy_stable,28.62,72.01,48,75,116,196,0.286,0.0,0.3311,not_ready,False,0,False
BH-EAR-005-053,HIVE-005,ESP32-1005,2026-05-07T06:00:00,75,39,0.3046,early_stage_healthy,inter_monsoon,stable_clear,28.79,71.28,49,72,117,203,0.2866,0.0,0.3313,not_ready,False,0,False
BH-EAR-005-054,HIVE-005,ESP32-1005,2026-05-07T12:00:00,76,37,0.2941,early_stage_healthy,inter_monsoon,cloudy_stable,28.65,71.72,53,74,120,189,0.2584,0.0,0.3066,not_ready,False,0,False
BH-EAR-005-055,HIVE-005,ESP32-1005,2026-05-07T18:00:00,76,38,0.3207,early_stage_healthy,inter_monsoon,post_rain,28.56,72.03,64,85,131,202,0.2548,0.0,0.3032,not_ready,False,0,False
BH-EAR-005-056,HIVE-005,ESP32-1005,2026-05-08T00:00:00,77,34,0.3002,early_stage_healthy,inter_monsoon,post_rain,28.44,73.31,71,95,132,214,0.2668,0.0,0.3135,not_ready,False,0,False
BH-EAR-005-057,HIVE-005,ESP32-1005,2026-05-08T06:00:00,77,41,0.3238,early_stage_healthy,inter_monsoon,stable_clear,28.66,70.47,71,89,135,212,0.2991,0.0,0.3412,not_ready,False,0,False
BH-EAR-005-058,HIVE-005,ESP32-1005,2026-05-08T12:00:00,78,38,0.3222,early_stage_healthy,inter_monsoon,post_rain,28.79,72.37,77,83,139,214,0.3005,0.0,0.343,not_ready,False,0,False
BH-EAR-005-059,HIVE-005,ESP32-1005,2026-05-08T18:00:00,78,43,0.3072,early_stage_healthy,inter_monsoon,post_rain,28.89,73.4,74,86,142,230,0.2919,0.0,0.3358,not_ready,False,0,False
BH-EAR-005-060,HIVE-005,ESP32-1005,2026-05-09T00:00:00,79,36,0.3316,early_stage_healthy,inter_monsoon,post_rain,28.79,74.41,65,94,145,229,0.2481,0.0,0.2973,not_ready,False,0,False
BH-EAR-005-061,HIVE-005,ESP32-1005,2026-05-09T06:00:00,79,43,0.3171,early_stage_healthy,inter_monsoon,cloudy_stable,28.64,72.95,59,82,124,214,0.2745,0.0,0.3198,not_ready,False,0,False
BH-EAR-005-062,HIVE-005,ESP32-1005,2026-05-09T12:00:00,79,34,0.346,early_stage_healthy,inter_monsoon,cloudy_stable,28.59,71.62,57,79,121,203,0.2636,0.0,0.311,not_ready,False,0,False
BH-EAR-005-063,HIVE-005,ESP32-1005,2026-05-09T18:00:00,80,35,0.329,early_stage_healthy,inter_monsoon,cloudy_stable,28.68,71.91,50,73,122,198,0.2545,0.0,0.3033,not_ready,False,0,False
BH-EAR-005-064,HIVE-005,ESP32-1005,2026-05-10T00:00:00,80,45,0.327,early_stage_healthy,inter_monsoon,cloudy_stable,28.55,71.72,53,71,116,193,0.2856,0.0,0.3307,not_ready,False,0,False
BH-EAR-005-065,HIVE-005,ESP32-1005,2026-05-10T06:00:00,81,39,0.3321,early_stage_healthy,inter_monsoon,cloudy_stable,28.72,73.11,48,66,119,193,0.2514,0.0,0.3,not_ready,False,0,False
BH-EAR-005-066,HIVE-005,ESP32-1005,2026-05-10T12:00:00,81,46,0.3373,early_stage_healthy,inter_monsoon,cloudy_stable,28.64,73.87,55,76,117,189,0.2818,0.0,0.3271,not_ready,False,0,False
BH-EAR-005-067,HIVE-005,ESP32-1005,2026-05-10T18:00:00,81,39,0.34,early_stage_healthy,inter_monsoon,cloudy_stable,29.09,73.68,55,76,109,196,0.2772,0.0,0.3228,not_ready,False,0,False
BH-EAR-005-068,HIVE-005,ESP32-1005,2026-05-11T00:00:00,81,42,0.3176,early_stage_healthy,inter_monsoon,cloudy_stable,29.07,73.81,59,86,117,210,0.3083,0.0,0.3506,approaching,False,0,False
BH-EAR-005-069,HIVE-005,ESP32-1005,2026-05-11T06:00:00,82,46,0.3259,early_stage_healthy,inter_monsoon,stable_clear,28.97,72.82,54,86,122,207,0.2725,0.0,0.3189,not_ready,False,0,False
BH-EAR-005-070,HIVE-005,ESP32-1005,2026-05-11T12:00:00,82,42,0.3347,early_stage_healthy,inter_monsoon,humid_rain,28.6,76.35,63,87,130,213,0.3077,0.0,0.348,not_ready,False,0,False
BH-EAR-005-071,HIVE-005,ESP32-1005,2026-05-11T18:00:00,82,37,0.3538,early_stage_healthy,inter_monsoon,humid_rain,28.19,76.62,66,93,131,208,0.3143,0.0,0.3554,approaching,False,0,False
BH-EAR-005-072,HIVE-005,ESP32-1005,2026-05-12T00:00:00,82,38,0.3518,early_stage_healthy,inter_monsoon,humid_rain,27.57,77.49,67,94,131,206,0.3198,0.0,0.3597,approaching,False,0,False
BH-EAR-005-074,HIVE-005,ESP32-1005,2026-05-12T12:00:00,83,44,0.3405,early_stage_healthy,inter_monsoon,stable_clear,29.76,67.04,54,53,159,215,0.2739,0.0,0.3159,not_ready,False,0,False
BH-EAR-005-075,HIVE-005,ESP32-1005,2026-05-12T18:00:00,83,42,0.3534,early_stage_healthy,inter_monsoon,stable_clear,29.07,68.74,52,69,137,209,0.3007,0.0,0.3417,not_ready,False,0,False
BH-EAR-005-076,HIVE-005,ESP32-1005,2026-05-13T00:00:00,83,46,0.3388,early_stage_healthy,inter_monsoon,stable_clear,28.72,68.86,52,67,125,201,0.2738,0.0,0.3199,not_ready,False,0,False
BH-EAR-005-077,HIVE-005,ESP32-1005,2026-05-13T06:00:00,83,42,0.3294,early_stage_healthy,inter_monsoon,cloudy_stable,28.9,70.05,57,71,118,197,0.2509,0.0,0.2996,not_ready,False,0,False
BH-EAR-005-078,HIVE-005,ESP32-1005,2026-05-13T12:00:00,83,45,0.3522,early_stage_healthy,inter_monsoon,cloudy_stable,28.9,72.11,53,72,110,203,0.2811,0.0,0.3261,not_ready,False,0,False
BH-EAR-005-079,HIVE-005,ESP32-1005,2026-05-13T18:00:00,83,46,0.3531,early_stage_healthy,inter_monsoon,cloudy_stable,28.72,71.1,54,66,114,219,0.2838,0.0,0.3286,not_ready,False,0,False
BH-EAR-006-000,HIVE-006,ESP32-1006,2026-02-09T00:00:00,19,5,0.1459,early_stage_healthy,wet,humid_rain,29.09,72.39,78,77,118,191,0.0877,0.0,0.1551,not_ready,False,0,False
BH-EAR-006-001,HIVE-006,ESP32-1006,2026-02-09T06:00:00,19,5,0.1648,early_stage_healthy,wet,cloudy_stable,29.11,73.08,82,78,115,199,0.0938,0.0,0.1619,not_ready,False,0,False
BH-EAR-006-002,HIVE-006,ESP32-1006,2026-02-09T12:00:00,19,5,0.1641,early_stage_healthy,wet,cloudy_stable,29.07,73.84,86,82,109,197,0.1381,0.0,0.2008,not_ready,False,0,False
BH-EAR-006-003,HIVE-006,ESP32-1006,2026-02-09T18:00:00,19,5,0.148,early_stage_healthy,wet,storm_front,28.18,77.63,91,92,118,214,0.1162,0.0,0.1781,not_ready,False,0,False
BH-EAR-006-004,HIVE-006,ESP32-1006,2026-02-10T00:00:00,19,5,0.157,early_stage_healthy,wet,humid_rain,28.23,78.02,89,87,123,203,0.0847,0.0,0.1539,not_ready,False,0,False
BH-EAR-006-005,HIVE-006,ESP32-1006,2026-02-10T06:00:00,19,5,0.1419,early_stage_healthy,wet,humid_rain,28.27,78.53,89,86,126,190,0.1086,0.0,0.1751,not_ready,False,0,False
BH-EAR-006-006,HIVE-006,ESP32-1006,2026-02-10T12:00:00,19,5,0.1395,early_stage_healthy,wet,humid_rain,28.22,77.94,93,85,123,213,0.0764,0.0,0.1465,not_ready,False,0,False
BH-EAR-006-007,HIVE-006,ESP32-1006,2026-02-10T18:00:00,19,5,0.1636,early_stage_healthy,wet,humid_rain,28.21,79.31,90,83,127,214,0.1336,0.0,0.1968,not_ready,False,0,False
BH-EAR-006-008,HIVE-006,ESP32-1006,2026-02-11T00:00:00,20,6,0.1671,early_stage_healthy,wet,humid_rain,28.53,79.11,88,88,130,211,0.1191,0.0,0.1838,not_ready,False,0,False
BH-EAR-006-009,HIVE-006,ESP32-1006,2026-02-11T06:00:00,20,6,0.1558,early_stage_healthy,wet,post_rain,28.48,77.91,88,90,115,207,0.1309,0.0,0.1942,not_ready,False,0,False
BH-EAR-006-010,HIVE-006,ESP32-1006,2026-02-11T12:00:00,20,6,0.1727,early_stage_healthy,wet,storm_front,27.96,78.52,92,86,120,207,0.1195,0.0,0.1836,not_ready,False,0,False
BH-EAR-006-011,HIVE-006,ESP32-1006,2026-02-11T18:00:00,20,6,0.1814,early_stage_healthy,wet,storm_front,27.81,78.01,90,96,118,215,0.1114,0.0,0.1772,not_ready,False,0,False
BH-EAR-006-012,HIVE-006,ESP32-1006,2026-02-12T00:00:00,20,6,0.1585,early_stage_healthy,wet,storm_front,27.45,79.41,93,91,130,219,0.1089,0.0,0.1741,not_ready,False,0,False
BH-EAR-006-013,HIVE-006,ESP32-1006,2026-02-12T06:00:00,20,6,0.1821,early_stage_healthy,wet,storm_front,27.19,79.31,99,98,125,225,0.1065,0.0,0.1728,not_ready,False,0,False
BH-EAR-006-014,HIVE-006,ESP32-1006,2026-02-12T12:00:00,20,6,0.1576,early_stage_healthy,wet,post_rain,27.71,78.94,93,91,124,210,0.1029,0.0,0.1689,not_ready,False,0,False
BH-EAR-006-015,HIVE-006,ESP32-1006,2026-02-12T18:00:00,21,7,0.1612,early_stage_healthy,wet,post_rain,28.24,78.9,97,89,127,201,0.1135,0.0,0.1786,not_ready,False,0,False
BH-EAR-006-016,HIVE-006,ESP32-1006,2026-02-13T00:00:00,21,7,0.1955,early_stage_healthy,wet,post_rain,28.34,78.18,92,83,126,198,0.1445,0.0,0.2064,not_ready,False,0,False
BH-EAR-006-017,HIVE-006,ESP32-1006,2026-02-13T06:00:00,21,7,0.1983,early_stage_healthy,wet,post_rain,28.86,79.73,98,100,133,213,0.1076,0.0,0.1722,not_ready,False,0,False
BH-EAR-006-018,HIVE-006,ESP32-1006,2026-02-13T12:00:00,21,7,0.1908,early_stage_healthy,wet,post_rain,28.77,79.12,101,99,135,209,0.1119,0.0,0.1778,not_ready,False,0,False
BH-EAR-006-019,HIVE-006,ESP32-1006,2026-02-13T18:00:00,22,8,0.1722,early_stage_healthy,wet,post_rain,28.77,79.29,97,104,140,219,0.098,0.0,0.1658,not_ready,False,0,False
BH-EAR-006-020,HIVE-006,ESP32-1006,2026-02-14T00:00:00,22,8,0.204,early_stage_healthy,wet,humid_rain,28.63,80.32,103,107,132,220,0.1233,0.0,0.1874,not_ready,False,1,False
BH-EAR-006-021,HIVE-006,ESP32-1006,2026-02-14T06:00:00,22,8,0.1898,early_stage_healthy,wet,humid_rain,28.54,81.46,101,106,132,219,0.1137,0.0007,0.1789,not_ready,False,1,False
BH-EAR-006-022,HIVE-006,ESP32-1006,2026-02-14T12:00:00,22,8,0.1873,early_stage_healthy,wet,humid_rain,28.3,80.16,98,102,127,208,0.1109,0.0,0.1762,not_ready,False,1,False
BH-EAR-006-023,HIVE-006,ESP32-1006,2026-02-14T18:00:00,23,9,0.2103,early_stage_healthy,wet,post_rain,28.39,78.36,91,93,126,207,0.1348,0.0,0.1973,not_ready,False,0,False
BH-EAR-006-024,HIVE-006,ESP32-1006,2026-02-15T00:00:00,23,9,0.2094,early_stage_healthy,wet,post_rain,28.23,76.69,90,89,122,213,0.174,0.0,0.2318,not_ready,False,0,False
BH-EAR-006-025,HIVE-006,ESP32-1006,2026-02-15T06:00:00,23,9,0.2303,early_stage_healthy,wet,cloudy_stable,28.46,74.68,88,97,119,204,0.1837,0.0,0.2399,not_ready,False,0,False
BH-EAR-006-026,HIVE-006,ESP32-1006,2026-02-15T12:00:00,24,10,0.2201,early_stage_healthy,wet,storm_front,27.68,77.01,86,90,128,213,0.1538,0.0,0.2123,not_ready,False,0,False
BH-EAR-006-027,HIVE-006,ESP32-1006,2026-02-15T18:00:00,24,10,0.2258,early_stage_healthy,wet,storm_front,27.47,78.98,97,95,123,214,0.1837,0.0,0.24,not_ready,False,0,False
BH-EAR-006-028,HIVE-006,ESP32-1006,2026-02-16T00:00:00,24,10,0.2467,early_stage_healthy,wet,storm_front,27.73,79.47,93,98,137,209,0.1919,0.0,0.2478,not_ready,False,0,False
BH-EAR-006-029,HIVE-006,ESP32-1006,2026-02-16T06:00:00,24,10,0.2385,early_stage_healthy,wet,humid_rain,27.88,78.93,88,102,137,215,0.195,0.0,0.2507,not_ready,False,0,False
BH-EAR-006-030,HIVE-006,ESP32-1006,2026-02-16T12:00:00,25,11,0.2318,early_stage_healthy,wet,humid_rain,28.26,79.24,90,100,135,210,0.1792,0.0,0.2366,not_ready,False,0,False
BH-EAR-006-031,HIVE-006,ESP32-1006,2026-02-16T18:00:00,25,11,0.2532,early_stage_healthy,wet,humid_rain,28.64,78.82,94,96,128,210,0.1596,0.0,0.2193,not_ready,False,0,False
BH-EAR-006-032,HIVE-006,ESP32-1006,2026-02-17T00:00:00,25,11,0.2265,early_stage_healthy,wet,humid_rain,29.19,77.77,95,99,120,203,0.1853,0.0,0.2412,not_ready,False,0,False
BH-EAR-006-033,HIVE-006,ESP32-1006,2026-02-17T06:00:00,26,12,0.2625,early_stage_healthy,wet,post_rain,28.51,78.24,90,92,128,209,0.1975,0.0,0.2518,not_ready,False,0,False
BH-EAR-006-034,HIVE-006,ESP32-1006,2026-02-17T12:00:00,26,12,0.236,early_stage_healthy,wet,storm_front,28.04,79.01,87,102,126,214,0.1651,0.0,0.2236,not_ready,False,0,False
BH-EAR-006-035,HIVE-006,ESP32-1006,2026-02-17T18:00:00,26,12,0.2429,early_stage_healthy,wet,storm_front,27.48,79.33,94,104,129,219,0.1549,0.0,0.2148,not_ready,False,0,False
BH-EAR-006-036,HIVE-006,ESP32-1006,2026-02-18T00:00:00,27,13,0.2615,early_stage_healthy,wet,post_rain,27.95,77.83,95,96,132,216,0.1605,0.0,0.2193,not_ready,False,0,False
BH-EAR-006-037,HIVE-006,ESP32-1006,2026-02-18T06:00:00,27,13,0.2809,early_stage_healthy,wet,post_rain,28.02,77.76,90,94,131,220,0.2183,0.0,0.2717,not_ready,False,0,False
BH-EAR-006-038,HIVE-006,ESP32-1006,2026-02-18T12:00:00,27,13,0.2752,early_stage_healthy,wet,post_rain,28.73,78.95,93,96,127,214,0.1921,0.0,0.2468,not_ready,False,0,False
BH-EAR-006-039,HIVE-006,ESP32-1006,2026-02-18T18:00:00,28,14,0.2847,early_stage_healthy,wet,storm_front,28.71,79.66,98,98,130,216,0.1678,0.0,0.2271,not_ready,False,0,False
BH-EAR-006-040,HIVE-006,ESP32-1006,2026-02-19T00:00:00,28,14,0.2875,early_stage_healthy,wet,storm_front,28.61,78.46,106,96,133,221,0.1636,0.0,0.2229,not_ready,False,0,False
BH-EAR-006-041,HIVE-006,ESP32-1006,2026-02-19T06:00:00,29,15,0.2872,early_stage_healthy,wet,storm_front,28.23,79.2,103,99,127,223,0.2083,0.0,0.262,not_ready,False,0,False
BH-EAR-006-042,HIVE-006,ESP32-1006,2026-02-19T12:00:00,29,15,0.2751,early_stage_healthy,wet,storm_front,27.99,79.01,94,97,131,213,0.1637,0.0,0.2231,not_ready,False,0,False
BH-EAR-006-043,HIVE-006,ESP32-1006,2026-02-19T18:00:00,29,15,0.2846,early_stage_healthy,wet,storm_front,27.57,79.85,99,93,134,212,0.1764,0.0,0.2337,not_ready,False,0,False
BH-EAR-006-044,HIVE-006,ESP32-1006,2026-02-20T00:00:00,30,16,0.3109,early_stage_healthy,wet,humid_rain,28.46,78.02,98,97,126,214,0.1873,0.0,0.242,not_ready,False,0,False
BH-EAR-006-045,HIVE-006,ESP32-1006,2026-02-20T06:00:00,30,16,0.3184,early_stage_healthy,wet,post_rain,28.69,76.98,94,92,127,217,0.2225,0.0,0.2746,not_ready,False,0,False
BH-EAR-006-046,HIVE-006,ESP32-1006,2026-02-20T12:00:00,30,16,0.3014,early_stage_healthy,wet,post_rain,29.05,76.14,90,93,127,216,0.2172,0.0,0.2699,not_ready,False,0,False
BH-EAR-006-047,HIVE-006,ESP32-1006,2026-02-20T18:00:00,31,17,0.3333,early_stage_healthy,wet,storm_front,27.95,78.18,96,99,130,209,0.2225,0.0,0.2723,not_ready,False,0,False
BH-EAR-006-048,HIVE-006,ESP32-1006,2026-02-21T00:00:00,31,17,0.3298,early_stage_healthy,wet,post_rain,27.93,78.12,85,94,136,207,0.2381,0.0,0.289,not_ready,False,0,False
BH-EAR-006-049,HIVE-006,ESP32-1006,2026-02-21T06:00:00,31,17,0.3446,early_stage_healthy,wet,post_rain,28.25,77.75,89,94,132,204,0.2053,0.0,0.2597,not_ready,False,0,False
BH-EAR-006-050,HIVE-006,ESP32-1006,2026-02-21T12:00:00,32,18,0.3463,early_stage_healthy,wet,post_rain,28.24,77.76,87,96,125,208,0.2218,0.0,0.275,not_ready,False,0,False
BH-EAR-006-051,HIVE-006,ESP32-1006,2026-02-21T18:00:00,32,18,0.3491,early_stage_healthy,wet,storm_front,28.01,78.76,90,96,131,208,0.211,0.0,0.2646,not_ready,False,0,False
BH-EAR-006-052,HIVE-006,ESP32-1006,2026-02-22T00:00:00,32,18,0.3224,early_stage_healthy,wet,humid_rain,28.14,78.95,96,98,131,208,0.1827,0.0,0.2402,not_ready,False,0,False
BH-EAR-006-053,HIVE-006,ESP32-1006,2026-02-22T06:00:00,32,18,0.3376,early_stage_healthy,wet,humid_rain,27.87,78.52,90,97,127,220,0.2353,0.0,0.286,not_ready,False,0,False
BH-EAR-006-054,HIVE-006,ESP32-1006,2026-02-22T12:00:00,33,19,0.3342,early_stage_healthy,wet,humid_rain,28.07,78.19,92,98,124,223,0.2477,0.0,0.2973,not_ready,False,0,False
BH-EAR-006-055,HIVE-006,ESP32-1006,2026-02-22T18:00:00,33,19,0.3602,early_stage_healthy,wet,humid_rain,27.87,77.89,91,103,130,219,0.2595,0.0,0.3076,not_ready,False,0,False
BH-EAR-006-056,HIVE-006,ESP32-1006,2026-02-23T00:00:00,33,19,0.3715,early_stage_healthy,wet,humid_rain,28.59,78.75,91,101,128,228,0.2602,0.0,0.307,not_ready,False,0,False
BH-EAR-006-057,HIVE-006,ESP32-1006,2026-02-23T06:00:00,34,20,0.3655,early_stage_healthy,wet,humid_rain,28.46,78.47,93,94,140,219,0.2699,0.0,0.3167,not_ready,False,0,False
BH-EAR-006-058,HIVE-006,ESP32-1006,2026-02-23T12:00:00,34,20,0.384,early_stage_healthy,wet,humid_rain,28.25,77.78,102,92,135,203,0.2345,0.0,0.2852,not_ready,False,0,False
BH-EAR-006-059,HIVE-006,ESP32-1006,2026-02-23T18:00:00,34,20,0.3494,early_stage_healthy,wet,humid_rain,28.26,78.45,89,94,138,225,0.2061,0.0,0.2605,not_ready,False,0,False
BH-EAR-006-060,HIVE-006,ESP32-1006,2026-02-24T00:00:00,34,20,0.3799,early_stage_healthy,wet,post_rain,28.15,77.64,86,92,128,225,0.2424,0.0,0.2925,not_ready,False,0,False
BH-EAR-006-061,HIVE-006,ESP32-1006,2026-02-24T06:00:00,35,21,0.3918,early_stage_healthy,wet,post_rain,28.3,77.34,94,89,124,219,0.2217,0.0,0.2743,not_ready,False,0,False
BH-EAR-006-062,HIVE-006,ESP32-1006,2026-02-24T12:00:00,35,21,0.3791,early_stage_healthy,wet,humid_rain,28.47,77.8,90,87,125,222,0.2309,0.0,0.2825,not_ready,False,0,False
BH-EAR-006-063,HIVE-006,ESP32-1006,2026-02-24T18:00:00,35,21,0.3911,early_stage_healthy,wet,humid_rain,28.61,78.13,98,96,129,216,0.2421,0.0,0.2921,not_ready,False,0,False
BH-EAR-006-064,HIVE-006,ESP32-1006,2026-02-25T00:00:00,35,21,0.3832,early_stage_healthy,wet,humid_rain,28.44,78.12,87,94,137,208,0.2532,0.0,0.302,not_ready,False,0,False
BH-EAR-006-065,HIVE-006,ESP32-1006,2026-02-25T06:00:00,36,22,0.3798,early_stage_healthy,wet,storm_front,28.04,77.55,94,94,139,222,0.2568,0.0,0.3046,not_ready,False,0,False
BH-EAR-006-066,HIVE-006,ESP32-1006,2026-02-25T12:00:00,36,22,0.4084,early_stage_healthy,wet,storm_front,27.78,78.26,90,96,141,222,0.2742,0.0,0.3203,not_ready,False,0,False
BH-EAR-006-067,HIVE-006,ESP32-1006,2026-02-25T18:00:00,36,22,0.4125,early_stage_healthy,wet,post_rain,27.8,77.89,87,104,139,213,0.2384,0.0,0.2893,not_ready,False,0,False
BH-EAR-006-068,HIVE-006,ESP32-1006,2026-02-26T00:00:00,36,22,0.3833,early_stage_healthy,wet,post_rain,27.98,78.11,91,96,135,215,0.2243,0.0,0.2766,not_ready,False,0,False
BH-EAR-006-069,HIVE-006,ESP32-1006,2026-02-26T06:00:00,36,22,0.3819,early_stage_healthy,wet,post_rain,28.05,77.28,91,97,142,210,0.2831,0.0,0.3284,not_ready,False,0,False
BH-EAR-006-070,HIVE-006,ESP32-1006,2026-02-26T12:00:00,36,22,0.4142,early_stage_healthy,wet,post_rain,28.45,77.6,91,98,128,215,0.2546,0.0,0.3029,not_ready,False,0,False
BH-EAR-006-071,HIVE-006,ESP32-1006,2026-02-26T18:00:00,36,22,0.3903,early_stage_healthy,wet,humid_rain,28.09,78.03,92,96,130,201,0.229,0.0,0.2804,not_ready,False,0,False
BH-EAR-006-072,HIVE-006,ESP32-1006,2026-02-27T00:00:00,37,23,0.3869,early_stage_healthy,wet,humid_rain,27.92,79.27,91,99,132,199,0.2778,0.0,0.3234,not_ready,False,0,False
BH-EAR-006-073,HIVE-006,ESP32-1006,2026-02-27T06:00:00,37,23,0.4138,early_stage_healthy,wet,cloudy_stable,28.28,76.31,83,100,130,198,0.2482,0.0,0.2961,not_ready,False,0,False
BH-EAR-006-074,HIVE-006,ESP32-1006,2026-02-27T12:00:00,37,23,0.3957,early_stage_healthy,wet,post_rain,28.68,77.19,91,99,126,212,0.2807,0.0,0.3254,not_ready,False,0,False
BH-EAR-006-075,HIVE-006,ESP32-1006,2026-02-27T18:00:00,37,23,0.4228,early_stage_healthy,wet,post_rain,28.86,77.29,93,98,120,214,0.3057,0.0,0.3484,not_ready,False,0,False
BH-EAR-006-076,HIVE-006,ESP32-1006,2026-02-28T00:00:00,37,23,0.4172,early_stage_healthy,wet,post_rain,29.24,75.95,96,108,132,210,0.2607,0.0,0.3075,not_ready,False,0,False
BH-EAR-006-077,HIVE-006,ESP32-1006,2026-02-28T06:00:00,37,23,0.4143,early_stage_healthy,wet,post_rain,29.23,76.17,101,104,138,206,0.2529,0.0,0.3021,not_ready,False,0,False
BH-EAR-006-078,HIVE-006,ESP32-1006,2026-02-28T12:00:00,37,23,0.4132,early_stage_healthy,wet,storm_front,28.5,76.5,109,104,136,209,0.2755,0.0,0.3206,not_ready,False,0,False
BH-EAR-006-079,HIVE-006,ESP32-1006,2026-02-28T18:00:00,37,23,0.3904,early_stage_healthy,wet,storm_front,27.82,77.64,108,106,138,228,0.2171,0.0,0.2689,not_ready,False,0,False
BH-EAR-007-000,HIVE-007,ESP32-1007,2026-03-10T12:00:00,42,17,0.3054,early_stage_healthy,inter_monsoon,stable_clear,29.1,70.92,60,60,128,202,0.2462,0.0,0.2946,not_ready,False,0,False
BH-EAR-007-001,HIVE-007,ESP32-1007,2026-03-10T18:00:00,42,14,0.3134,early_stage_healthy,inter_monsoon,stable_clear,29.04,69.86,64,60,146,212,0.2416,0.0,0.2915,not_ready,False,0,False
BH-EAR-007-002,HIVE-007,ESP32-1007,2026-03-11T00:00:00,42,10,0.3084,early_stage_healthy,inter_monsoon,stable_clear,29.34,69.43,63,71,144,218,0.2025,0.0,0.257,not_ready,False,0,False
BH-EAR-007-003,HIVE-007,ESP32-1007,2026-03-11T06:00:00,42,16,0.3114,early_stage_healthy,inter_monsoon,stable_clear,29.27,69.25,62,80,134,207,0.2427,0.0,0.2929,not_ready,False,0,False
BH-EAR-007-004,HIVE-007,ESP32-1007,2026-03-11T12:00:00,42,9,0.3018,early_stage_healthy,inter_monsoon,stable_clear,29.29,69.04,65,78,142,200,0.2115,0.0,0.2657,not_ready,False,0,False
BH-EAR-007-005,HIVE-007,ESP32-1007,2026-03-11T18:00:00,42,17,0.3178,early_stage_healthy,inter_monsoon,stable_clear,29.62,68.84,67,72,141,206,0.1957,0.0,0.2512,not_ready,False,0,False
BH-EAR-007-006,HIVE-007,ESP32-1007,2026-03-12T00:00:00,42,15,0.3095,early_stage_healthy,inter_monsoon,stable_clear,29.5,69.47,70,74,144,203,0.2561,0.0,0.3046,not_ready,False,0,False
BH-EAR-007-007,HIVE-007,ESP32-1007,2026-03-12T06:00:00,42,14,0.3042,early_stage_healthy,inter_monsoon,post_rain,28.76,71.86,67,76,153,206,0.2328,0.0,0.282,not_ready,False,0,False
BH-EAR-007-008,HIVE-007,ESP32-1007,2026-03-12T12:00:00,42,8,0.3228,early_stage_healthy,inter_monsoon,post_rain,28.34,75.3,63,70,152,196,0.2427,0.0,0.2908,not_ready,False,0,False
BH-EAR-007-009,HIVE-007,ESP32-1007,2026-03-12T18:00:00,43,10,0.2919,early_stage_healthy,inter_monsoon,post_rain,28.61,76.7,65,79,165,207,0.1792,0.0,0.236,not_ready,False,0,False
BH-EAR-007-010,HIVE-007,ESP32-1007,2026-03-13T00:00:00,43,11,0.3338,early_stage_healthy,inter_monsoon,post_rain,28.21,75.77,76,77,156,213,0.2576,0.0,0.3051,not_ready,False,0,False
BH-EAR-007-011,HIVE-007,ESP32-1007,2026-03-13T06:00:00,43,12,0.319,early_stage_healthy,inter_monsoon,post_rain,27.75,76.43,72,73,151,209,0.212,0.0,0.2651,not_ready,False,0,False
BH-EAR-007-012,HIVE-007,ESP32-1007,2026-03-13T12:00:00,43,11,0.3205,early_stage_healthy,inter_monsoon,stable_clear,28.86,72.49,72,77,146,212,0.212,0.0,0.2623,not_ready,False,0,False
BH-EAR-007-013,HIVE-007,ESP32-1007,2026-03-13T18:00:00,43,16,0.315,early_stage_healthy,inter_monsoon,stable_clear,29.31,70.43,63,77,141,212,0.1889,0.0,0.2441,not_ready,False,0,False
BH-EAR-007-014,HIVE-007,ESP32-1007,2026-03-14T00:00:00,43,10,0.3208,early_stage_healthy,inter_monsoon,cloudy_stable,28.84,71.88,70,69,135,214,0.2079,0.0,0.261,not_ready,False,0,False
BH-EAR-007-015,HIVE-007,ESP32-1007,2026-03-14T06:00:00,43,17,0.3185,early_stage_healthy,inter_monsoon,humid_rain,28.59,75.4,77,82,152,214,0.2522,0.0,0.2992,not_ready,False,0,False
BH-EAR-007-016,HIVE-007,ESP32-1007,2026-03-14T12:00:00,43,14,0.329,early_stage_healthy,inter_monsoon,stable_clear,29.17,71.98,71,79,143,207,0.2552,0.0,0.3015,not_ready,False,0,False
BH-EAR-007-017,HIVE-007,ESP32-1007,2026-03-14T18:00:00,44,11,0.328,early_stage_healthy,inter_monsoon,stable_clear,29.62,71.83,68,75,145,214,0.2121,0.0,0.2654,not_ready,False,0,False
BH-EAR-007-018,HIVE-007,ESP32-1007,2026-03-15T00:00:00,44,10,0.3477,early_stage_healthy,inter_monsoon,stable_clear,29.23,71.65,63,69,142,204,0.2088,0.0,0.2625,not_ready,False,0,False
BH-EAR-007-019,HIVE-007,ESP32-1007,2026-03-15T06:00:00,44,16,0.3573,early_stage_healthy,inter_monsoon,stable_clear,29.62,71.58,70,73,137,202,0.2337,0.0,0.2845,not_ready,False,0,False
BH-EAR-007-020,HIVE-007,ESP32-1007,2026-03-15T12:00:00,44,14,0.3583,early_stage_healthy,inter_monsoon,stable_clear,29.24,69.98,65,76,138,207,0.2674,0.0,0.3135,not_ready,False,0,False
BH-EAR-007-021,HIVE-007,ESP32-1007,2026-03-15T18:00:00,44,15,0.3382,early_stage_healthy,inter_monsoon,humid_rain,28.63,74.75,74,76,154,222,0.1928,0.0,0.2457,not_ready,False,0,False
BH-EAR-007-022,HIVE-007,ESP32-1007,2026-03-16T00:00:00,45,16,0.3632,early_stage_healthy,inter_monsoon,humid_rain,27.69,76.55,81,79,149,221,0.2515,0.0,0.2983,not_ready,False,0,False
BH-EAR-007-023,HIVE-007,ESP32-1007,2026-03-16T06:00:00,45,18,0.3421,early_stage_healthy,inter_monsoon,humid_rain,28.06,77.72,79,81,145,218,0.2058,0.0,0.2597,not_ready,False,0,False
BH-EAR-007-024,HIVE-007,ESP32-1007,2026-03-16T12:00:00,45,20,0.3432,early_stage_healthy,inter_monsoon,post_rain,28.3,77.54,73,80,150,217,0.2466,0.0,0.2963,not_ready,False,0,False
BH-EAR-007-025,HIVE-007,ESP32-1007,2026-03-16T18:00:00,45,13,0.3803,early_stage_healthy,inter_monsoon,humid_rain,28.06,78.4,80,83,156,209,0.2929,0.0,0.3365,not_ready,False,0,False
BH-EAR-007-026,HIVE-007,ESP32-1007,2026-03-17T00:00:00,46,18,0.3861,early_stage_healthy,inter_monsoon,humid_rain,27.94,78.83,82,84,163,203,0.2609,0.0,0.3089,not_ready,False,0,False
BH-EAR-007-027,HIVE-007,ESP32-1007,2026-03-17T06:00:00,46,12,0.3842,early_stage_healthy,inter_monsoon,humid_rain,28.04,78.93,82,91,169,213,0.2452,0.0,0.2952,not_ready,False,0,False
BH-EAR-007-028,HIVE-007,ESP32-1007,2026-03-17T12:00:00,46,14,0.3759,early_stage_healthy,inter_monsoon,post_rain,27.91,78.14,84,87,159,207,0.2601,0.0,0.3079,not_ready,False,0,False
BH-EAR-007-029,HIVE-007,ESP32-1007,2026-03-17T18:00:00,46,12,0.3801,early_stage_healthy,inter_monsoon,stable_clear,28.73,74.52,76,80,142,202,0.2497,0.0,0.2958,not_ready,False,0,False
BH-EAR-007-030,HIVE-007,ESP32-1007,2026-03-18T00:00:00,47,17,0.3983,early_stage_healthy,inter_monsoon,stable_clear,28.63,71.81,71,74,143,210,0.2497,0.0,0.2979,not_ready,False,0,False
BH-EAR-007-031,HIVE-007,ESP32-1007,2026-03-18T06:00:00,47,23,0.4144,early_stage_healthy,inter_monsoon,stable_clear,28.97,71.17,74,75,151,206,0.3092,0.0,0.3509,approaching,False,0,False
BH-EAR-007-032,HIVE-007,ESP32-1007,2026-03-18T12:00:00,47,13,0.396,early_stage_healthy,inter_monsoon,stable_clear,29.35,69.95,75,89,147,204,0.2445,0.0,0.2935,not_ready,False,0,False
BH-EAR-007-033,HIVE-007,ESP32-1007,2026-03-18T18:00:00,47,13,0.4,early_stage_healthy,inter_monsoon,humid_rain,28.38,73.28,81,88,145,211,0.2492,0.0,0.2955,not_ready,False,0,False
BH-EAR-007-034,HIVE-007,ESP32-1007,2026-03-19T00:00:00,48,22,0.3945,early_stage_healthy,inter_monsoon,stable_clear,28.93,71.47,77,86,144,204,0.2567,0.0,0.3038,not_ready,False,0,False
BH-EAR-007-035,HIVE-007,ESP32-1007,2026-03-19T06:00:00,48,15,0.4166,early_stage_healthy,inter_monsoon,stable_clear,29.59,71.36,76,84,150,205,0.2761,0.0,0.3214,not_ready,False,0,False
BH-EAR-007-036,HIVE-007,ESP32-1007,2026-03-19T12:00:00,48,15,0.4225,early_stage_healthy,inter_monsoon,stable_clear,29.91,71.94,75,87,155,211,0.319,0.0,0.3596,approaching,False,0,False
BH-EAR-007-037,HIVE-007,ESP32-1007,2026-03-19T18:00:00,48,18,0.4411,early_stage_healthy,inter_monsoon,cloudy_stable,29.76,74.28,81,82,159,211,0.2815,0.0,0.326,not_ready,False,0,False
BH-EAR-007-038,HIVE-007,ESP32-1007,2026-03-20T00:00:00,49,15,0.4177,early_stage_healthy,inter_monsoon,cloudy_stable,29.45,74.75,82,88,156,211,0.2962,0.0,0.3397,not_ready,False,0,False
BH-EAR-007-039,HIVE-007,ESP32-1007,2026-03-20T06:00:00,49,25,0.4472,early_stage_healthy,inter_monsoon,cloudy_stable,29.66,74.24,82,83,157,221,0.2831,0.0,0.3283,not_ready,False,0,False
BH-EAR-007-040,HIVE-007,ESP32-1007,2026-03-20T12:00:00,49,17,0.4501,early_stage_healthy,inter_monsoon,cloudy_stable,29.8,75.57,73,86,169,216,0.3145,0.0,0.3554,approaching,False,0,False
BH-EAR-007-041,HIVE-007,ESP32-1007,2026-03-20T18:00:00,49,25,0.4474,early_stage_healthy,inter_monsoon,cloudy_stable,29.23,74.65,63,76,157,212,0.3256,0.0,0.3644,approaching,False,0,False
BH-EAR-007-042,HIVE-007,ESP32-1007,2026-03-21T00:00:00,50,21,0.4521,early_stage_healthy,inter_monsoon,cloudy_stable,28.87,73.16,65,73,155,220,0.309,0.0,0.3503,approaching,False,0,False
BH-EAR-007-043,HIVE-007,ESP32-1007,2026-03-21T06:00:00,50,17,0.4554,early_stage_healthy,inter_monsoon,cloudy_stable,29.05,71.85,68,72,154,203,0.3118,0.0,0.3532,approaching,False,0,False
BH-EAR-007-044,HIVE-007,ESP32-1007,2026-03-21T12:00:00,50,21,0.4437,early_stage_healthy,inter_monsoon,cloudy_stable,28.74,72.62,71,74,157,197,0.3001,0.0,0.3428,not_ready,False,0,False
BH-EAR-007-045,HIVE-007,ESP32-1007,2026-03-21T18:00:00,50,24,0.447,early_stage_healthy,inter_monsoon,stable_clear,28.93,70.7,66,81,164,215,0.3114,0.0,0.3522,approaching,False,0,False
BH-EAR-007-046,HIVE-007,ESP32-1007,2026-03-22T00:00:00,51,17,0.4846,early_stage_healthy,inter_monsoon,cloudy_stable,28.77,71.07,72,82,159,214,0.3416,0.0,0.3799,approaching,False,0,False
BH-EAR-007-047,HIVE-007,ESP32-1007,2026-03-22T06:00:00,51,26,0.4669,early_stage_healthy,inter_monsoon,cloudy_stable,28.79,71.64,71,83,163,220,0.2842,0.0,0.3297,not_ready,False,0,False
BH-EAR-007-048,HIVE-007,ESP32-1007,2026-03-22T12:00:00,51,23,0.4865,early_stage_healthy,inter_monsoon,cloudy_stable,28.47,72.83,65,87,157,205,0.2948,0.0,0.3378,not_ready,False,0,False
BH-EAR-007-049,HIVE-007,ESP32-1007,2026-03-22T18:00:00,51,17,0.4713,early_stage_healthy,inter_monsoon,cloudy_stable,28.67,72.7,70,77,143,206,0.3264,0.0,0.3662,approaching,False,0,False
BH-EAR-007-050,HIVE-007,ESP32-1007,2026-03-23T00:00:00,52,23,0.5106,early_stage_healthy,inter_monsoon,cloudy_stable,28.75,71.72,64,72,143,211,0.3506,0.0,0.3876,approaching,False,0,False
BH-EAR-007-051,HIVE-007,ESP32-1007,2026-03-23T06:00:00,52,21,0.4991,early_stage_healthy,inter_monsoon,stable_clear,29.54,70.97,73,86,148,218,0.3519,0.0,0.3871,approaching,False,0,False
BH-EAR-007-052,HIVE-007,ESP32-1007,2026-03-23T12:00:00,52,19,0.4878,early_stage_healthy,inter_monsoon,stable_clear,29.93,69.96,74,78,147,215,0.2989,0.0,0.3415,not_ready,False,0,False
BH-EAR-007-053,HIVE-007,ESP32-1007,2026-03-23T18:00:00,52,27,0.5089,early_stage_healthy,inter_monsoon,stable_clear,29.97,69.21,82,80,151,217,0.3623,0.0,0.3981,approaching,False,0,False
BH-EAR-007-054,HIVE-007,ESP32-1007,2026-03-24T00:00:00,53,20,0.5165,early_stage_healthy,inter_monsoon,stable_clear,30.17,69.64,78,78,154,213,0.3313,0.0,0.3707,approaching,False,0,False
BH-EAR-007-055,HIVE-007,ESP32-1007,2026-03-24T06:00:00,53,19,0.5023,early_stage_healthy,inter_monsoon,stable_clear,31.02,69.71,81,73,158,215,0.3282,0.0,0.3668,approaching,False,0,False
BH-EAR-007-056,HIVE-007,ESP32-1007,2026-03-24T12:00:00,53,23,0.514,early_stage_healthy,inter_monsoon,stable_clear,31.4,68.23,80,78,156,217,0.3202,0.0,0.3602,approaching,False,0,False
BH-EAR-007-057,HIVE-007,ESP32-1007,2026-03-24T18:00:00,53,22,0.5027,early_stage_healthy,inter_monsoon,stable_clear,30.68,68.99,76,79,153,212,0.3252,0.0,0.3642,approaching,False,0,False
BH-EAR-007-058,HIVE-007,ESP32-1007,2026-03-25T00:00:00,54,23,0.5264,early_stage_healthy,inter_monsoon,stable_clear,30.06,69.67,70,82,147,201,0.3192,0.0,0.359,approaching,False,0,False
BH-EAR-007-060,HIVE-007,ESP32-1007,2026-03-25T12:00:00,54,27,0.5179,early_stage_healthy,inter_monsoon,stable_clear,31.15,74.54,102,95,198,253,0.3122,0.0,0.3474,not_ready,False,0,False
BH-EAR-007-061,HIVE-007,ESP32-1007,2026-03-25T18:00:00,54,20,0.5516,early_stage_healthy,inter_monsoon,stable_clear,30.73,73.31,88,87,178,227,0.3434,0.0,0.3798,approaching,False,0,False
BH-EAR-007-062,HIVE-007,ESP32-1007,2026-03-26T00:00:00,54,23,0.5223,early_stage_healthy,inter_monsoon,stable_clear,30.31,71.95,78,84,168,206,0.3424,0.0,0.3792,approaching,False,0,False
BH-EAR-007-063,HIVE-007,ESP32-1007,2026-03-26T06:00:00,55,24,0.5288,early_stage_healthy,inter_monsoon,stable_clear,29.64,70.06,71,73,159,212,0.3317,0.0,0.3692,approaching,False,0,False
BH-EAR-007-064,HIVE-007,ESP32-1007,2026-03-26T12:00:00,55,31,0.5301,early_stage_healthy,inter_monsoon,stable_clear,29.96,70.35,68,76,151,204,0.3684,0.0,0.4031,approaching,False,0,False
BH-EAR-007-065,HIVE-007,ESP32-1007,2026-03-26T18:00:00,55,26,0.5463,early_stage_healthy,inter_monsoon,stable_clear,29.79,70.91,74,79,147,200,0.3818,0.0,0.4151,approaching,False,0,False
BH-EAR-007-066,HIVE-007,ESP32-1007,2026-03-27T00:00:00,55,29,0.5614,early_stage_healthy,inter_monsoon,stable_clear,29.23,70.23,67,76,147,208,0.3449,0.0,0.3818,approaching,False,0,False
BH-EAR-007-067,HIVE-007,ESP32-1007,2026-03-27T06:00:00,55,22,0.5552,early_stage_healthy,inter_monsoon,humid_rain,28.81,74.39,77,86,146,226,0.3622,0.0,0.3954,approaching,False,0,False
BH-EAR-007-068,HIVE-007,ESP32-1007,2026-03-27T12:00:00,55,29,0.5656,early_stage_healthy,inter_monsoon,humid_rain,28.47,76.01,89,86,145,237,0.3763,0.0,0.4094,approaching,False,0,False
BH-EAR-007-069,HIVE-007,ESP32-1007,2026-03-27T18:00:00,55,22,0.5808,early_stage_healthy,inter_monsoon,cloudy_stable,28.6,74.45,79,77,144,224,0.3741,0.0,0.4077,approaching,False,0,False
BH-EAR-007-070,HIVE-007,ESP32-1007,2026-03-28T00:00:00,55,26,0.5639,early_stage_healthy,inter_monsoon,cloudy_stable,28.81,73.42,77,76,144,222,0.3758,0.0,0.4097,approaching,False,0,False
BH-EAR-007-071,HIVE-007,ESP32-1007,2026-03-28T06:00:00,56,31,0.565,early_stage_healthy,inter_monsoon,cloudy_stable,29.36,71.16,77,79,145,205,0.3589,0.0,0.3934,approaching,False,0,False
BH-EAR-007-072,HIVE-007,ESP32-1007,2026-03-28T12:00:00,56,25,0.5809,early_stage_healthy,inter_monsoon,post_rain,29.16,72.42,79,84,159,217,0.3463,0.0,0.3833,approaching,False,0,False
BH-EAR-007-073,HIVE-007,ESP32-1007,2026-03-28T18:00:00,56,26,0.5768,early_stage_healthy,inter_monsoon,post_rain,29.26,74.04,71,88,161,222,0.3694,0.0,0.4038,approaching,False,0,False
BH-EAR-007-074,HIVE-007,ESP32-1007,2026-03-29T00:00:00,56,28,0.5522,early_stage_healthy,inter_monsoon,post_rain,29.07,75.23,78,82,165,219,0.3452,0.0,0.3825,approaching,False,0,False
BH-EAR-007-075,HIVE-007,ESP32-1007,2026-03-29T06:00:00,56,30,0.5667,early_stage_healthy,inter_monsoon,post_rain,28.82,74.98,76,90,162,220,0.3836,0.0,0.4167,approaching,False,0,False
BH-EAR-007-076,HIVE-007,ESP32-1007,2026-03-29T12:00:00,56,29,0.5809,early_stage_healthy,inter_monsoon,post_rain,29.02,74.14,73,90,158,221,0.3711,0.0,0.4056,approaching,False,0,False
BH-EAR-007-077,HIVE-007,ESP32-1007,2026-03-29T18:00:00,56,27,0.5671,early_stage_healthy,inter_monsoon,post_rain,28.86,75.62,77,91,160,224,0.3637,0.0,0.3989,approaching,False,0,False
BH-EAR-007-078,HIVE-007,ESP32-1007,2026-03-30T00:00:00,56,29,0.5811,early_stage_healthy,inter_monsoon,post_rain,28.69,76.25,77,92,161,223,0.4121,0.0,0.442,approaching,False,0,False
BH-EAR-007-079,HIVE-007,ESP32-1007,2026-03-30T06:00:00,56,29,0.5866,early_stage_healthy,inter_monsoon,post_rain,28.76,76.03,76,90,165,221,0.3507,0.0,0.3883,approaching,False,0,False
BH-EAR-008-000,HIVE-008,ESP32-1008,2026-02-10T16:00:00,39,13,0.0974,early_stage_healthy,wet,storm_front,28.15,78.84,72,101,163,187,0.1084,0.0,0.1733,not_ready,False,0,False
BH-EAR-008-001,HIVE-008,ESP32-1008,2026-02-10T22:00:00,39,15,0.1272,early_stage_healthy,wet,post_rain,28.35,81.04,73,109,161,201,0.1085,0.02,0.1627,not_ready,False,1,False
BH-EAR-008-002,HIVE-008,ESP32-1008,2026-02-11T04:00:00,39,17,0.1321,early_stage_healthy,wet,post_rain,28.28,81.49,71,108,167,200,0.1407,0.0,0.2033,not_ready,False,1,False
BH-EAR-008-003,HIVE-008,ESP32-1008,2026-02-11T10:00:00,39,9,0.0962,early_stage_healthy,wet,storm_front,27.79,83.61,82,109,174,197,0.1152,0.0599,0.1461,not_ready,False,1,False
BH-EAR-008-004,HIVE-008,ESP32-1008,2026-02-11T16:00:00,39,13,0.1135,early_stage_healthy,wet,storm_front,27.55,84.33,81,111,172,203,0.1293,0.0385,0.1716,not_ready,False,1,False
BH-EAR-008-005,HIVE-008,ESP32-1008,2026-02-11T22:00:00,39,14,0.1349,early_stage_healthy,wet,cloudy_stable,28.36,82.42,79,104,170,197,0.1369,0.0264,0.1832,not_ready,False,1,False
BH-EAR-008-006,HIVE-008,ESP32-1008,2026-02-12T04:00:00,39,10,0.111,early_stage_healthy,wet,cloudy_stable,28.39,80.87,77,105,160,202,0.1389,0.0,0.2012,not_ready,False,1,False
BH-EAR-008-007,HIVE-008,ESP32-1008,2026-02-12T10:00:00,39,18,0.1237,early_stage_healthy,wet,cloudy_stable,28.8,80.29,79,107,159,206,0.1269,0.0,0.1904,not_ready,False,1,False
BH-EAR-008-008,HIVE-008,ESP32-1008,2026-02-12T16:00:00,39,18,0.1317,early_stage_healthy,wet,post_rain,28.56,82.98,82,111,152,200,0.1341,0.0284,0.1804,not_ready,False,1,False
BH-EAR-008-009,HIVE-008,ESP32-1008,2026-02-12T22:00:00,39,9,0.1234,early_stage_healthy,wet,post_rain,28.55,83.2,80,117,146,189,0.1103,0.0001,0.1765,not_ready,False,1,False
BH-EAR-008-010,HIVE-008,ESP32-1008,2026-02-13T04:00:00,39,11,0.1131,early_stage_healthy,wet,humid_rain,28.39,85.37,78,109,147,204,0.1343,0.0402,0.1744,not_ready,False,1,False
BH-EAR-008-011,HIVE-008,ESP32-1008,2026-02-13T10:00:00,40,10,0.1335,early_stage_healthy,wet,cloudy_stable,28.34,83.0,74,104,144,204,0.1471,0.0287,0.1922,not_ready,False,1,False
BH-EAR-008-012,HIVE-008,ESP32-1008,2026-02-13T16:00:00,40,10,0.1074,early_stage_healthy,wet,cloudy_stable,28.52,81.83,74,102,144,203,0.1355,0.0,0.1982,not_ready,False,1,False
BH-EAR-008-013,HIVE-008,ESP32-1008,2026-02-13T22:00:00,40,14,0.1307,early_stage_healthy,wet,cloudy_stable,28.6,80.65,72,103,144,196,0.1568,0.0,0.2171,not_ready,False,1,False
BH-EAR-008-014,HIVE-008,ESP32-1008,2026-02-14T04:00:00,40,17,0.1244,early_stage_healthy,wet,cloudy_stable,28.43,79.82,68,99,144,195,0.1485,0.0,0.2097,not_ready,False,0,False
BH-EAR-008-015,HIVE-008,ESP32-1008,2026-02-14T10:00:00,40,14,0.113,early_stage_healthy,wet,post_rain,28.16,81.7,73,101,145,190,0.1068,0.0067,0.1687,not_ready,False,1,False
BH-EAR-008-016,HIVE-008,ESP32-1008,2026-02-14T16:00:00,40,14,0.1138,early_stage_healthy,wet,humid_rain,27.72,84.02,69,106,158,192,0.1485,0.0707,0.1694,not_ready,False,1,False
BH-EAR-008-017,HIVE-008,ESP32-1008,2026-02-14T22:00:00,40,18,0.1388,early_stage_healthy,wet,humid_rain,27.89,84.58,82,108,154,207,0.1126,0.0246,0.1644,not_ready,False,1,False
BH-EAR-008-018,HIVE-008,ESP32-1008,2026-02-15T04:00:00,40,13,0.1461,early_stage_healthy,wet,humid_rain,27.82,84.78,93,108,162,210,0.1132,0.076,0.1372,not_ready,False,1,False
BH-EAR-008-019,HIVE-008,ESP32-1008,2026-02-15T10:00:00,41,19,0.1256,early_stage_healthy,wet,humid_rain,28.41,83.35,95,115,172,208,0.1247,0.0235,0.1746,not_ready,False,1,False
BH-EAR-008-020,HIVE-008,ESP32-1008,2026-02-15T16:00:00,41,12,0.1371,early_stage_healthy,wet,humid_rain,28.71,83.5,90,125,173,214,0.1464,0.006,0.2045,not_ready,False,1,False
BH-EAR-008-021,HIVE-008,ESP32-1008,2026-02-15T22:00:00,41,19,0.1506,early_stage_healthy,wet,humid_rain,28.66,84.6,89,126,177,217,0.1254,0.0361,0.1698,not_ready,False,1,False
BH-EAR-008-022,HIVE-008,ESP32-1008,2026-02-16T04:00:00,41,20,0.1478,early_stage_healthy,wet,humid_rain,29.04,84.53,97,123,183,230,0.1407,0.07,0.1641,not_ready,False,1,False
BH-EAR-008-023,HIVE-008,ESP32-1008,2026-02-16T10:00:00,41,12,0.1576,early_stage_healthy,wet,humid_rain,28.84,84.77,95,120,177,237,0.1413,0.0417,0.1806,not_ready,False,1,False
BH-EAR-008-024,HIVE-008,ESP32-1008,2026-02-16T16:00:00,41,16,0.1506,early_stage_healthy,wet,humid_rain,28.56,84.91,88,119,176,223,0.1739,0.0232,0.2194,not_ready,False,1,False
BH-EAR-008-025,HIVE-008,ESP32-1008,2026-02-16T22:00:00,42,14,0.1233,early_stage_healthy,wet,humid_rain,28.65,85.04,85,113,173,209,0.159,0.0704,0.1806,not_ready,False,1,False
BH-EAR-008-026,HIVE-008,ESP32-1008,2026-02-17T04:00:00,42,19,0.1437,early_stage_healthy,wet,post_rain,28.4,83.94,90,107,175,197,0.135,0.0449,0.1727,not_ready,False,1,False
BH-EAR-008-027,HIVE-008,ESP32-1008,2026-02-17T10:00:00,42,21,0.1479,early_stage_healthy,wet,post_rain,28.04,83.65,79,99,171,198,0.1265,0.0618,0.156,not_ready,False,1,False
BH-EAR-008-028,HIVE-008,ESP32-1008,2026-02-17T16:00:00,42,14,0.1456,early_stage_healthy,wet,humid_rain,28.07,84.88,88,105,167,205,0.1345,0.0671,0.1604,not_ready,False,1,False
BH-EAR-008-029,HIVE-008,ESP32-1008,2026-02-17T22:00:00,42,17,0.1467,early_stage_healthy,wet,storm_front,27.29,85.24,86,109,174,209,0.1568,0.0538,0.1864,not_ready,False,1,False
BH-EAR-008-030,HIVE-008,ESP32-1008,2026-02-18T04:00:00,43,19,0.1603,early_stage_healthy,wet,storm_front,27.34,86.2,92,112,165,213,0.1625,0.0548,0.192,not_ready,False,1,False
BH-EAR-008-031,HIVE-008,ESP32-1008,2026-02-18T10:00:00,43,14,0.1487,early_stage_healthy,wet,storm_front,27.52,85.24,86,114,159,209,0.1636,0.0373,0.2023,not_ready,False,1,False
BH-EAR-008-032,HIVE-008,ESP32-1008,2026-02-18T16:00:00,43,20,0.1463,early_stage_healthy,wet,post_rain,27.45,84.33,83,103,158,205,0.1344,0.0159,0.1886,not_ready,False,1,False
BH-EAR-008-033,HIVE-008,ESP32-1008,2026-02-18T22:00:00,43,17,0.1467,early_stage_healthy,wet,storm_front,27.06,85.21,94,111,163,205,0.1147,0.047,0.1535,not_ready,False,1,False
BH-EAR-008-034,HIVE-008,ESP32-1008,2026-02-19T04:00:00,43,17,0.1609,early_stage_healthy,wet,storm_front,27.02,85.38,89,113,177,206,0.1751,0.0551,0.2033,not_ready,False,1,False
BH-EAR-008-035,HIVE-008,ESP32-1008,2026-02-19T10:00:00,44,20,0.1526,early_stage_healthy,wet,storm_front,26.66,86.61,87,111,172,211,0.1759,0.0822,0.1881,not_ready,False,1,False
BH-EAR-008-036,HIVE-008,ESP32-1008,2026-02-19T16:00:00,44,14,0.1656,early_stage_healthy,wet,humid_rain,26.96,85.4,89,111,164,207,0.1341,0.0501,0.1691,not_ready,False,1,False
BH-EAR-008-037,HIVE-008,ESP32-1008,2026-02-19T22:00:00,44,13,0.1665,early_stage_healthy,wet,humid_rain,27.32,85.56,91,104,169,211,0.1728,0.0836,0.185,not_ready,False,1,False
BH-EAR-008-038,HIVE-008,ESP32-1008,2026-02-20T04:00:00,44,15,0.1755,early_stage_healthy,wet,humid_rain,27.88,84.87,86,112,173,211,0.1746,0.059,0.1994,not_ready,False,1,False
BH-EAR-008-039,HIVE-008,ESP32-1008,2026-02-20T10:00:00,44,19,0.1637,early_stage_healthy,wet,humid_rain,28.08,84.95,79,112,156,209,0.1213,0.0721,0.1462,not_ready,False,1,False
BH-EAR-008-040,HIVE-008,ESP32-1008,2026-02-20T16:00:00,45,14,0.1804,early_stage_healthy,wet,humid_rain,28.56,85.07,86,122,160,197,0.1502,0.0786,0.1674,not_ready,False,1,False
BH-EAR-008-041,HIVE-008,ESP32-1008,2026-02-20T22:00:00,45,20,0.1856,early_stage_healthy,wet,humid_rain,28.3,84.65,86,125,168,200,0.1767,0.0593,0.202,not_ready,False,1,False
BH-EAR-008-042,HIVE-008,ESP32-1008,2026-02-21T04:00:00,45,16,0.1757,early_stage_healthy,wet,humid_rain,27.55,84.93,88,120,166,209,0.1603,0.0707,0.1803,not_ready,False,1,False
BH-EAR-008-043,HIVE-008,ESP32-1008,2026-02-21T10:00:00,45,20,0.1815,early_stage_healthy,wet,humid_rain,27.55,84.22,89,115,167,207,0.1892,0.0683,0.2084,not_ready,False,1,False
BH-EAR-008-044,HIVE-008,ESP32-1008,2026-02-21T16:00:00,45,21,0.1756,early_stage_healthy,wet,humid_rain,27.68,84.26,84,113,171,203,0.1838,0.0184,0.2311,not_ready,False,1,False
BH-EAR-008-045,HIVE-008,ESP32-1008,2026-02-21T22:00:00,46,15,0.177,early_stage_healthy,wet,humid_rain,27.96,85.21,81,112,175,206,0.1267,0.0379,0.1695,not_ready,False,1,False
BH-EAR-008-046,HIVE-008,ESP32-1008,2026-02-22T04:00:00,46,23,0.1691,early_stage_healthy,wet,humid_rain,28.15,85.08,80,112,167,205,0.173,0.0428,0.2081,not_ready,False,1,False
BH-EAR-008-047,HIVE-008,ESP32-1008,2026-02-22T10:00:00,46,19,0.1743,early_stage_healthy,wet,post_rain,28.63,84.94,82,118,169,196,0.1242,0.0575,0.1564,not_ready,False,1,False
BH-EAR-008-048,HIVE-008,ESP32-1008,2026-02-22T16:00:00,46,24,0.1932,early_stage_healthy,wet,post_rain,28.86,84.36,77,106,171,209,0.1522,0.0608,0.1792,not_ready,False,1,False
BH-EAR-008-049,HIVE-008,ESP32-1008,2026-02-22T22:00:00,46,25,0.2127,early_stage_healthy,wet,post_rain,28.71,84.21,77,107,165,203,0.2014,0.0105,0.2509,not_ready,False,1,False
BH-EAR-008-050,HIVE-008,ESP32-1008,2026-02-23T04:00:00,47,19,0.2121,early_stage_healthy,wet,post_rain,28.52,83.53,78,105,165,216,0.178,0.0356,0.2161,not_ready,False,1,False
BH-EAR-008-051,HIVE-008,ESP32-1008,2026-02-23T10:00:00,47,23,0.2041,early_stage_healthy,wet,post_rain,28.47,83.45,75,101,163,199,0.1684,0.0075,0.2235,not_ready,False,1,False
BH-EAR-008-052,HIVE-008,ESP32-1008,2026-02-23T16:00:00,47,18,0.1927,early_stage_healthy,wet,storm_front,27.41,84.34,82,109,165,208,0.1833,0.0691,0.2003,not_ready,False,1,False
BH-EAR-008-053,HIVE-008,ESP32-1008,2026-02-23T22:00:00,47,25,0.2176,early_stage_healthy,wet,storm_front,27.56,85.2,84,110,172,221,0.168,0.0459,0.2016,not_ready,False,1,False
BH-EAR-008-054,HIVE-008,ESP32-1008,2026-02-24T04:00:00,47,20,0.1943,early_stage_healthy,wet,cloudy_stable,28.2,83.15,77,105,170,213,0.1619,0.0184,0.2098,not_ready,False,1,False
BH-EAR-008-055,HIVE-008,ESP32-1008,2026-02-24T10:00:00,48,20,0.1984,early_stage_healthy,wet,cloudy_stable,28.43,81.94,71,100,164,204,0.1634,0.0,0.2224,not_ready,False,1,False
BH-EAR-008-056,HIVE-008,ESP32-1008,2026-02-24T16:00:00,48,27,0.2058,early_stage_healthy,wet,cloudy_stable,28.32,81.75,74,96,153,198,0.153,0.028,0.1986,not_ready,False,1,False
BH-EAR-008-057,HIVE-008,ESP32-1008,2026-02-24T22:00:00,48,24,0.2032,early_stage_healthy,wet,cloudy_stable,28.16,80.29,75,103,158,189,0.1693,0.0,0.2277,not_ready,False,1,False
BH-EAR-008-058,HIVE-008,ESP32-1008,2026-02-25T04:00:00,48,19,0.2082,early_stage_healthy,wet,cloudy_stable,28.69,80.3,79,108,165,196,0.1828,0.0,0.2394,not_ready,False,1,False
BH-EAR-008-059,HIVE-008,ESP32-1008,2026-02-25T10:00:00,48,18,0.2321,early_stage_healthy,wet,humid_rain,28.19,82.67,84,110,166,195,0.201,0.0467,0.2289,not_ready,False,1,False
BH-EAR-008-060,HIVE-008,ESP32-1008,2026-02-25T16:00:00,48,25,0.2117,early_stage_healthy,wet,cloudy_stable,28.51,81.33,79,104,162,195,0.1449,0.0,0.206,not_ready,False,1,False
BH-EAR-008-061,HIVE-008,ESP32-1008,2026-02-25T22:00:00,49,19,0.2125,early_stage_healthy,wet,storm_front,27.88,84.38,85,117,175,211,0.1836,0.0686,0.2004,not_ready,False,1,False
BH-EAR-008-062,HIVE-008,ESP32-1008,2026-02-26T04:00:00,49,26,0.2276,early_stage_healthy,wet,storm_front,27.69,84.49,88,113,173,216,0.2026,0.0221,0.2455,not_ready,False,1,False
BH-EAR-008-063,HIVE-008,ESP32-1008,2026-02-26T10:00:00,49,19,0.2057,early_stage_healthy,wet,humid_rain,27.77,84.86,86,115,168,226,0.1771,0.0448,0.2106,not_ready,False,1,False
BH-EAR-008-065,HIVE-008,ESP32-1008,2026-02-26T22:00:00,49,18,0.2202,early_stage_healthy,wet,humid_rain,29.76,89.28,68,105,151,277,0.1314,0.2912,0.0,not_ready,False,1,True
BH-EAR-008-066,HIVE-008,ESP32-1008,2026-02-27T04:00:00,49,24,0.2036,early_stage_healthy,wet,humid_rain,28.9,88.08,75,110,153,233,0.1676,0.2067,0.0509,not_ready,False,1,True
BH-EAR-008-067,HIVE-008,ESP32-1008,2026-02-27T10:00:00,49,19,0.2109,early_stage_healthy,wet,humid_rain,28.12,86.43,83,114,160,220,0.1575,0.0585,0.1836,not_ready,False,1,False
BH-EAR-008-068,HIVE-008,ESP32-1008,2026-02-27T16:00:00,49,25,0.2158,early_stage_healthy,wet,humid_rain,27.95,85.77,88,112,172,213,0.1584,0.0817,0.1735,not_ready,False,1,False
BH-EAR-008-069,HIVE-008,ESP32-1008,2026-02-27T22:00:00,50,23,0.2063,early_stage_healthy,wet,humid_rain,27.98,86.4,88,117,187,210,0.2028,0.0956,0.2051,not_ready,False,1,False
BH-EAR-008-070,HIVE-008,ESP32-1008,2026-02-28T04:00:00,50,23,0.222,early_stage_healthy,wet,storm_front,27.68,87.08,93,110,187,204,0.1959,0.0591,0.2186,not_ready,False,1,False
BH-EAR-008-071,HIVE-008,ESP32-1008,2026-02-28T10:00:00,50,27,0.2284,early_stage_healthy,wet,storm_front,27.4,86.77,94,121,185,216,0.1808,0.093,0.1869,not_ready,False,1,False
BH-EAR-008-072,HIVE-008,ESP32-1008,2026-02-28T16:00:00,50,28,0.2165,early_stage_healthy,wet,storm_front,26.97,86.64,92,112,175,214,0.1849,0.0922,0.1906,not_ready,False,1,False
BH-EAR-008-073,HIVE-008,ESP32-1008,2026-02-28T22:00:00,50,22,0.2146,early_stage_healthy,wet,storm_front,27.25,87.38,92,117,178,204,0.1763,0.1192,0.1685,not_ready,False,1,False
BH-EAR-008-074,HIVE-008,ESP32-1008,2026-03-01T04:00:00,50,28,0.2222,early_stage_healthy,wet,storm_front,26.89,87.85,95,118,175,209,0.1987,0.105,0.196,not_ready,False,1,False
BH-EAR-008-075,HIVE-008,ESP32-1008,2026-03-01T10:00:00,50,20,0.2435,early_stage_healthy,wet,storm_front,27.09,87.64,92,119,172,214,0.2249,0.0961,0.2244,not_ready,False,1,False
BH-EAR-008-076,HIVE-008,ESP32-1008,2026-03-01T16:00:00,50,26,0.2495,early_stage_healthy,wet,storm_front,27.23,86.57,96,118,170,217,0.2185,0.095,0.2191,not_ready,False,1,False
BH-EAR-008-077,HIVE-008,ESP32-1008,2026-03-01T22:00:00,50,26,0.2488,early_stage_healthy,wet,humid_rain,27.45,85.39,96,115,167,213,0.1836,0.0444,0.216,not_ready,False,1,False
BH-EAR-008-078,HIVE-008,ESP32-1008,2026-03-02T04:00:00,50,23,0.224,early_stage_healthy,wet,humid_rain,27.77,85.42,88,111,176,223,0.1551,0.0437,0.1913,not_ready,False,1,False
BH-EAR-008-079,HIVE-008,ESP32-1008,2026-03-02T10:00:00,50,28,0.2273,early_stage_healthy,wet,cloudy_stable,28.33,83.24,80,107,158,202,0.188,0.0531,0.2134,not_ready,False,1,False
BH-EAR-009-000,HIVE-009,ESP32-1009,2026-02-09T20:00:00,28,14,0.2612,early_stage_healthy,wet,humid_rain,29.17,68.99,68,89,154,182,0.2084,0.0,0.2613,not_ready,False,0,False
BH-EAR-009-001,HIVE-009,ESP32-1009,2026-02-10T02:00:00,28,14,0.2596,early_stage_healthy,wet,humid_rain,29.05,72.09,76,103,171,199,0.1964,0.0,0.2503,not_ready,False,0,False
BH-EAR-009-002,HIVE-009,ESP32-1009,2026-02-10T08:00:00,28,9,0.2426,early_stage_healthy,wet,humid_rain,29.25,73.12,79,103,181,206,0.1756,0.0,0.2333,not_ready,False,0,False
BH-EAR-009-003,HIVE-009,ESP32-1009,2026-02-10T14:00:00,28,14,0.2472,early_stage_healthy,wet,humid_rain,29.2,74.86,86,109,181,209,0.2048,0.0,0.259,not_ready,False,0,False
BH-EAR-009-004,HIVE-009,ESP32-1009,2026-02-10T20:00:00,28,12,0.2427,early_stage_healthy,wet,humid_rain,29.43,75.07,86,118,176,208,0.1737,0.0,0.232,not_ready,False,0,False
BH-EAR-009-005,HIVE-009,ESP32-1009,2026-02-11T02:00:00,28,14,0.2743,early_stage_healthy,wet,humid_rain,28.88,74.6,88,114,179,211,0.1907,0.0,0.2463,not_ready,False,0,False
BH-EAR-009-006,HIVE-009,ESP32-1009,2026-02-11T08:00:00,29,15,0.2545,early_stage_healthy,wet,humid_rain,28.84,74.84,84,105,168,210,0.2016,0.0,0.2568,not_ready,False,0,False
BH-EAR-009-007,HIVE-009,ESP32-1009,2026-02-11T14:00:00,29,15,0.2707,early_stage_healthy,wet,humid_rain,28.45,77.11,79,107,180,206,0.1884,0.0,0.2436,not_ready,False,0,False
BH-EAR-009-008,HIVE-009,ESP32-1009,2026-02-11T20:00:00,29,10,0.259,early_stage_healthy,wet,humid_rain,28.41,78.2,79,113,181,209,0.1744,0.0,0.2327,not_ready,False,0,False
BH-EAR-009-009,HIVE-009,ESP32-1009,2026-02-12T02:00:00,29,9,0.2484,early_stage_healthy,wet,humid_rain,28.33,77.88,83,115,183,204,0.1914,0.0,0.2479,not_ready,False,0,False
BH-EAR-009-010,HIVE-009,ESP32-1009,2026-02-12T08:00:00,29,15,0.253,early_stage_healthy,wet,post_rain,28.06,78.54,82,116,190,198,0.1982,0.0,0.2533,not_ready,False,0,False
BH-EAR-009-011,HIVE-009,ESP32-1009,2026-02-12T14:00:00,30,16,0.2721,early_stage_healthy,wet,post_rain,27.76,78.56,77,113,191,221,0.1784,0.0,0.2359,not_ready,False,0,False
BH-EAR-009-012,HIVE-009,ESP32-1009,2026-02-12T20:00:00,30,13,0.2606,early_stage_healthy,wet,post_rain,28.63,75.6,82,107,178,206,0.1371,0.0,0.197,not_ready,False,0,False
BH-EAR-009-013,HIVE-009,ESP32-1009,2026-02-13T02:00:00,30,13,0.2642,early_stage_healthy,wet,storm_front,28.41,76.88,84,111,187,202,0.2087,0.0,0.2624,not_ready,False,0,False
BH-EAR-009-014,HIVE-009,ESP32-1009,2026-02-13T08:00:00,31,17,0.2562,early_stage_healthy,wet,storm_front,28.49,76.36,80,109,175,192,0.1901,0.0,0.2465,not_ready,False,0,False
BH-EAR-009-015,HIVE-009,ESP32-1009,2026-02-13T14:00:00,31,14,0.2922,early_stage_healthy,wet,storm_front,28.63,76.47,85,110,179,197,0.1868,0.0,0.2438,not_ready,False,0,False
BH-EAR-009-016,HIVE-009,ESP32-1009,2026-02-13T20:00:00,32,16,0.2957,early_stage_healthy,wet,humid_rain,28.97,77.15,78,117,183,193,0.2352,0.0,0.2856,not_ready,False,0,False
BH-EAR-009-017,HIVE-009,ESP32-1009,2026-02-14T02:00:00,32,17,0.2736,early_stage_healthy,wet,humid_rain,29.43,77.76,80,125,190,196,0.2136,0.0,0.2664,not_ready,False,0,False
BH-EAR-009-018,HIVE-009,ESP32-1009,2026-02-14T08:00:00,32,16,0.2819,early_stage_healthy,wet,humid_rain,29.43,78.8,82,118,185,199,0.1989,0.0,0.2543,not_ready,False,0,False
BH-EAR-009-019,HIVE-009,ESP32-1009,2026-02-14T14:00:00,33,19,0.2946,early_stage_healthy,wet,humid_rain,28.84,77.84,83,118,171,208,0.1994,0.0,0.2536,not_ready,False,0,False
BH-EAR-009-020,HIVE-009,ESP32-1009,2026-02-14T20:00:00,33,19,0.2895,early_stage_healthy,wet,humid_rain,28.37,76.03,76,121,176,188,0.1855,0.0,0.241,not_ready,False,0,False
BH-EAR-009-021,HIVE-009,ESP32-1009,2026-02-15T02:00:00,34,20,0.2817,early_stage_healthy,wet,humid_rain,28.57,75.24,78,116,167,206,0.1706,0.0,0.2289,not_ready,False,0,False
BH-EAR-009-022,HIVE-009,ESP32-1009,2026-02-15T08:00:00,34,17,0.3165,early_stage_healthy,wet,storm_front,28.15,75.17,85,117,185,205,0.1891,0.0,0.2452,not_ready,False,0,False
BH-EAR-009-023,HIVE-009,ESP32-1009,2026-02-15T14:00:00,35,21,0.2875,early_stage_healthy,wet,storm_front,27.76,74.79,85,119,190,199,0.2126,0.0,0.266,not_ready,False,0,False
BH-EAR-009-024,HIVE-009,ESP32-1009,2026-02-15T20:00:00,36,22,0.326,early_stage_healthy,wet,cloudy_stable,28.52,73.32,79,114,175,191,0.2498,0.0,0.2971,not_ready,False,0,False
BH-EAR-009-025,HIVE-009,ESP32-1009,2026-02-16T02:00:00,36,22,0.3236,early_stage_healthy,wet,cloudy_stable,29.0,71.83,73,107,171,184,0.2365,0.0,0.286,not_ready,False,0,False
BH-EAR-009-026,HIVE-009,ESP32-1009,2026-02-16T08:00:00,37,18,0.3121,early_stage_healthy,wet,storm_front,28.68,74.62,74,119,183,204,0.1869,0.0,0.2419,not_ready,False,0,False
BH-EAR-009-027,HIVE-009,ESP32-1009,2026-02-16T14:00:00,37,22,0.3376,early_stage_healthy,wet,storm_front,28.36,74.73,85,128,189,214,0.2576,0.0,0.3054,not_ready,False,0,False
BH-EAR-009-028,HIVE-009,ESP32-1009,2026-02-16T20:00:00,38,19,0.3402,early_stage_healthy,wet,humid_rain,28.36,75.66,90,117,186,225,0.263,0.0,0.3106,not_ready,False,0,False
BH-EAR-009-029,HIVE-009,ESP32-1009,2026-02-17T02:00:00,38,24,0.3119,early_stage_healthy,wet,humid_rain,28.61,76.69,88,121,186,223,0.1969,0.0,0.2521,not_ready,False,0,False
BH-EAR-009-030,HIVE-009,ESP32-1009,2026-02-17T08:00:00,39,23,0.3345,early_stage_healthy,wet,humid_rain,29.03,77.61,91,116,182,221,0.2302,0.0,0.281,not_ready,False,0,False
BH-EAR-009-031,HIVE-009,ESP32-1009,2026-02-17T14:00:00,40,26,0.3339,early_stage_healthy,wet,humid_rain,29.51,77.45,87,117,187,201,0.245,0.0,0.2942,not_ready,False,0,False
BH-EAR-009-032,HIVE-009,ESP32-1009,2026-02-17T20:00:00,40,22,0.357,early_stage_healthy,wet,humid_rain,29.55,77.57,87,117,192,207,0.2721,0.0,0.3192,not_ready,False,0,False
BH-EAR-009-033,HIVE-009,ESP32-1009,2026-02-18T02:00:00,41,27,0.3279,early_stage_healthy,wet,humid_rain,29.23,75.75,80,118,186,196,0.2268,0.0,0.2778,not_ready,False,0,False
BH-EAR-009-034,HIVE-009,ESP32-1009,2026-02-18T08:00:00,41,27,0.3406,early_stage_healthy,wet,humid_rain,29.13,76.36,83,117,175,187,0.2107,0.0,0.2647,not_ready,False,0,False
BH-EAR-009-035,HIVE-009,ESP32-1009,2026-02-18T14:00:00,42,28,0.3417,early_stage_healthy,wet,humid_rain,28.95,76.2,78,103,178,192,0.2252,0.0,0.2773,not_ready,False,0,False
BH-EAR-009-036,HIVE-009,ESP32-1009,2026-02-18T20:00:00,43,28,0.3728,early_stage_healthy,wet,humid_rain,29.07,76.05,80,107,169,207,0.2481,0.0,0.2976,not_ready,False,0,False
BH-EAR-009-037,HIVE-009,ESP32-1009,2026-02-19T02:00:00,43,29,0.3489,early_stage_healthy,wet,humid_rain,28.68,76.47,93,122,174,212,0.2494,0.0,0.2978,not_ready,False,0,False
BH-EAR-009-038,HIVE-009,ESP32-1009,2026-02-19T08:00:00,44,30,0.3789,early_stage_healthy,wet,humid_rain,28.39,76.35,92,124,177,218,0.2885,0.0,0.3331,not_ready,False,0,False
BH-EAR-009-039,HIVE-009,ESP32-1009,2026-02-19T14:00:00,45,25,0.3869,early_stage_healthy,wet,humid_rain,28.39,75.95,85,119,184,214,0.2481,0.0,0.2978,not_ready,False,0,False
BH-EAR-009-040,HIVE-009,ESP32-1009,2026-02-19T20:00:00,45,30,0.3657,early_stage_healthy,wet,humid_rain,28.51,76.19,85,116,183,200,0.2606,0.0,0.3088,not_ready,False,0,False
BH-EAR-009-041,HIVE-009,ESP32-1009,2026-02-20T02:00:00,46,32,0.3673,early_stage_healthy,wet,storm_front,28.24,76.9,81,117,184,198,0.2635,0.0,0.3109,not_ready,False,0,False
BH-EAR-009-042,HIVE-009,ESP32-1009,2026-02-20T08:00:00,47,29,0.3729,early_stage_healthy,wet,storm_front,27.93,76.71,73,114,180,202,0.2703,0.0,0.3169,not_ready,False,0,False
BH-EAR-009-043,HIVE-009,ESP32-1009,2026-02-20T14:00:00,47,33,0.3846,early_stage_healthy,wet,storm_front,27.77,76.4,78,109,177,208,0.2459,0.0,0.2956,not_ready,False,0,False
BH-EAR-009-044,HIVE-009,ESP32-1009,2026-02-20T20:00:00,48,32,0.3933,early_stage_healthy,wet,storm_front,27.48,75.79,76,113,190,206,0.2565,0.0,0.3045,not_ready,False,0,False
BH-EAR-009-045,HIVE-009,ESP32-1009,2026-02-21T02:00:00,49,32,0.413,early_stage_healthy,wet,storm_front,27.66,76.24,78,112,189,200,0.3123,0.0,0.3541,approaching,False,0,False
BH-EAR-009-046,HIVE-009,ESP32-1009,2026-02-21T08:00:00,49,29,0.4037,early_stage_healthy,wet,storm_front,27.94,75.81,81,113,180,202,0.261,0.0,0.3087,not_ready,False,0,False
BH-EAR-009-047,HIVE-009,ESP32-1009,2026-02-21T14:00:00,50,35,0.4211,early_stage_healthy,wet,storm_front,27.8,76.84,84,117,179,191,0.2857,0.0,0.3304,not_ready,False,0,False
BH-EAR-009-048,HIVE-009,ESP32-1009,2026-02-21T20:00:00,50,36,0.3999,early_stage_healthy,wet,storm_front,27.85,76.53,81,114,182,201,0.2469,0.0,0.2967,not_ready,False,0,False
BH-EAR-009-049,HIVE-009,ESP32-1009,2026-02-22T02:00:00,51,37,0.4269,early_stage_healthy,wet,post_rain,28.02,76.33,79,110,179,205,0.3027,0.0,0.3457,not_ready,False,0,False
BH-EAR-009-050,HIVE-009,ESP32-1009,2026-02-22T08:00:00,52,38,0.4043,early_stage_healthy,wet,post_rain,28.11,75.48,85,104,181,198,0.2649,0.0,0.3122,not_ready,False,0,False
BH-EAR-009-051,HIVE-009,ESP32-1009,2026-02-22T14:00:00,52,33,0.4112,early_stage_healthy,wet,post_rain,28.27,74.84,84,117,180,200,0.2932,0.0,0.3371,not_ready,False,0,False
BH-EAR-009-052,HIVE-009,ESP32-1009,2026-02-22T20:00:00,53,35,0.4321,early_stage_healthy,wet,post_rain,28.42,74.76,73,110,181,193,0.2689,0.0,0.3159,not_ready,False,0,False
BH-EAR-009-053,HIVE-009,ESP32-1009,2026-02-23T02:00:00,53,39,0.4239,early_stage_healthy,wet,post_rain,28.93,74.58,75,108,182,202,0.2874,0.0,0.3317,not_ready,False,0,False
BH-EAR-009-054,HIVE-009,ESP32-1009,2026-02-23T08:00:00,54,37,0.4378,early_stage_healthy,wet,post_rain,29.03,74.48,81,113,183,197,0.279,0.0,0.325,not_ready,False,0,False
BH-EAR-009-055,HIVE-009,ESP32-1009,2026-02-23T14:00:00,54,39,0.4312,early_stage_healthy,wet,storm_front,28.95,75.9,84,114,171,214,0.2735,0.0,0.3195,not_ready,False,0,False
BH-EAR-009-056,HIVE-009,ESP32-1009,2026-02-23T20:00:00,55,41,0.4563,early_stage_healthy,wet,storm_front,28.46,75.16,82,115,175,209,0.3074,0.0,0.349,not_ready,False,0,False
BH-EAR-009-057,HIVE-009,ESP32-1009,2026-02-24T02:00:00,56,42,0.4578,early_stage_healthy,wet,storm_front,27.83,76.38,80,113,183,209,0.3352,0.0,0.3729,approaching,False,0,False
BH-EAR-009-058,HIVE-009,ESP32-1009,2026-02-24T08:00:00,56,36,0.4705,early_stage_healthy,wet,storm_front,28.16,76.92,86,115,184,207,0.2886,0.0,0.3329,not_ready,False,0,False
BH-EAR-009-059,HIVE-009,ESP32-1009,2026-02-24T14:00:00,57,40,0.4563,early_stage_healthy,wet,storm_front,28.05,76.55,81,111,182,202,0.3361,0.0,0.3751,approaching,False,0,False
BH-EAR-009-060,HIVE-009,ESP32-1009,2026-02-24T20:00:00,57,43,0.4617,early_stage_healthy,wet,storm_front,28.01,76.42,86,119,184,208,0.3421,0.0,0.3806,approaching,False,0,False
BH-EAR-009-061,HIVE-009,ESP32-1009,2026-02-25T02:00:00,58,40,0.4704,early_stage_healthy,wet,storm_front,28.07,76.14,80,126,175,205,0.2958,0.0,0.3397,not_ready,False,0,False
BH-EAR-009-062,HIVE-009,ESP32-1009,2026-02-25T08:00:00,58,40,0.4743,early_stage_healthy,wet,storm_front,28.42,75.48,85,116,181,212,0.3427,0.0,0.3801,approaching,False,0,False
BH-EAR-009-063,HIVE-009,ESP32-1009,2026-02-25T14:00:00,58,42,0.453,early_stage_healthy,wet,storm_front,28.1,76.02,93,111,182,207,0.341,0.0,0.3788,approaching,False,0,False
BH-EAR-009-064,HIVE-009,ESP32-1009,2026-02-25T20:00:00,59,45,0.4736,early_stage_healthy,wet,humid_rain,28.55,76.72,93,111,166,206,0.3455,0.0,0.3826,approaching,False,0,False
BH-EAR-009-066,HIVE-009,ESP32-1009,2026-02-26T08:00:00,60,42,0.4809,early_stage_healthy,wet,cloudy_stable,28.86,68.93,97,126,224,192,0.2969,0.0,0.3386,not_ready,False,0,False
BH-EAR-009-067,HIVE-009,ESP32-1009,2026-02-26T14:00:00,60,45,0.4652,early_stage_healthy,wet,post_rain,29.15,71.28,94,123,207,201,0.3466,0.0,0.3829,approaching,False,0,False
BH-EAR-009-068,HIVE-009,ESP32-1009,2026-02-26T20:00:00,60,44,0.4848,early_stage_healthy,wet,post_rain,29.52,73.85,90,123,195,209,0.3144,0.0,0.3544,approaching,False,0,False
BH-EAR-009-069,HIVE-009,ESP32-1009,2026-02-27T02:00:00,61,42,0.5025,early_stage_healthy,wet,post_rain,29.24,74.5,85,122,187,208,0.358,0.0,0.394,approaching,False,0,False
BH-EAR-009-070,HIVE-009,ESP32-1009,2026-02-27T08:00:00,61,42,0.4678,early_stage_healthy,wet,post_rain,29.04,74.99,89,114,188,215,0.3013,0.0,0.3442,not_ready,False,0,False
BH-EAR-009-071,HIVE-009,ESP32-1009,2026-02-27T14:00:00,61,47,0.5006,early_stage_healthy,wet,post_rain,29.0,75.04,88,114,173,201,0.3366,0.0,0.3757,approaching,False,0,False
BH-EAR-009-072,HIVE-009,ESP32-1009,2026-02-27T20:00:00,61,46,0.5079,early_stage_healthy,wet,post_rain,29.11,74.3,79,115,168,193,0.3804,0.0,0.4138,approaching,False,0,False
BH-EAR-009-073,HIVE-009,ESP32-1009,2026-02-28T02:00:00,61,45,0.4905,early_stage_healthy,wet,humid_rain,28.87,74.98,69,119,172,211,0.3185,0.0,0.3589,approaching,False,0,False
BH-EAR-009-074,HIVE-009,ESP32-1009,2026-02-28T08:00:00,62,48,0.5017,early_stage_healthy,wet,storm_front,28.44,75.09,80,111,177,214,0.3367,0.0,0.375,approaching,False,0,False
BH-EAR-009-075,HIVE-009,ESP32-1009,2026-02-28T14:00:00,62,43,0.5014,early_stage_healthy,wet,post_rain,28.78,73.92,81,114,178,205,0.3192,0.0,0.3595,approaching,False,0,False
BH-EAR-009-076,HIVE-009,ESP32-1009,2026-02-28T20:00:00,62,48,0.4909,early_stage_healthy,wet,post_rain,29.34,73.44,74,115,180,197,0.3613,0.0,0.3964,approaching,False,0,False
BH-EAR-009-077,HIVE-009,ESP32-1009,2026-03-01T02:00:00,62,48,0.4966,early_stage_healthy,wet,post_rain,29.22,73.89,73,113,181,204,0.3731,0.0,0.4077,approaching,False,0,False
BH-EAR-009-078,HIVE-009,ESP32-1009,2026-03-01T08:00:00,62,43,0.5025,early_stage_healthy,wet,post_rain,29.02,73.74,79,111,186,197,0.3671,0.0,0.4023,approaching,False,0,False
BH-EAR-009-079,HIVE-009,ESP32-1009,2026-03-01T14:00:00,62,47,0.5029,early_stage_healthy,wet,cloudy_stable,29.52,72.55,79,105,182,189,0.3149,0.0,0.3553,approaching,False,0,False
BH-MID-010-000,HIVE-010,ESP32-1010,2026-02-02T12:00:00,84,10,0.5421,mid_stage_stable,inter_monsoon,post_rain,30.53,73.06,95,99,183,249,0.5536,0.0,0.5651,approaching,False,0,False
BH-MID-010-001,HIVE-010,ESP32-1010,2026-02-02T18:00:00,84,13,0.5566,mid_stage_stable,inter_monsoon,post_rain,30.78,74.77,97,106,174,261,0.5631,0.0,0.5737,approaching,False,0,False
BH-MID-010-002,HIVE-010,ESP32-1010,2026-02-03T00:00:00,84,15,0.5518,mid_stage_stable,inter_monsoon,post_rain,30.98,75.81,95,105,188,257,0.5181,0.0,0.5348,approaching,False,0,False
BH-MID-010-003,HIVE-010,ESP32-1010,2026-02-03T06:00:00,84,13,0.553,mid_stage_stable,inter_monsoon,cloudy_stable,31.09,74.94,99,108,188,262,0.5238,0.0,0.5401,approaching,False,0,False
BH-MID-010-004,HIVE-010,ESP32-1010,2026-02-03T12:00:00,84,15,0.5292,mid_stage_stable,inter_monsoon,cloudy_stable,31.22,73.05,96,104,182,263,0.5231,0.0,0.5389,approaching,False,0,False
BH-MID-010-005,HIVE-010,ESP32-1010,2026-02-03T18:00:00,84,12,0.5638,mid_stage_stable,inter_monsoon,cloudy_stable,31.41,73.73,96,110,174,271,0.569,0.0,0.5797,approaching,False,0,False
BH-MID-010-006,HIVE-010,ESP32-1010,2026-02-04T00:00:00,84,18,0.5599,mid_stage_stable,inter_monsoon,cloudy_stable,31.44,73.71,95,108,184,253,0.5716,0.0,0.5826,approaching,False,0,False
BH-MID-010-007,HIVE-010,ESP32-1010,2026-02-04T06:00:00,85,18,0.5446,mid_stage_stable,inter_monsoon,post_rain,31.53,74.4,105,116,192,261,0.5711,0.0,0.5815,approaching,False,0,False
BH-MID-010-008,HIVE-010,ESP32-1010,2026-02-04T12:00:00,85,17,0.5412,mid_stage_stable,inter_monsoon,stable_clear,31.72,72.45,102,112,183,266,0.5658,0.0,0.5763,approaching,False,0,False
BH-MID-010-009,HIVE-010,ESP32-1010,2026-02-04T18:00:00,85,15,0.5651,mid_stage_stable,inter_monsoon,stable_clear,32.42,71.98,101,110,196,258,0.5311,0.0,0.5454,approaching,False,0,False
BH-MID-010-010,HIVE-010,ESP32-1010,2026-02-05T00:00:00,85,9,0.5501,mid_stage_stable,inter_monsoon,stable_clear,32.74,70.15,107,110,186,267,0.5328,0.0,0.547,approaching,False,0,False
BH-MID-010-011,HIVE-010,ESP32-1010,2026-02-05T06:00:00,86,12,0.57,mid_stage_stable,inter_monsoon,post_rain,32.43,74.07,107,110,191,262,0.5498,0.0,0.5612,approaching,False,0,False
BH-MID-010-012,HIVE-010,ESP32-1010,2026-02-05T12:00:00,86,13,0.5515,mid_stage_stable,inter_monsoon,cloudy_stable,31.85,73.71,102,112,191,252,0.5581,0.0,0.5696,approaching,False,0,False
BH-MID-010-013,HIVE-010,ESP32-1010,2026-02-05T18:00:00,86,16,0.5715,mid_stage_stable,inter_monsoon,cloudy_stable,31.42,73.41,102,105,187,256,0.569,0.0,0.5795,approaching,False,0,False
BH-MID-010-014,HIVE-010,ESP32-1010,2026-02-06T00:00:00,86,15,0.5805,mid_stage_stable,inter_monsoon,cloudy_stable,31.23,73.2,89,104,181,248,0.5928,0.0,0.6007,nearly_ready,False,0,False
BH-MID-010-015,HIVE-010,ESP32-1010,2026-02-06T06:00:00,87,15,0.5676,mid_stage_stable,inter_monsoon,humid_rain,30.98,76.75,100,103,185,252,0.521,0.0,0.5361,approaching,False,0,False
BH-MID-010-016,HIVE-010,ESP32-1010,2026-02-06T12:00:00,87,16,0.5781,mid_stage_stable,inter_monsoon,humid_rain,30.72,78.07,100,110,195,259,0.5384,0.0,0.5523,approaching,False,0,False
BH-MID-010-017,HIVE-010,ESP32-1010,2026-02-06T18:00:00,87,18,0.558,mid_stage_stable,inter_monsoon,humid_rain,30.67,78.79,108,114,186,271,0.5631,0.0,0.5746,approaching,False,0,False
BH-MID-010-018,HIVE-010,ESP32-1010,2026-02-07T00:00:00,88,15,0.5554,mid_stage_stable,inter_monsoon,humid_rain,30.75,77.71,106,112,182,276,0.5545,0.0,0.5671,approaching,False,0,False
BH-MID-010-019,HIVE-010,ESP32-1010,2026-02-07T06:00:00,88,14,0.559,mid_stage_stable,inter_monsoon,stable_clear,31.67,74.33,101,109,174,276,0.5509,0.0,0.5611,approaching,False,0,False
BH-MID-010-020,HIVE-010,ESP32-1010,2026-02-07T12:00:00,89,21,0.5748,mid_stage_stable,inter_monsoon,stable_clear,31.43,72.55,98,110,174,261,0.5291,0.0,0.5441,approaching,False,0,False
BH-MID-010-021,HIVE-010,ESP32-1010,2026-02-07T18:00:00,89,19,0.5661,mid_stage_stable,inter_monsoon,stable_clear,31.56,72.25,103,105,179,248,0.5849,0.0,0.5939,approaching,False,0,False
BH-MID-010-022,HIVE-010,ESP32-1010,2026-02-08T00:00:00,90,19,0.5923,mid_stage_stable,inter_monsoon,stable_clear,31.96,71.58,93,105,174,249,0.562,0.0,0.5731,approaching,False,0,False
BH-MID-010-023,HIVE-010,ESP32-1010,2026-02-08T06:00:00,90,19,0.6124,mid_stage_stable,inter_monsoon,stable_clear,32.21,71.34,94,104,180,256,0.6188,0.0,0.6237,nearly_ready,False,0,False
BH-MID-010-024,HIVE-010,ESP32-1010,2026-02-08T12:00:00,90,15,0.6043,mid_stage_stable,inter_monsoon,cloudy_stable,31.24,72.46,94,104,187,254,0.559,0.0,0.5693,approaching,False,0,False
BH-MID-010-025,HIVE-010,ESP32-1010,2026-02-08T18:00:00,91,18,0.6114,mid_stage_stable,inter_monsoon,cloudy_stable,31.46,73.58,90,109,189,255,0.591,0.0,0.5989,approaching,False,0,False
BH-MID-010-026,HIVE-010,ESP32-1010,2026-02-09T00:00:00,91,24,0.611,mid_stage_stable,inter_monsoon,cloudy_stable,31.26,73.24,92,111,188,254,0.583,0.0,0.5924,approaching,False,0,False
BH-MID-010-027,HIVE-010,ESP32-1010,2026-02-09T06:00:00,92,23,0.5994,mid_stage_stable,inter_monsoon,cloudy_stable,31.05,74.25,87,113,184,253,0.5718,0.0,0.5821,approaching,False,0,False
BH-MID-010-028,HIVE-010,ESP32-1010,2026-02-09T12:00:00,92,16,0.5978,mid_stage_stable,inter_monsoon,cloudy_stable,31.09,74.19,92,104,188,260,0.6002,0.0,0.6077,nearly_ready,False,0,False
BH-MID-010-029,HIVE-010,ESP32-1010,2026-02-09T18:00:00,93,27,0.6278,mid_stage_stable,inter_monsoon,stable_clear,30.89,72.42,92,107,185,259,0.6208,0.0,0.625,nearly_ready,False,0,False
BH-MID-010-030,HIVE-010,ESP32-1010,2026-02-10T00:00:00,94,19,0.6241,mid_stage_stable,inter_monsoon,post_rain,30.76,74.12,92,111,192,258,0.6271,0.0,0.6306,nearly_ready,False,0,False
BH-MID-010-031,HIVE-010,ESP32-1010,2026-02-10T06:00:00,94,22,0.6213,mid_stage_stable,inter_monsoon,humid_rain,30.77,76.42,93,116,190,263,0.5622,0.0,0.5734,approaching,False,0,False
BH-MID-010-032,HIVE-010,ESP32-1010,2026-02-10T12:00:00,95,22,0.6143,mid_stage_stable,inter_monsoon,humid_rain,30.8,77.87,99,116,189,269,0.5675,0.0,0.5785,approaching,False,0,False
BH-MID-010-033,HIVE-010,ESP32-1010,2026-02-10T18:00:00,95,29,0.6204,mid_stage_stable,inter_monsoon,post_rain,30.26,80.3,106,117,195,282,0.5873,0.0171,0.5849,approaching,False,1,False
BH-MID-010-034,HIVE-010,ESP32-1010,2026-02-11T00:00:00,96,30,0.6567,mid_stage_stable,inter_monsoon,humid_rain,30.16,81.47,113,121,205,280,0.5854,0.0123,0.5873,approaching,False,1,False
BH-MID-010-035,HIVE-010,ESP32-1010,2026-02-11T06:00:00,96,21,0.6381,mid_stage_stable,inter_monsoon,humid_rain,29.87,83.25,112,121,209,275,0.6357,0.0575,0.6062,nearly_ready,False,1,False
BH-MID-010-036,HIVE-010,ESP32-1010,2026-02-11T12:00:00,97,25,0.6483,mid_stage_stable,inter_monsoon,post_rain,29.8,81.79,111,125,202,278,0.5954,0.0392,0.5813,approaching,False,1,False
BH-MID-010-037,HIVE-010,ESP32-1010,2026-02-11T18:00:00,97,27,0.672,mid_stage_stable,inter_monsoon,post_rain,29.83,81.27,109,125,200,279,0.6211,0.0126,0.6193,nearly_ready,False,1,False
BH-MID-010-038,HIVE-010,ESP32-1010,2026-02-12T00:00:00,98,29,0.6437,mid_stage_stable,inter_monsoon,post_rain,29.74,81.83,115,124,192,280,0.6228,0.0,0.6273,nearly_ready,False,1,False
BH-MID-010-039,HIVE-010,ESP32-1010,2026-02-12T06:00:00,99,31,0.669,mid_stage_stable,inter_monsoon,post_rain,30.47,79.37,105,117,190,261,0.5942,0.0,0.5997,approaching,False,0,False
BH-MID-010-040,HIVE-010,ESP32-1010,2026-02-12T12:00:00,99,27,0.662,mid_stage_stable,inter_monsoon,stable_clear,31.16,74.25,98,115,183,264,0.5838,0.0,0.5897,approaching,False,0,False
BH-MID-010-041,HIVE-010,ESP32-1010,2026-02-12T18:00:00,100,30,0.6568,mid_stage_stable,inter_monsoon,stable_clear,31.93,73.72,99,110,178,256,0.5993,0.0,0.6053,nearly_ready,False,0,False
BH-MID-010-042,HIVE-010,ESP32-1010,2026-02-13T00:00:00,100,34,0.6896,mid_stage_stable,inter_monsoon,humid_rain,31.81,76.5,102,117,197,265,0.6161,0.0,0.6201,nearly_ready,False,0,False
BH-MID-010-043,HIVE-010,ESP32-1010,2026-02-13T06:00:00,101,34,0.6685,mid_stage_stable,inter_monsoon,humid_rain,31.42,77.87,102,129,185,256,0.5971,0.0,0.6035,nearly_ready,False,0,False
BH-MID-010-044,HIVE-010,ESP32-1010,2026-02-13T12:00:00,101,30,0.6883,mid_stage_stable,inter_monsoon,humid_rain,31.12,77.48,108,115,192,260,0.6468,0.0,0.6479,nearly_ready,False,0,False
BH-MID-010-045,HIVE-010,ESP32-1010,2026-02-13T18:00:00,102,35,0.681,mid_stage_stable,inter_monsoon,cloudy_stable,31.42,75.94,110,109,187,270,0.6308,0.0,0.6335,nearly_ready,False,0,False
BH-MID-010-046,HIVE-010,ESP32-1010,2026-02-14T00:00:00,103,35,0.6954,mid_stage_stable,inter_monsoon,cloudy_stable,31.27,74.51,110,102,183,263,0.655,0.0,0.6551,nearly_ready,False,0,False
BH-MID-010-047,HIVE-010,ESP32-1010,2026-02-14T06:00:00,103,27,0.6959,mid_stage_stable,inter_monsoon,cloudy_stable,31.11,73.52,107,111,180,261,0.6699,0.0,0.6684,nearly_ready,False,0,False
BH-MID-010-048,HIVE-010,ESP32-1010,2026-02-14T12:00:00,104,33,0.7216,mid_stage_stable,inter_monsoon,cloudy_stable,31.06,74.06,106,111,183,258,0.6677,0.0,0.6671,nearly_ready,False,0,False
BH-MID-010-049,HIVE-010,ESP32-1010,2026-02-14T18:00:00,104,28,0.7333,mid_stage_stable,inter_monsoon,cloudy_stable,31.49,74.32,113,113,185,262,0.6778,0.0,0.6752,nearly_ready,False,0,False
BH-MID-010-050,HIVE-010,ESP32-1010,2026-02-15T00:00:00,105,30,0.7049,mid_stage_stable,inter_monsoon,stable_clear,31.4,72.83,102,109,189,263,0.6638,0.0,0.6629,nearly_ready,False,0,False
BH-MID-010-051,HIVE-010,ESP32-1010,2026-02-15T06:00:00,105,35,0.7127,mid_stage_stable,inter_monsoon,stable_clear,31.28,72.16,103,107,183,251,0.6634,0.0,0.663,nearly_ready,False,0,False
BH-MID-010-052,HIVE-010,ESP32-1010,2026-02-15T12:00:00,106,35,0.7417,mid_stage_stable,inter_monsoon,stable_clear,31.54,71.02,109,110,179,255,0.6469,0.0,0.6479,nearly_ready,False,0,False
BH-MID-010-053,HIVE-010,ESP32-1010,2026-02-15T18:00:00,106,36,0.7229,mid_stage_stable,inter_monsoon,cloudy_stable,31.32,70.54,106,109,170,253,0.6825,0.0,0.6797,nearly_ready,False,0,False
BH-MID-010-054,HIVE-010,ESP32-1010,2026-02-16T00:00:00,107,31,0.72,mid_stage_stable,inter_monsoon,cloudy_stable,31.33,71.95,104,103,173,247,0.6445,0.0,0.6462,nearly_ready,False,0,False
BH-MID-010-055,HIVE-010,ESP32-1010,2026-02-16T06:00:00,108,34,0.7301,mid_stage_stable,inter_monsoon,cloudy_stable,31.39,72.29,94,114,179,249,0.6539,0.0,0.6546,nearly_ready,False,0,False
BH-MID-010-056,HIVE-010,ESP32-1010,2026-02-16T12:00:00,108,39,0.7309,mid_stage_stable,inter_monsoon,cloudy_stable,31.54,72.21,101,115,181,258,0.6655,0.0,0.665,nearly_ready,False,0,False
BH-MID-010-057,HIVE-010,ESP32-1010,2026-02-16T18:00:00,109,36,0.7386,mid_stage_stable,inter_monsoon,cloudy_stable,31.5,72.3,104,109,182,251,0.7094,0.0,0.7039,nearly_ready,False,0,False
BH-MID-010-058,HIVE-010,ESP32-1010,2026-02-17T00:00:00,109,35,0.7603,mid_stage_stable,inter_monsoon,stable_clear,31.57,71.12,102,119,178,263,0.6897,0.0,0.6858,nearly_ready,False,0,False
BH-MID-010-059,HIVE-010,ESP32-1010,2026-02-17T06:00:00,110,43,0.7715,mid_stage_stable,inter_monsoon,stable_clear,31.81,69.98,105,114,178,262,0.6925,0.0,0.6882,nearly_ready,False,0,False
BH-MID-010-060,HIVE-010,ESP32-1010,2026-02-17T12:00:00,110,37,0.7594,mid_stage_stable,inter_monsoon,stable_clear,32.06,70.45,98,113,179,270,0.6584,0.0,0.6584,nearly_ready,False,0,False
BH-MID-010-062,HIVE-010,ESP32-1010,2026-02-18T00:00:00,111,44,0.7709,mid_stage_stable,inter_monsoon,stable_clear,34.35,70.35,139,122,238,248,0.6568,0.1635,0.5612,approaching,False,1,False
BH-MID-010-063,HIVE-010,ESP32-1010,2026-02-18T06:00:00,111,45,0.772,mid_stage_stable,inter_monsoon,stable_clear,33.0,70.08,114,117,207,248,0.6991,0.0022,0.6901,nearly_ready,False,0,False
BH-MID-010-064,HIVE-010,ESP32-1010,2026-02-18T12:00:00,112,36,0.7918,mid_stage_stable,inter_monsoon,cloudy_stable,32.96,72.51,108,117,202,256,0.6725,0.0174,0.6607,nearly_ready,False,0,False
BH-MID-010-065,HIVE-010,ESP32-1010,2026-02-18T18:00:00,112,46,0.7852,mid_stage_stable,inter_monsoon,cloudy_stable,32.98,73.11,106,111,192,262,0.7057,0.0,0.7003,nearly_ready,False,0,False
BH-MID-010-066,HIVE-010,ESP32-1010,2026-02-19T00:00:00,113,43,0.7833,mid_stage_stable,inter_monsoon,post_rain,32.13,76.64,107,113,191,265,0.7021,0.0,0.6944,nearly_ready,False,0,False
BH-MID-010-067,HIVE-010,ESP32-1010,2026-02-19T06:00:00,113,43,0.7815,mid_stage_stable,inter_monsoon,cloudy_stable,31.97,74.15,103,111,191,255,0.7276,0.0,0.7186,nearly_ready,False,0,False
BH-MID-010-068,HIVE-010,ESP32-1010,2026-02-19T12:00:00,113,38,0.779,mid_stage_stable,inter_monsoon,cloudy_stable,31.71,73.73,94,106,193,256,0.7136,0.0,0.7069,nearly_ready,False,0,False
BH-MID-010-069,HIVE-010,ESP32-1010,2026-02-19T18:00:00,114,48,0.7798,mid_stage_stable,inter_monsoon,cloudy_stable,31.56,72.76,97,115,186,256,0.6707,0.0,0.6691,nearly_ready,False,0,False
BH-MID-010-071,HIVE-010,ESP32-1010,2026-02-20T06:00:00,114,39,0.7994,mid_stage_stable,inter_monsoon,cloudy_stable,29.69,77.8,137,103,239,331,0.6832,0.038,0.6525,nearly_ready,False,1,False
BH-MID-010-072,HIVE-010,ESP32-1010,2026-02-20T12:00:00,114,48,0.8011,mid_stage_stable,inter_monsoon,cloudy_stable,30.8,75.1,120,102,211,299,0.6995,0.0,0.691,nearly_ready,False,0,False
BH-MID-010-073,HIVE-010,ESP32-1010,2026-02-20T18:00:00,115,44,0.8258,mid_stage_stable,inter_monsoon,post_rain,31.31,75.64,110,114,199,286,0.7356,0.0,0.7253,nearly_ready,False,0,False
BH-MID-010-074,HIVE-010,ESP32-1010,2026-02-21T00:00:00,115,45,0.7927,mid_stage_stable,inter_monsoon,post_rain,31.7,74.81,117,115,200,294,0.692,0.0,0.6875,nearly_ready,False,0,False
BH-MID-010-075,HIVE-010,ESP32-1010,2026-02-21T06:00:00,115,43,0.7901,mid_stage_stable,inter_monsoon,post_rain,31.76,75.5,119,118,194,287,0.743,0.0,0.7331,nearly_ready,False,0,False
BH-MID-010-076,HIVE-010,ESP32-1010,2026-02-21T12:00:00,115,46,0.829,mid_stage_stable,inter_monsoon,post_rain,31.57,74.82,118,125,195,283,0.7552,0.0,0.7437,nearly_ready,False,0,False
BH-MID-010-077,HIVE-010,ESP32-1010,2026-02-21T18:00:00,116,46,0.8011,mid_stage_stable,inter_monsoon,stable_clear,32.22,71.63,112,122,181,276,0.7304,0.0,0.7195,nearly_ready,False,0,False
BH-MID-010-078,HIVE-010,ESP32-1010,2026-02-22T00:00:00,116,48,0.8025,mid_stage_stable,inter_monsoon,stable_clear,32.62,70.15,109,127,191,266,0.7211,0.0,0.7126,nearly_ready,False,0,False
BH-MID-010-079,HIVE-010,ESP32-1010,2026-02-22T06:00:00,116,47,0.8333,mid_stage_stable,inter_monsoon,stable_clear,32.31,69.68,102,127,184,253,0.7018,0.0,0.6963,nearly_ready,False,0,False
BH-MID-010-080,HIVE-010,ESP32-1010,2026-02-22T12:00:00,116,49,0.8006,mid_stage_stable,inter_monsoon,stable_clear,32.28,69.74,99,121,183,261,0.6971,0.0,0.6931,nearly_ready,False,0,False
BH-MID-010-081,HIVE-010,ESP32-1010,2026-02-22T18:00:00,116,44,0.8335,mid_stage_stable,inter_monsoon,cloudy_stable,32.1,70.98,95,115,187,261,0.7359,0.0,0.7264,nearly_ready,False,0,False
BH-MID-010-082,HIVE-010,ESP32-1010,2026-02-23T00:00:00,116,48,0.8001,mid_stage_stable,inter_monsoon,humid_rain,31.03,75.26,102,120,188,273,0.7049,0.0,0.6958,nearly_ready,False,0,False
BH-MID-010-083,HIVE-010,ESP32-1010,2026-02-23T06:00:00,116,44,0.8288,mid_stage_stable,inter_monsoon,humid_rain,30.76,76.64,105,119,192,272,0.7368,0.0,0.7271,nearly_ready,False,0,False
BH-MID-011-000,HIVE-011,ESP32-1011,2026-04-06T12:00:00,84,17,0.5376,mid_stage_stable,dry,cloudy_stable,31.52,67.7,102,72,169,247,0.5412,0.0,0.5542,approaching,False,0,False
BH-MID-011-001,HIVE-011,ESP32-1011,2026-04-06T18:00:00,84,11,0.5286,mid_stage_stable,dry,midday_heat,32.91,64.64,112,88,179,252,0.5557,0.0,0.5641,approaching,False,0,False
BH-MID-011-002,HIVE-011,ESP32-1011,2026-04-07T00:00:00,84,18,0.5379,mid_stage_stable,dry,midday_heat,33.86,64.75,115,89,185,265,0.5141,0.1074,0.4711,approaching,False,1,False
BH-MID-011-003,HIVE-011,ESP32-1011,2026-04-07T06:00:00,84,18,0.526,mid_stage_stable,dry,midday_heat,33.84,64.8,123,98,191,267,0.5569,0.1067,0.5109,approaching,False,1,False
BH-MID-011-004,HIVE-011,ESP32-1011,2026-04-07T12:00:00,84,8,0.5298,mid_stage_stable,dry,midday_heat,34.02,64.44,127,98,198,260,0.5218,0.0757,0.4967,approaching,False,1,False
BH-MID-011-005,HIVE-011,ESP32-1011,2026-04-07T18:00:00,84,13,0.5359,mid_stage_stable,dry,stable_clear,33.35,64.67,117,93,191,254,0.5666,0.0153,0.5683,approaching,False,0,False
BH-MID-011-006,HIVE-011,ESP32-1011,2026-04-08T00:00:00,85,17,0.5398,mid_stage_stable,dry,midday_heat,33.87,63.53,122,97,189,262,0.561,0.0993,0.5172,approaching,False,1,False
BH-MID-011-007,HIVE-011,ESP32-1011,2026-04-08T06:00:00,85,16,0.511,mid_stage_stable,dry,midday_heat,34.28,62.23,130,89,183,250,0.5218,0.1005,0.4819,approaching,False,1,False
BH-MID-011-008,HIVE-011,ESP32-1011,2026-04-08T12:00:00,85,16,0.5354,mid_stage_stable,dry,midday_heat,34.52,62.52,120,88,184,248,0.5763,0.1529,0.5022,approaching,False,1,False
BH-MID-011-009,HIVE-011,ESP32-1011,2026-04-08T18:00:00,85,15,0.547,mid_stage_stable,dry,midday_heat,34.23,61.71,128,94,183,261,0.5429,0.1385,0.4802,approaching,False,1,False
BH-MID-011-011,HIVE-011,ESP32-1011,2026-04-09T06:00:00,86,14,0.5462,mid_stage_stable,dry,midday_heat,33.88,64.32,133,115,199,320,0.529,0.1521,0.4585,approaching,False,2,False
BH-MID-011-012,HIVE-011,ESP32-1011,2026-04-09T12:00:00,86,18,0.5562,mid_stage_stable,dry,midday_heat,34.05,62.53,127,95,193,294,0.5491,0.1033,0.5044,approaching,False,1,False
BH-MID-011-013,HIVE-011,ESP32-1011,2026-04-09T18:00:00,86,11,0.5576,mid_stage_stable,dry,midday_heat,34.72,61.8,123,89,193,270,0.5668,0.1411,0.4991,approaching,False,1,False
BH-MID-011-014,HIVE-011,ESP32-1011,2026-04-10T00:00:00,87,14,0.5495,mid_stage_stable,dry,midday_heat,34.5,61.03,127,85,192,265,0.5321,0.1233,0.4794,approaching,False,1,False
BH-MID-011-015,HIVE-011,ESP32-1011,2026-04-10T06:00:00,87,20,0.5544,mid_stage_stable,dry,midday_heat,34.71,60.67,121,86,188,278,0.539,0.1409,0.4759,approaching,False,1,False
BH-MID-011-016,HIVE-011,ESP32-1011,2026-04-10T12:00:00,87,15,0.5611,mid_stage_stable,dry,midday_heat,34.64,62.08,119,91,191,281,0.5883,0.1715,0.5023,approaching,False,1,False
BH-MID-011-017,HIVE-011,ESP32-1011,2026-04-10T18:00:00,88,16,0.5583,mid_stage_stable,dry,midday_heat,34.21,63.18,113,94,203,276,0.5701,0.1051,0.5221,approaching,False,1,False
BH-MID-011-018,HIVE-011,ESP32-1011,2026-04-11T00:00:00,88,17,0.57,mid_stage_stable,dry,midday_heat,34.31,62.48,120,100,198,277,0.5491,0.1469,0.4816,approaching,False,1,False
BH-MID-011-019,HIVE-011,ESP32-1011,2026-04-11T06:00:00,89,13,0.5581,mid_stage_stable,dry,midday_heat,34.25,61.93,130,102,187,276,0.5623,0.103,0.5174,approaching,False,1,False
BH-MID-011-020,HIVE-011,ESP32-1011,2026-04-11T12:00:00,89,16,0.5749,mid_stage_stable,dry,midday_heat,34.41,62.51,122,97,193,277,0.5685,0.1329,0.5063,approaching,False,1,False
BH-MID-011-021,HIVE-011,ESP32-1011,2026-04-11T18:00:00,89,18,0.5552,mid_stage_stable,dry,stable_clear,33.48,62.44,115,85,182,259,0.5443,0.0256,0.5423,approaching,False,0,False
BH-MID-011-022,HIVE-011,ESP32-1011,2026-04-12T00:00:00,90,21,0.5609,mid_stage_stable,dry,stable_clear,33.22,61.92,113,87,174,255,0.542,0.0367,0.5358,approaching,False,0,False
BH-MID-011-023,HIVE-011,ESP32-1011,2026-04-12T06:00:00,90,22,0.566,mid_stage_stable,dry,stable_clear,33.53,63.21,117,87,178,248,0.5892,0.0544,0.5672,approaching,False,1,False
BH-MID-011-024,HIVE-011,ESP32-1011,2026-04-12T12:00:00,91,18,0.593,mid_stage_stable,dry,stable_clear,33.34,63.58,115,72,181,256,0.5621,0.0477,0.5474,approaching,False,0,False
BH-MID-011-025,HIVE-011,ESP32-1011,2026-04-12T18:00:00,91,21,0.5982,mid_stage_stable,dry,stable_clear,33.6,63.25,116,80,169,249,0.5464,0.069,0.5218,approaching,False,1,False
BH-MID-011-026,HIVE-011,ESP32-1011,2026-04-13T00:00:00,92,24,0.5891,mid_stage_stable,dry,midday_heat,34.31,62.39,118,86,176,262,0.5417,0.1083,0.4949,approaching,False,1,False
BH-MID-011-027,HIVE-011,ESP32-1011,2026-04-13T06:00:00,92,26,0.582,mid_stage_stable,dry,midday_heat,34.18,62.82,127,98,178,270,0.5641,0.1215,0.5086,approaching,False,1,False
BH-MID-011-028,HIVE-011,ESP32-1011,2026-04-13T12:00:00,93,24,0.5888,mid_stage_stable,dry,midday_heat,34.11,62.8,120,94,190,263,0.564,0.0927,0.5247,approaching,False,1,False
BH-MID-011-029,HIVE-011,ESP32-1011,2026-04-13T18:00:00,94,24,0.6091,mid_stage_stable,dry,stable_clear,33.99,63.64,112,84,181,257,0.5908,0.114,0.536,approaching,False,1,False
BH-MID-011-030,HIVE-011,ESP32-1011,2026-04-14T00:00:00,94,18,0.6097,mid_stage_stable,dry,stable_clear,33.44,60.94,114,84,181,259,0.5726,0.011,0.5754,approaching,False,0,False
BH-MID-011-031,HIVE-011,ESP32-1011,2026-04-14T06:00:00,95,21,0.6006,mid_stage_stable,dry,stable_clear,32.81,60.65,121,85,187,259,0.5631,0.0,0.5738,approaching,False,0,False
BH-MID-011-032,HIVE-011,ESP32-1011,2026-04-14T12:00:00,95,22,0.6234,mid_stage_stable,dry,stable_clear,32.64,60.85,118,83,182,263,0.6296,0.0,0.6334,nearly_ready,False,0,False
BH-MID-011-034,HIVE-011,ESP32-1011,2026-04-15T00:00:00,96,22,0.6317,mid_stage_stable,dry,midday_heat,34.41,65.94,155,89,216,300,0.582,0.1573,0.5012,approaching,False,1,False
BH-MID-011-035,HIVE-011,ESP32-1011,2026-04-15T06:00:00,97,23,0.6176,mid_stage_stable,dry,midday_heat,33.75,62.7,141,98,213,292,0.6191,0.1046,0.5639,approaching,False,1,False
BH-MID-011-036,HIVE-011,ESP32-1011,2026-04-15T12:00:00,98,24,0.6307,mid_stage_stable,dry,stable_clear,33.68,62.81,131,83,198,277,0.6088,0.0525,0.5858,approaching,False,1,False
BH-MID-011-037,HIVE-011,ESP32-1011,2026-04-15T18:00:00,98,28,0.6231,mid_stage_stable,dry,midday_heat,34.01,62.72,131,93,198,265,0.5705,0.0728,0.5409,approaching,False,1,False
BH-MID-011-038,HIVE-011,ESP32-1011,2026-04-16T00:00:00,99,31,0.621,mid_stage_stable,dry,midday_heat,34.09,61.86,127,99,191,262,0.6369,0.0767,0.5974,approaching,False,1,False
BH-MID-011-039,HIVE-011,ESP32-1011,2026-04-16T06:00:00,99,33,0.6316,mid_stage_stable,dry,midday_heat,34.57,61.94,124,95,179,257,0.5781,0.1488,0.5055,approaching,False,1,False
BH-MID-011-040,HIVE-011,ESP32-1011,2026-04-16T12:00:00,100,26,0.6413,mid_stage_stable,dry,midday_heat,34.85,61.9,124,99,185,246,0.5917,0.1376,0.5241,approaching,False,1,False
BH-MID-011-041,HIVE-011,ESP32-1011,2026-04-16T18:00:00,101,27,0.6647,mid_stage_stable,dry,stable_clear,33.85,63.32,114,88,181,245,0.6275,0.0819,0.5841,approaching,False,1,False
BH-MID-011-042,HIVE-011,ESP32-1011,2026-04-17T00:00:00,101,27,0.6546,mid_stage_stable,dry,stable_clear,33.73,62.75,115,83,174,239,0.6354,0.0969,0.5851,approaching,False,1,False
BH-MID-011-043,HIVE-011,ESP32-1011,2026-04-17T06:00:00,102,27,0.6416,mid_stage_stable,dry,stable_clear,33.28,63.18,116,76,181,243,0.6097,0.0093,0.61,nearly_ready,False,0,False
BH-MID-011-044,HIVE-011,ESP32-1011,2026-04-17T12:00:00,103,35,0.6627,mid_stage_stable,dry,midday_heat,33.71,63.37,118,85,184,263,0.6014,0.083,0.5622,approaching,False,1,False
BH-MID-011-045,HIVE-011,ESP32-1011,2026-04-17T18:00:00,103,27,0.662,mid_stage_stable,dry,midday_heat,34.12,61.55,114,88,188,268,0.613,0.0824,0.5722,approaching,False,1,False
BH-MID-011-046,HIVE-011,ESP32-1011,2026-04-18T00:00:00,104,37,0.6577,mid_stage_stable,dry,midday_heat,34.18,61.19,119,90,180,277,0.6422,0.1006,0.5892,approaching,False,1,False
BH-MID-011-047,HIVE-011,ESP32-1011,2026-04-18T06:00:00,104,34,0.6738,mid_stage_stable,dry,stable_clear,33.71,63.08,119,88,184,264,0.5972,0.0708,0.5645,approaching,False,1,False
BH-MID-011-048,HIVE-011,ESP32-1011,2026-04-18T12:00:00,105,39,0.6673,mid_stage_stable,dry,stable_clear,34.14,63.39,118,85,188,268,0.6604,0.1249,0.5913,approaching,False,1,False
BH-MID-011-049,HIVE-011,ESP32-1011,2026-04-18T18:00:00,106,30,0.6779,mid_stage_stable,dry,stable_clear,34.67,63.25,108,90,185,270,0.6498,0.1237,0.5823,approaching,False,1,False
BH-MID-011-050,HIVE-011,ESP32-1011,2026-04-19T00:00:00,106,31,0.7008,mid_stage_stable,dry,stable_clear,34.42,63.36,112,86,183,266,0.6277,0.1587,0.5443,approaching,False,1,False
BH-MID-011-051,HIVE-011,ESP32-1011,2026-04-19T06:00:00,107,35,0.7008,mid_stage_stable,dry,stable_clear,34.41,63.51,123,82,192,257,0.6852,0.1396,0.6056,nearly_ready,False,1,False
BH-MID-011-052,HIVE-011,ESP32-1011,2026-04-19T12:00:00,107,35,0.7176,mid_stage_stable,dry,stable_clear,34.11,64.52,121,91,194,252,0.6823,0.0846,0.6325,nearly_ready,False,1,False
BH-MID-011-053,HIVE-011,ESP32-1011,2026-04-19T18:00:00,108,33,0.7144,mid_stage_stable,dry,stable_clear,33.85,64.29,120,87,184,247,0.6621,0.0877,0.6135,nearly_ready,False,1,False
BH-MID-011-054,HIVE-011,ESP32-1011,2026-04-20T00:00:00,108,40,0.6935,mid_stage_stable,dry,stable_clear,33.77,62.98,126,95,188,255,0.6491,0.094,0.5984,approaching,False,1,False
BH-MID-011-055,HIVE-011,ESP32-1011,2026-04-20T06:00:00,109,43,0.7212,mid_stage_stable,dry,stable_clear,33.47,63.98,121,90,186,251,0.6296,0.0232,0.62,nearly_ready,False,0,False
BH-MID-011-056,HIVE-011,ESP32-1011,2026-04-20T12:00:00,110,36,0.7321,mid_stage_stable,dry,stable_clear,33.32,62.99,118,89,177,257,0.6451,0.0209,0.6352,nearly_ready,False,0,False
BH-MID-011-057,HIVE-011,ESP32-1011,2026-04-20T18:00:00,110,36,0.738,mid_stage_stable,dry,stable_clear,33.3,62.95,116,86,178,261,0.6662,0.0353,0.6467,nearly_ready,False,0,False
BH-MID-011-058,HIVE-011,ESP32-1011,2026-04-21T00:00:00,111,37,0.7141,mid_stage_stable,dry,stable_clear,33.11,63.62,119,78,173,268,0.6399,0.0,0.6421,nearly_ready,False,0,False
BH-MID-011-059,HIVE-011,ESP32-1011,2026-04-21T06:00:00,111,41,0.7151,mid_stage_stable,dry,cloudy_stable,33.16,65.65,117,79,176,260,0.6317,0.0121,0.628,nearly_ready,False,0,False
BH-MID-011-060,HIVE-011,ESP32-1011,2026-04-21T12:00:00,112,38,0.7423,mid_stage_stable,dry,cloudy_stable,33.0,66.61,114,86,180,259,0.6454,0.023,0.6342,nearly_ready,False,0,False
BH-MID-011-061,HIVE-011,ESP32-1011,2026-04-21T18:00:00,112,44,0.7477,mid_stage_stable,dry,cloudy_stable,32.91,67.33,116,82,182,251,0.7097,0.0,0.7037,nearly_ready,False,0,False
BH-MID-011-062,HIVE-011,ESP32-1011,2026-04-22T00:00:00,113,42,0.7579,mid_stage_stable,dry,cloudy_stable,32.75,66.44,119,90,180,248,0.7086,0.0,0.7026,nearly_ready,False,0,False
BH-MID-011-063,HIVE-011,ESP32-1011,2026-04-22T06:00:00,113,47,0.7511,mid_stage_stable,dry,cloudy_stable,33.14,64.8,117,98,183,258,0.6523,0.0,0.6521,nearly_ready,False,0,False
BH-MID-011-064,HIVE-011,ESP32-1011,2026-04-22T12:00:00,113,39,0.7501,mid_stage_stable,dry,cloudy_stable,33.0,64.56,124,94,189,257,0.6926,0.0258,0.6746,nearly_ready,False,0,False
BH-MID-011-065,HIVE-011,ESP32-1011,2026-04-22T18:00:00,114,46,0.7518,mid_stage_stable,dry,cloudy_stable,33.18,64.31,121,95,190,255,0.723,0.0396,0.6939,nearly_ready,False,0,False
BH-MID-011-066,HIVE-011,ESP32-1011,2026-04-23T00:00:00,114,43,0.764,mid_stage_stable,dry,midday_heat,34.08,63.54,122,93,185,273,0.6605,0.1255,0.5898,approaching,False,1,False
BH-MID-011-067,HIVE-011,ESP32-1011,2026-04-23T06:00:00,115,48,0.7569,mid_stage_stable,dry,cloudy_stable,33.22,65.13,120,93,192,275,0.7097,0.0347,0.6829,nearly_ready,False,0,False
BH-MID-011-068,HIVE-011,ESP32-1011,2026-04-23T12:00:00,115,41,0.7793,mid_stage_stable,dry,midday_heat,33.95,63.01,119,88,190,284,0.7248,0.0911,0.6651,nearly_ready,False,1,False
BH-MID-011-069,HIVE-011,ESP32-1011,2026-04-23T18:00:00,115,45,0.7754,mid_stage_stable,dry,midday_heat,34.52,62.12,124,96,194,267,0.671,0.1237,0.6003,nearly_ready,False,1,False
BH-MID-011-070,HIVE-011,ESP32-1011,2026-04-24T00:00:00,116,46,0.7604,mid_stage_stable,dry,midday_heat,34.31,61.78,120,106,194,273,0.7105,0.1421,0.6262,nearly_ready,False,1,False
BH-MID-011-071,HIVE-011,ESP32-1011,2026-04-24T06:00:00,116,49,0.7865,mid_stage_stable,dry,midday_heat,34.64,61.38,119,97,195,275,0.7081,0.1416,0.6241,nearly_ready,False,1,False
BH-MID-011-072,HIVE-011,ESP32-1011,2026-04-24T12:00:00,116,46,0.7591,mid_stage_stable,dry,midday_heat,34.74,61.96,124,96,190,270,0.6986,0.1294,0.6229,nearly_ready,False,1,False
BH-MID-011-073,HIVE-011,ESP32-1011,2026-04-24T18:00:00,117,45,0.7562,mid_stage_stable,dry,stable_clear,34.06,62.48,120,87,184,276,0.6631,0.0945,0.6095,nearly_ready,False,1,False
BH-MID-011-074,HIVE-011,ESP32-1011,2026-04-25T00:00:00,117,42,0.77,mid_stage_stable,dry,stable_clear,33.61,63.33,121,83,181,263,0.6803,0.0623,0.6429,nearly_ready,False,1,False
BH-MID-011-075,HIVE-011,ESP32-1011,2026-04-25T06:00:00,117,49,0.7838,mid_stage_stable,dry,stable_clear,33.62,63.11,122,81,181,263,0.6855,0.0636,0.6481,nearly_ready,False,1,False
BH-MID-011-076,HIVE-011,ESP32-1011,2026-04-25T12:00:00,117,46,0.7931,mid_stage_stable,dry,stable_clear,33.53,63.71,117,85,175,261,0.6846,0.0757,0.6401,nearly_ready,False,1,False
BH-MID-011-077,HIVE-011,ESP32-1011,2026-04-25T18:00:00,117,47,0.7826,mid_stage_stable,dry,stable_clear,33.48,62.77,113,83,182,267,0.6849,0.0173,0.6724,nearly_ready,False,0,False
BH-MID-011-078,HIVE-011,ESP32-1011,2026-04-26T00:00:00,118,49,0.7832,mid_stage_stable,dry,stable_clear,33.54,61.45,122,95,186,276,0.6836,0.0464,0.6547,nearly_ready,False,1,False
BH-MID-011-079,HIVE-011,ESP32-1011,2026-04-26T06:00:00,118,48,0.7723,mid_stage_stable,dry,stable_clear,33.77,61.83,122,93,193,271,0.6852,0.0692,0.6441,nearly_ready,False,1,False
BH-MID-011-080,HIVE-011,ESP32-1011,2026-04-26T12:00:00,118,45,0.7678,mid_stage_stable,dry,stable_clear,34.19,62.38,123,93,190,270,0.6726,0.1224,0.6034,nearly_ready,False,1,False
BH-MID-011-081,HIVE-011,ESP32-1011,2026-04-26T18:00:00,118,48,0.7802,mid_stage_stable,dry,stable_clear,33.54,63.92,118,90,189,256,0.732,0.088,0.6734,nearly_ready,False,1,False
BH-MID-011-082,HIVE-011,ESP32-1011,2026-04-27T00:00:00,118,51,0.794,mid_stage_stable,dry,stable_clear,33.33,64.15,117,91,192,254,0.6899,0.0,0.6865,nearly_ready,False,0,False
BH-MID-011-083,HIVE-011,ESP32-1011,2026-04-27T06:00:00,118,44,0.7719,mid_stage_stable,dry,stable_clear,33.36,64.2,119,92,189,255,0.7401,0.0369,0.7108,nearly_ready,False,0,False
BH-MID-012-000,HIVE-012,ESP32-1012,2026-01-22T12:00:00,78,8,0.512,mid_stage_stable,dry,stable_clear,32.34,71.7,96,103,180,202,0.4871,0.0,0.5066,approaching,False,0,False
BH-MID-012-001,HIVE-012,ESP32-1012,2026-01-22T18:00:00,78,17,0.4989,mid_stage_stable,dry,stable_clear,32.57,69.64,99,106,181,216,0.5209,0.0,0.5367,approaching,False,0,False
BH-MID-012-002,HIVE-012,ESP32-1012,2026-01-23T00:00:00,78,17,0.503,mid_stage_stable,dry,stable_clear,33.01,69.54,99,105,183,209,0.5485,0.0158,0.5529,approaching,False,0,False
BH-MID-012-003,HIVE-012,ESP32-1012,2026-01-23T06:00:00,78,16,0.5143,mid_stage_stable,dry,stable_clear,32.69,69.57,101,113,177,205,0.5284,0.0,0.544,approaching,False,0,False
BH-MID-012-004,HIVE-012,ESP32-1012,2026-01-23T12:00:00,78,13,0.4862,mid_stage_stable,dry,cloudy_stable,32.49,70.58,116,123,186,220,0.4834,0.0,0.5038,approaching,False,0,False
BH-MID-012-005,HIVE-012,ESP32-1012,2026-01-23T18:00:00,78,11,0.4973,mid_stage_stable,dry,cloudy_stable,32.59,71.75,120,127,190,224,0.4977,0.0,0.517,approaching,False,0,False
BH-MID-012-006,HIVE-012,ESP32-1012,2026-01-24T00:00:00,78,13,0.5084,mid_stage_stable,dry,midday_heat,33.13,70.32,125,128,191,243,0.5414,0.0,0.5543,approaching,False,0,False
BH-MID-012-007,HIVE-012,ESP32-1012,2026-01-24T06:00:00,79,12,0.4952,mid_stage_stable,dry,midday_heat,33.48,69.84,120,130,194,238,0.5039,0.0339,0.5037,approaching,False,0,False
BH-MID-012-008,HIVE-012,ESP32-1012,2026-01-24T12:00:00,79,13,0.5029,mid_stage_stable,dry,midday_heat,33.68,68.54,121,129,186,233,0.5002,0.0817,0.474,approaching,False,1,False
BH-MID-012-009,HIVE-012,ESP32-1012,2026-01-24T18:00:00,79,17,0.504,mid_stage_stable,dry,midday_heat,34.2,67.41,119,126,182,221,0.5369,0.1415,0.4727,approaching,False,1,False
BH-MID-012-010,HIVE-012,ESP32-1012,2026-01-25T00:00:00,79,17,0.5279,mid_stage_stable,dry,midday_heat,34.01,66.58,120,129,193,205,0.503,0.1241,0.4532,approaching,False,1,False
BH-MID-012-011,HIVE-012,ESP32-1012,2026-01-25T06:00:00,80,14,0.5149,mid_stage_stable,dry,midday_heat,33.94,65.68,119,122,195,212,0.5464,0.07,0.5215,approaching,False,1,False
BH-MID-012-012,HIVE-012,ESP32-1012,2026-01-25T12:00:00,80,11,0.5039,mid_stage_stable,dry,cloudy_stable,32.8,68.06,121,124,194,213,0.4782,0.0,0.4973,approaching,False,0,False
BH-MID-012-013,HIVE-012,ESP32-1012,2026-01-25T18:00:00,80,12,0.5083,mid_stage_stable,dry,midday_heat,33.37,68.7,127,126,192,226,0.5346,0.0468,0.5229,approaching,False,0,False
BH-MID-012-014,HIVE-012,ESP32-1012,2026-01-26T00:00:00,80,10,0.503,mid_stage_stable,dry,midday_heat,33.97,67.07,121,124,182,225,0.5109,0.1033,0.4706,approaching,False,1,False
BH-MID-012-015,HIVE-012,ESP32-1012,2026-01-26T06:00:00,81,20,0.5286,mid_stage_stable,dry,midday_heat,33.62,66.86,121,117,189,222,0.5613,0.0505,0.5451,approaching,False,1,False
BH-MID-012-016,HIVE-012,ESP32-1012,2026-01-26T12:00:00,81,11,0.5078,mid_stage_stable,dry,midday_heat,34.18,66.56,125,129,193,229,0.5198,0.097,0.4823,approaching,False,1,False
BH-MID-012-017,HIVE-012,ESP32-1012,2026-01-26T18:00:00,81,21,0.5313,mid_stage_stable,dry,cloudy_stable,33.31,66.51,132,130,187,236,0.4986,0.0199,0.5058,approaching,False,0,False
BH-MID-012-018,HIVE-012,ESP32-1012,2026-01-27T00:00:00,82,18,0.5489,mid_stage_stable,dry,cloudy_stable,32.74,67.57,130,132,202,232,0.5305,0.011,0.5388,approaching,False,0,False
BH-MID-012-019,HIVE-012,ESP32-1012,2026-01-27T06:00:00,82,16,0.5387,mid_stage_stable,dry,cloudy_stable,32.33,69.52,126,120,195,224,0.513,0.0,0.5292,approaching,False,0,False
BH-MID-012-020,HIVE-012,ESP32-1012,2026-01-27T12:00:00,83,13,0.53,mid_stage_stable,dry,cloudy_stable,32.43,71.87,122,123,182,226,0.542,0.0,0.5553,approaching,False,0,False
BH-MID-012-021,HIVE-012,ESP32-1012,2026-01-27T18:00:00,83,19,0.5325,mid_stage_stable,dry,cloudy_stable,32.22,71.59,112,121,177,216,0.5372,0.0,0.5517,approaching,False,0,False
BH-MID-012-022,HIVE-012,ESP32-1012,2026-01-28T00:00:00,84,17,0.5415,mid_stage_stable,dry,cloudy_stable,32.47,70.74,111,125,179,228,0.5164,0.0,0.5333,approaching,False,0,False
BH-MID-012-023,HIVE-012,ESP32-1012,2026-01-28T06:00:00,84,21,0.565,mid_stage_stable,dry,cloudy_stable,32.33,69.89,115,118,179,220,0.5655,0.0,0.5766,approaching,False,0,False
BH-MID-012-024,HIVE-012,ESP32-1012,2026-01-28T12:00:00,84,17,0.5449,mid_stage_stable,dry,stable_clear,32.55,69.59,114,115,188,227,0.5617,0.0,0.5734,approaching,False,0,False
BH-MID-012-025,HIVE-012,ESP32-1012,2026-01-28T18:00:00,85,16,0.571,mid_stage_stable,dry,cloudy_stable,32.42,70.27,116,119,195,221,0.5639,0.0,0.5753,approaching,False,0,False
BH-MID-012-026,HIVE-012,ESP32-1012,2026-01-29T00:00:00,85,20,0.5849,mid_stage_stable,dry,cloudy_stable,32.39,71.16,112,117,193,229,0.5632,0.0,0.5749,approaching,False,0,False
BH-MID-012-027,HIVE-012,ESP32-1012,2026-01-29T06:00:00,86,16,0.5755,mid_stage_stable,dry,cloudy_stable,32.44,71.11,116,117,195,225,0.5818,0.0,0.5916,approaching,False,0,False
BH-MID-012-028,HIVE-012,ESP32-1012,2026-01-29T12:00:00,86,16,0.572,mid_stage_stable,dry,cloudy_stable,32.13,70.96,116,119,186,213,0.5594,0.0,0.5713,approaching,False,0,False
BH-MID-012-029,HIVE-012,ESP32-1012,2026-01-29T18:00:00,87,25,0.5817,mid_stage_stable,dry,cloudy_stable,31.91,70.8,121,123,188,232,0.5914,0.0,0.5995,approaching,False,0,False
BH-MID-012-030,HIVE-012,ESP32-1012,2026-01-30T00:00:00,88,24,0.6011,mid_stage_stable,dry,cloudy_stable,32.43,69.51,114,126,177,218,0.5713,0.0,0.5806,approaching,False,0,False
BH-MID-012-031,HIVE-012,ESP32-1012,2026-01-30T06:00:00,88,18,0.6001,mid_stage_stable,dry,cloudy_stable,32.21,70.21,108,126,192,224,0.5558,0.0,0.568,approaching,False,0,False
BH-MID-012-032,HIVE-012,ESP32-1012,2026-01-30T12:00:00,89,26,0.5938,mid_stage_stable,dry,cloudy_stable,32.87,71.2,113,121,186,230,0.5691,0.0,0.5787,approaching,False,0,False
BH-MID-012-033,HIVE-012,ESP32-1012,2026-01-30T18:00:00,89,27,0.5928,mid_stage_stable,dry,cloudy_stable,32.19,71.35,109,112,181,212,0.5772,0.0,0.586,approaching,False,0,False
BH-MID-012-034,HIVE-012,ESP32-1012,2026-01-31T00:00:00,90,27,0.5849,mid_stage_stable,dry,cloudy_stable,32.33,71.34,108,123,179,225,0.5666,0.0,0.578,approaching,False,0,False
BH-MID-012-035,HIVE-012,ESP32-1012,2026-01-31T06:00:00,90,28,0.6103,mid_stage_stable,dry,cloudy_stable,32.25,72.09,114,115,183,222,0.5803,0.0,0.5898,approaching,False,0,False
BH-MID-012-036,HIVE-012,ESP32-1012,2026-01-31T12:00:00,91,24,0.6207,mid_stage_stable,dry,cloudy_stable,32.51,70.89,116,114,190,225,0.5645,0.0,0.5755,approaching,False,0,False
BH-MID-012-037,HIVE-012,ESP32-1012,2026-01-31T18:00:00,91,29,0.6102,mid_stage_stable,dry,cloudy_stable,32.68,70.58,119,117,190,226,0.5792,0.0,0.589,approaching,False,0,False
BH-MID-012-038,HIVE-012,ESP32-1012,2026-02-01T00:00:00,92,30,0.6161,mid_stage_stable,dry,cloudy_stable,32.62,71.79,116,124,192,218,0.5903,0.0,0.5985,approaching,False,0,False
BH-MID-012-039,HIVE-012,ESP32-1012,2026-02-01T06:00:00,93,25,0.6381,mid_stage_stable,dry,stable_clear,32.95,70.3,128,115,185,219,0.6313,0.0,0.6336,nearly_ready,False,0,False
BH-MID-012-040,HIVE-012,ESP32-1012,2026-02-01T12:00:00,93,24,0.6279,mid_stage_stable,dry,stable_clear,32.98,69.41,122,120,189,223,0.5832,0.0103,0.5867,approaching,False,0,False
BH-MID-012-041,HIVE-012,ESP32-1012,2026-02-01T18:00:00,94,33,0.6397,mid_stage_stable,dry,stable_clear,33.43,68.37,116,117,184,202,0.589,0.0098,0.5911,approaching,False,0,False
BH-MID-012-042,HIVE-012,ESP32-1012,2026-02-02T00:00:00,94,33,0.6333,mid_stage_stable,dry,stable_clear,33.09,68.51,115,125,188,213,0.627,0.0113,0.6244,nearly_ready,False,0,False
BH-MID-012-043,HIVE-012,ESP32-1012,2026-02-02T06:00:00,95,25,0.6642,mid_stage_stable,dry,stable_clear,32.79,68.13,109,123,184,209,0.6252,0.0058,0.6259,nearly_ready,False,0,False
BH-MID-012-044,HIVE-012,ESP32-1012,2026-02-02T12:00:00,95,33,0.6379,mid_stage_stable,dry,stable_clear,32.99,69.61,109,128,183,202,0.6138,0.026,0.6046,nearly_ready,False,0,False
BH-MID-012-045,HIVE-012,ESP32-1012,2026-02-02T18:00:00,96,32,0.6691,mid_stage_stable,dry,stable_clear,33.54,71.28,110,127,196,205,0.6103,0.0457,0.5898,approaching,False,1,False
BH-MID-012-046,HIVE-012,ESP32-1012,2026-02-03T00:00:00,97,31,0.6772,mid_stage_stable,dry,midday_heat,34.36,70.57,116,128,201,231,0.6193,0.1215,0.5557,approaching,False,1,False
BH-MID-012-047,HIVE-012,ESP32-1012,2026-02-03T06:00:00,97,36,0.6731,mid_stage_stable,dry,midday_heat,34.85,70.19,121,131,182,231,0.6489,0.1478,0.5681,approaching,False,1,False
BH-MID-012-048,HIVE-012,ESP32-1012,2026-02-03T12:00:00,98,30,0.6744,mid_stage_stable,dry,cloudy_stable,34.16,72.77,124,129,184,239,0.6046,0.105,0.5515,approaching,False,1,False
BH-MID-012-049,HIVE-012,ESP32-1012,2026-02-03T18:00:00,98,38,0.6801,mid_stage_stable,dry,cloudy_stable,33.82,73.86,120,125,198,235,0.6625,0.093,0.6103,nearly_ready,False,1,False
BH-MID-012-050,HIVE-012,ESP32-1012,2026-02-04T00:00:00,99,39,0.6792,mid_stage_stable,dry,stable_clear,33.89,73.51,119,127,193,233,0.6203,0.0749,0.5842,approaching,False,1,False
BH-MID-012-051,HIVE-012,ESP32-1012,2026-02-04T06:00:00,99,29,0.7083,mid_stage_stable,dry,midday_heat,33.7,70.74,122,134,193,233,0.6415,0.1006,0.5873,approaching,False,1,False
BH-MID-012-052,HIVE-012,ESP32-1012,2026-02-04T12:00:00,100,32,0.6827,mid_stage_stable,dry,midday_heat,34.54,68.91,113,126,202,245,0.6537,0.1483,0.5705,approaching,False,1,False
BH-MID-012-053,HIVE-012,ESP32-1012,2026-02-04T18:00:00,100,33,0.7156,mid_stage_stable,dry,midday_heat,34.32,67.73,116,122,199,237,0.6327,0.1201,0.5695,approaching,False,1,False
BH-MID-012-054,HIVE-012,ESP32-1012,2026-02-05T00:00:00,101,34,0.6968,mid_stage_stable,dry,midday_heat,34.27,66.87,125,125,203,223,0.611,0.1197,0.5509,approaching,False,1,False
BH-MID-012-055,HIVE-012,ESP32-1012,2026-02-05T06:00:00,102,40,0.6976,mid_stage_stable,dry,stable_clear,34.14,67.91,115,114,196,213,0.6123,0.1221,0.5503,approaching,False,1,False
BH-MID-012-056,HIVE-012,ESP32-1012,2026-02-05T12:00:00,102,32,0.7155,mid_stage_stable,dry,stable_clear,33.69,68.28,109,121,184,214,0.6725,0.0467,0.6446,nearly_ready,False,1,False
BH-MID-012-057,HIVE-012,ESP32-1012,2026-02-05T18:00:00,103,39,0.7374,mid_stage_stable,dry,stable_clear,33.77,69.1,116,119,171,217,0.6706,0.0659,0.633,nearly_ready,False,1,False
BH-MID-012-058,HIVE-012,ESP32-1012,2026-02-06T00:00:00,103,39,0.7083,mid_stage_stable,dry,stable_clear,33.08,69.61,113,117,179,227,0.6625,0.0,0.661,nearly_ready,False,0,False
BH-MID-012-059,HIVE-012,ESP32-1012,2026-02-06T06:00:00,104,42,0.7391,mid_stage_stable,dry,stable_clear,33.6,71.12,125,122,185,215,0.6321,0.0574,0.6024,nearly_ready,False,1,False
BH-MID-012-060,HIVE-012,ESP32-1012,2026-02-06T12:00:00,104,35,0.7486,mid_stage_stable,dry,stable_clear,33.8,72.52,130,129,183,219,0.6511,0.1133,0.5893,approaching,False,1,False
BH-MID-012-061,HIVE-012,ESP32-1012,2026-02-06T18:00:00,104,35,0.7478,mid_stage_stable,dry,stable_clear,34.16,72.66,120,129,200,222,0.6719,0.1235,0.6021,nearly_ready,False,1,False
BH-MID-012-062,HIVE-012,ESP32-1012,2026-02-07T00:00:00,105,39,0.7493,mid_stage_stable,dry,stable_clear,34.04,72.26,118,125,200,214,0.6841,0.106,0.6231,nearly_ready,False,1,False
BH-MID-012-063,HIVE-012,ESP32-1012,2026-02-07T06:00:00,105,40,0.7467,mid_stage_stable,dry,stable_clear,34.6,71.98,121,123,192,228,0.6432,0.1453,0.5645,approaching,False,1,False
BH-MID-012-064,HIVE-012,ESP32-1012,2026-02-07T12:00:00,106,42,0.7517,mid_stage_stable,dry,stable_clear,33.67,70.84,120,115,192,222,0.6603,0.1034,0.6016,nearly_ready,False,1,False
BH-MID-012-065,HIVE-012,ESP32-1012,2026-02-07T18:00:00,106,38,0.752,mid_stage_stable,dry,stable_clear,33.44,70.14,115,115,188,218,0.6568,0.04,0.635,nearly_ready,False,0,False
BH-MID-012-066,HIVE-012,ESP32-1012,2026-02-08T00:00:00,107,44,0.7478,mid_stage_stable,dry,stable_clear,33.64,68.99,110,121,190,229,0.6429,0.0628,0.6099,nearly_ready,False,1,False
BH-MID-012-067,HIVE-012,ESP32-1012,2026-02-08T06:00:00,107,45,0.7384,mid_stage_stable,dry,midday_heat,34.21,68.01,117,129,196,229,0.6441,0.1022,0.5886,approaching,False,1,False
BH-MID-012-068,HIVE-012,ESP32-1012,2026-02-08T12:00:00,107,47,0.7788,mid_stage_stable,dry,midday_heat,34.67,67.4,118,127,198,233,0.6723,0.1356,0.5957,approaching,False,1,False
BH-MID-012-069,HIVE-012,ESP32-1012,2026-02-08T18:00:00,108,41,0.7482,mid_stage_stable,dry,midday_heat,34.9,67.24,122,127,203,233,0.6614,0.1829,0.5608,approaching,False,1,False
BH-MID-012-070,HIVE-012,ESP32-1012,2026-02-09T00:00:00,108,41,0.7661,mid_stage_stable,dry,cloudy_stable,34.0,69.95,115,120,194,227,0.6652,0.1025,0.6055,nearly_ready,False,1,False
BH-MID-012-071,HIVE-012,ESP32-1012,2026-02-09T06:00:00,108,41,0.7621,mid_stage_stable,dry,cloudy_stable,33.93,70.39,120,130,188,234,0.6693,0.0844,0.6218,nearly_ready,False,1,False
BH-MID-012-072,HIVE-012,ESP32-1012,2026-02-09T12:00:00,108,42,0.7812,mid_stage_stable,dry,cloudy_stable,33.6,70.69,124,123,200,227,0.6842,0.0893,0.6317,nearly_ready,False,1,False
BH-MID-012-073,HIVE-012,ESP32-1012,2026-02-09T18:00:00,109,47,0.7851,mid_stage_stable,dry,cloudy_stable,33.67,69.38,127,127,200,226,0.6878,0.1009,0.6288,nearly_ready,False,1,False
BH-MID-012-074,HIVE-012,ESP32-1012,2026-02-10T00:00:00,109,41,0.7908,mid_stage_stable,dry,midday_heat,34.45,67.34,125,139,200,239,0.6633,0.128,0.5904,approaching,False,1,False
BH-MID-012-075,HIVE-012,ESP32-1012,2026-02-10T06:00:00,109,43,0.7865,mid_stage_stable,dry,midday_heat,35.08,67.38,125,137,205,240,0.6874,0.1728,0.5885,approaching,False,1,False
BH-MID-012-076,HIVE-012,ESP32-1012,2026-02-10T12:00:00,109,49,0.7747,mid_stage_stable,dry,cloudy_stable,34.47,69.33,122,141,204,237,0.7197,0.1311,0.6389,nearly_ready,False,1,False
BH-MID-012-077,HIVE-012,ESP32-1012,2026-02-10T18:00:00,110,45,0.7786,mid_stage_stable,dry,cloudy_stable,33.55,69.32,123,134,189,228,0.6625,0.0931,0.6095,nearly_ready,False,1,False
BH-MID-012-078,HIVE-012,ESP32-1012,2026-02-11T00:00:00,110,49,0.7959,mid_stage_stable,dry,cloudy_stable,33.67,70.06,121,125,180,236,0.7,0.0497,0.6676,nearly_ready,False,1,False
BH-MID-012-079,HIVE-012,ESP32-1012,2026-02-11T06:00:00,110,45,0.7913,mid_stage_stable,dry,cloudy_stable,33.57,69.99,117,118,178,234,0.6812,0.0671,0.6421,nearly_ready,False,1,False
BH-MID-012-080,HIVE-012,ESP32-1012,2026-02-11T12:00:00,110,49,0.7928,mid_stage_stable,dry,cloudy_stable,33.28,70.07,109,124,189,224,0.6733,0.0122,0.6647,nearly_ready,False,0,False
BH-MID-012-081,HIVE-012,ESP32-1012,2026-02-11T18:00:00,110,46,0.7993,mid_stage_stable,dry,cloudy_stable,33.21,70.43,113,125,190,220,0.7151,0.0332,0.6905,nearly_ready,False,0,False
BH-MID-012-082,HIVE-012,ESP32-1012,2026-02-12T00:00:00,110,48,0.7688,mid_stage_stable,dry,cloudy_stable,32.96,70.27,124,126,189,223,0.6676,0.0,0.6666,nearly_ready,False,0,False
BH-MID-012-083,HIVE-012,ESP32-1012,2026-02-12T06:00:00,110,47,0.7747,mid_stage_stable,dry,cloudy_stable,32.61,70.68,123,132,192,227,0.7277,0.0,0.7193,nearly_ready,False,0,False
BH-MID-013-000,HIVE-013,ESP32-1013,2026-03-21T16:00:00,82,17,0.3115,mid_stage_stable,inter_monsoon,stable_clear,30.06,61.8,74,94,146,213,0.4479,0.0,0.4721,approaching,False,0,False
BH-MID-013-001,HIVE-013,ESP32-1013,2026-03-21T22:00:00,82,16,0.3208,mid_stage_stable,inter_monsoon,stable_clear,30.23,61.4,72,93,143,220,0.4034,0.0,0.4343,approaching,False,0,False
BH-MID-013-002,HIVE-013,ESP32-1013,2026-03-22T04:00:00,82,8,0.2969,mid_stage_stable,inter_monsoon,stable_clear,31.04,62.85,87,104,150,243,0.4262,0.0,0.4519,approaching,False,0,False
BH-MID-013-003,HIVE-013,ESP32-1013,2026-03-22T10:00:00,82,16,0.2906,mid_stage_stable,inter_monsoon,stable_clear,31.58,62.94,84,106,158,237,0.406,0.0,0.4359,approaching,False,0,False
BH-MID-013-004,HIVE-013,ESP32-1013,2026-03-22T16:00:00,82,15,0.2864,mid_stage_stable,inter_monsoon,stable_clear,31.07,62.48,87,107,153,234,0.4253,0.0,0.4529,approaching,False,0,False
BH-MID-013-005,HIVE-013,ESP32-1013,2026-03-22T22:00:00,82,8,0.2951,mid_stage_stable,inter_monsoon,cloudy_stable,30.05,62.95,88,104,163,239,0.4173,0.0,0.4446,approaching,False,0,False
BH-MID-013-006,HIVE-013,ESP32-1013,2026-03-23T04:00:00,82,14,0.3232,mid_stage_stable,inter_monsoon,cloudy_stable,30.06,62.65,81,105,160,225,0.4411,0.0,0.4677,approaching,False,0,False
BH-MID-013-007,HIVE-013,ESP32-1013,2026-03-23T10:00:00,83,13,0.3019,mid_stage_stable,inter_monsoon,stable_clear,30.11,61.88,81,98,152,230,0.4367,0.0,0.4635,approaching,False,0,False
BH-MID-013-008,HIVE-013,ESP32-1013,2026-03-23T16:00:00,83,17,0.309,mid_stage_stable,inter_monsoon,stable_clear,30.18,61.62,83,99,156,225,0.4173,0.0,0.4468,approaching,False,0,False
BH-MID-013-009,HIVE-013,ESP32-1013,2026-03-23T22:00:00,83,19,0.3213,mid_stage_stable,inter_monsoon,stable_clear,30.31,61.67,86,102,148,216,0.4458,0.0,0.4716,approaching,False,0,False
BH-MID-013-010,HIVE-013,ESP32-1013,2026-03-24T04:00:00,83,16,0.294,mid_stage_stable,inter_monsoon,stable_clear,30.65,61.47,85,98,151,209,0.4433,0.0,0.4691,approaching,False,0,False
BH-MID-013-011,HIVE-013,ESP32-1013,2026-03-24T10:00:00,83,12,0.3138,mid_stage_stable,inter_monsoon,stable_clear,30.61,61.16,86,106,152,214,0.4101,0.0,0.4404,approaching,False,0,False
BH-MID-013-012,HIVE-013,ESP32-1013,2026-03-24T16:00:00,84,20,0.2979,mid_stage_stable,inter_monsoon,cloudy_stable,30.15,62.94,81,103,152,221,0.4374,0.0,0.4629,approaching,False,0,False
BH-MID-013-013,HIVE-013,ESP32-1013,2026-03-24T22:00:00,84,10,0.2996,mid_stage_stable,inter_monsoon,cloudy_stable,29.55,63.82,83,105,156,230,0.3997,0.0,0.4299,approaching,False,0,False
BH-MID-013-014,HIVE-013,ESP32-1013,2026-03-25T04:00:00,84,10,0.3204,mid_stage_stable,inter_monsoon,cloudy_stable,29.46,63.48,78,103,156,230,0.4611,0.0,0.4852,approaching,False,0,False
BH-MID-013-015,HIVE-013,ESP32-1013,2026-03-25T10:00:00,84,17,0.3365,mid_stage_stable,inter_monsoon,stable_clear,29.68,62.45,86,101,151,223,0.4613,0.0,0.4847,approaching,False,0,False
BH-MID-013-016,HIVE-013,ESP32-1013,2026-03-25T16:00:00,85,18,0.3335,mid_stage_stable,inter_monsoon,stable_clear,30.34,62.47,86,105,145,225,0.4159,0.0,0.4445,approaching,False,0,False
BH-MID-013-017,HIVE-013,ESP32-1013,2026-03-25T22:00:00,85,13,0.3169,mid_stage_stable,inter_monsoon,stable_clear,30.34,61.86,80,108,148,228,0.4174,0.0,0.4468,approaching,False,0,False
BH-MID-013-018,HIVE-013,ESP32-1013,2026-03-26T04:00:00,86,14,0.3236,mid_stage_stable,inter_monsoon,stable_clear,30.24,61.95,74,107,159,226,0.4408,0.0,0.4674,approaching,False,0,False
BH-MID-013-019,HIVE-013,ESP32-1013,2026-03-26T10:00:00,86,21,0.3252,mid_stage_stable,inter_monsoon,stable_clear,30.33,61.37,79,108,156,222,0.448,0.0,0.4736,approaching,False,0,False
BH-MID-013-020,HIVE-013,ESP32-1013,2026-03-26T16:00:00,86,21,0.3284,mid_stage_stable,inter_monsoon,stable_clear,30.23,61.71,81,103,153,229,0.4129,0.0,0.4427,approaching,False,0,False
BH-MID-013-021,HIVE-013,ESP32-1013,2026-03-26T22:00:00,87,14,0.3492,mid_stage_stable,inter_monsoon,stable_clear,29.97,62.13,81,94,154,225,0.4309,0.0,0.4583,approaching,False,0,False
BH-MID-013-022,HIVE-013,ESP32-1013,2026-03-27T04:00:00,87,16,0.345,mid_stage_stable,inter_monsoon,stable_clear,30.16,61.35,84,95,153,221,0.4564,0.0,0.4807,approaching,False,0,False
BH-MID-013-023,HIVE-013,ESP32-1013,2026-03-27T10:00:00,87,17,0.3577,mid_stage_stable,inter_monsoon,stable_clear,30.21,61.1,79,94,152,216,0.4666,0.0,0.4902,approaching,False,0,False
BH-MID-013-024,HIVE-013,ESP32-1013,2026-03-27T16:00:00,88,18,0.351,mid_stage_stable,inter_monsoon,stable_clear,30.55,61.64,77,105,153,216,0.4548,0.0,0.479,approaching,False,0,False
BH-MID-013-025,HIVE-013,ESP32-1013,2026-03-27T22:00:00,88,14,0.3748,mid_stage_stable,inter_monsoon,stable_clear,30.64,61.11,81,106,155,215,0.4385,0.0,0.4653,approaching,False,0,False
BH-MID-013-026,HIVE-013,ESP32-1013,2026-03-28T04:00:00,89,23,0.3575,mid_stage_stable,inter_monsoon,post_rain,29.77,63.93,86,109,147,223,0.4588,0.0,0.4804,approaching,False,0,False
BH-MID-013-027,HIVE-013,ESP32-1013,2026-03-28T10:00:00,89,23,0.3848,mid_stage_stable,inter_monsoon,post_rain,29.31,66.0,89,115,148,230,0.4751,0.0,0.4959,approaching,False,0,False
BH-MID-013-028,HIVE-013,ESP32-1013,2026-03-28T16:00:00,90,26,0.3869,mid_stage_stable,inter_monsoon,post_rain,29.28,66.75,88,123,149,235,0.4528,0.0,0.4778,approaching,False,0,False
BH-MID-013-029,HIVE-013,ESP32-1013,2026-03-28T22:00:00,90,23,0.3911,mid_stage_stable,inter_monsoon,post_rain,29.4,67.01,88,118,156,225,0.4512,0.0,0.4764,approaching,False,0,False
BH-MID-013-030,HIVE-013,ESP32-1013,2026-03-29T04:00:00,91,27,0.3966,mid_stage_stable,inter_monsoon,cloudy_stable,29.53,64.79,89,110,155,234,0.4669,0.0,0.4893,approaching,False,0,False
BH-MID-013-031,HIVE-013,ESP32-1013,2026-03-29T10:00:00,91,21,0.4003,mid_stage_stable,inter_monsoon,cloudy_stable,29.49,64.47,92,106,146,231,0.4498,0.0,0.4753,approaching,False,0,False
BH-MID-013-032,HIVE-013,ESP32-1013,2026-03-29T16:00:00,92,27,0.3967,mid_stage_stable,inter_monsoon,cloudy_stable,29.4,63.99,98,109,155,229,0.4671,0.0,0.4903,approaching,False,0,False
BH-MID-013-033,HIVE-013,ESP32-1013,2026-03-29T22:00:00,92,24,0.4039,mid_stage_stable,inter_monsoon,humid_rain,29.94,66.16,106,116,163,237,0.4533,0.0,0.4763,approaching,False,0,False
BH-MID-013-034,HIVE-013,ESP32-1013,2026-03-30T04:00:00,93,28,0.3917,mid_stage_stable,inter_monsoon,humid_rain,29.76,67.9,98,123,164,247,0.4607,0.0,0.4838,approaching,False,0,False
BH-MID-013-035,HIVE-013,ESP32-1013,2026-03-30T10:00:00,93,28,0.4125,mid_stage_stable,inter_monsoon,humid_rain,29.24,70.44,95,118,166,234,0.5,0.0,0.5175,approaching,False,0,False
BH-MID-013-036,HIVE-013,ESP32-1013,2026-03-30T16:00:00,94,21,0.4042,mid_stage_stable,inter_monsoon,post_rain,29.33,68.59,94,116,164,235,0.5146,0.0,0.5317,approaching,False,0,False
BH-MID-013-037,HIVE-013,ESP32-1013,2026-03-30T22:00:00,94,22,0.414,mid_stage_stable,inter_monsoon,post_rain,29.25,68.9,97,114,157,237,0.5269,0.0,0.5431,approaching,False,0,False
BH-MID-013-038,HIVE-013,ESP32-1013,2026-03-31T04:00:00,95,31,0.4013,mid_stage_stable,inter_monsoon,post_rain,29.59,67.62,101,111,156,240,0.4967,0.0,0.5156,approaching,False,0,False
BH-MID-013-039,HIVE-013,ESP32-1013,2026-03-31T10:00:00,95,23,0.4313,mid_stage_stable,inter_monsoon,post_rain,29.8,68.08,101,115,154,235,0.4712,0.0,0.4939,approaching,False,0,False
BH-MID-013-040,HIVE-013,ESP32-1013,2026-03-31T16:00:00,96,29,0.4076,mid_stage_stable,inter_monsoon,post_rain,29.62,68.88,90,108,157,225,0.4812,0.0,0.5022,approaching,False,0,False
BH-MID-013-041,HIVE-013,ESP32-1013,2026-03-31T22:00:00,96,24,0.4266,mid_stage_stable,inter_monsoon,stable_clear,29.93,65.93,89,102,159,224,0.4963,0.0,0.5146,approaching,False,0,False
BH-MID-013-042,HIVE-013,ESP32-1013,2026-04-01T04:00:00,97,31,0.4383,mid_stage_stable,inter_monsoon,stable_clear,30.25,63.01,84,108,143,220,0.5153,0.0,0.531,approaching,False,0,False
BH-MID-013-043,HIVE-013,ESP32-1013,2026-04-01T10:00:00,97,26,0.4462,mid_stage_stable,inter_monsoon,stable_clear,30.78,62.87,86,103,146,207,0.5022,0.0,0.5205,approaching,False,0,False
BH-MID-013-044,HIVE-013,ESP32-1013,2026-04-01T16:00:00,98,27,0.4584,mid_stage_stable,inter_monsoon,humid_rain,30.14,66.61,89,114,166,225,0.4739,0.0,0.4933,approaching,False,0,False
BH-MID-013-045,HIVE-013,ESP32-1013,2026-04-01T22:00:00,98,26,0.4502,mid_stage_stable,inter_monsoon,post_rain,30.01,66.62,88,114,170,229,0.5371,0.0,0.5523,approaching,False,0,False
BH-MID-013-046,HIVE-013,ESP32-1013,2026-04-02T04:00:00,99,31,0.4334,mid_stage_stable,inter_monsoon,stable_clear,29.82,64.48,87,105,165,223,0.5001,0.0,0.5184,approaching,False,0,False
BH-MID-013-047,HIVE-013,ESP32-1013,2026-04-02T10:00:00,99,26,0.4626,mid_stage_stable,inter_monsoon,stable_clear,30.13,63.33,90,108,155,225,0.5235,0.0,0.5393,approaching,False,0,False
BH-MID-013-048,HIVE-013,ESP32-1013,2026-04-02T16:00:00,100,36,0.4435,mid_stage_stable,inter_monsoon,stable_clear,30.42,62.46,99,109,159,223,0.5265,0.0,0.5421,approaching,False,0,False
BH-MID-013-049,HIVE-013,ESP32-1013,2026-04-02T22:00:00,100,30,0.4613,mid_stage_stable,inter_monsoon,stable_clear,30.42,61.14,91,101,153,219,0.4968,0.0,0.5161,approaching,False,0,False
BH-MID-013-050,HIVE-013,ESP32-1013,2026-04-03T04:00:00,101,30,0.4561,mid_stage_stable,inter_monsoon,stable_clear,30.48,60.97,88,105,154,221,0.5397,0.0,0.5545,approaching,False,0,False
BH-MID-013-051,HIVE-013,ESP32-1013,2026-04-03T10:00:00,101,33,0.4729,mid_stage_stable,inter_monsoon,stable_clear,30.36,61.43,85,109,157,225,0.5515,0.0,0.5646,approaching,False,0,False
BH-MID-013-052,HIVE-013,ESP32-1013,2026-04-03T16:00:00,102,38,0.4895,mid_stage_stable,inter_monsoon,stable_clear,30.34,61.0,81,105,152,223,0.5493,0.0,0.5629,approaching,False,0,False
BH-MID-013-053,HIVE-013,ESP32-1013,2026-04-03T22:00:00,102,37,0.4916,mid_stage_stable,inter_monsoon,stable_clear,30.45,60.5,85,104,153,231,0.5688,0.0,0.5799,approaching,False,0,False
BH-MID-013-054,HIVE-013,ESP32-1013,2026-04-04T04:00:00,103,33,0.4745,mid_stage_stable,inter_monsoon,stable_clear,30.82,59.56,84,103,149,228,0.5054,0.0,0.5235,approaching,False,0,False
BH-MID-013-055,HIVE-013,ESP32-1013,2026-04-04T10:00:00,103,32,0.4978,mid_stage_stable,inter_monsoon,stable_clear,30.84,59.94,84,105,154,232,0.5732,0.0,0.5841,approaching,False,0,False
BH-MID-013-056,HIVE-013,ESP32-1013,2026-04-04T16:00:00,104,40,0.498,mid_stage_stable,inter_monsoon,stable_clear,30.39,60.35,84,103,157,214,0.533,0.0,0.5477,approaching,False,0,False
BH-MID-013-057,HIVE-013,ESP32-1013,2026-04-04T22:00:00,104,38,0.5017,mid_stage_stable,inter_monsoon,humid_rain,29.83,64.73,90,107,165,238,0.5675,0.0,0.5757,approaching,False,0,False
BH-MID-013-058,HIVE-013,ESP32-1013,2026-04-05T04:00:00,105,38,0.5089,mid_stage_stable,inter_monsoon,humid_rain,29.48,67.57,94,111,169,240,0.5627,0.0,0.5729,approaching,False,0,False
BH-MID-013-059,HIVE-013,ESP32-1013,2026-04-05T10:00:00,105,36,0.5043,mid_stage_stable,inter_monsoon,cloudy_stable,30.23,65.31,97,109,166,240,0.561,0.0,0.571,approaching,False,0,False
BH-MID-013-060,HIVE-013,ESP32-1013,2026-04-05T16:00:00,106,37,0.5045,mid_stage_stable,inter_monsoon,cloudy_stable,30.0,63.46,89,110,158,232,0.5584,0.0,0.5697,approaching,False,0,False
BH-MID-013-061,HIVE-013,ESP32-1013,2026-04-05T22:00:00,106,38,0.5276,mid_stage_stable,inter_monsoon,cloudy_stable,30.29,63.56,91,103,153,227,0.5433,0.0,0.5572,approaching,False,0,False
BH-MID-013-062,HIVE-013,ESP32-1013,2026-04-06T04:00:00,106,41,0.5056,mid_stage_stable,inter_monsoon,cloudy_stable,29.92,65.54,90,106,159,225,0.5685,0.0,0.5785,approaching,False,0,False
BH-MID-013-063,HIVE-013,ESP32-1013,2026-04-06T10:00:00,107,35,0.5165,mid_stage_stable,inter_monsoon,cloudy_stable,29.95,64.37,90,107,164,229,0.5387,0.0,0.5533,approaching,False,0,False
BH-MID-013-064,HIVE-013,ESP32-1013,2026-04-06T16:00:00,107,40,0.5293,mid_stage_stable,inter_monsoon,cloudy_stable,29.94,64.91,93,115,170,218,0.5858,0.0,0.5949,approaching,False,0,False
BH-MID-013-065,HIVE-013,ESP32-1013,2026-04-06T22:00:00,107,41,0.5462,mid_stage_stable,inter_monsoon,stable_clear,30.77,63.69,85,112,165,227,0.546,0.0,0.5579,approaching,False,0,False
BH-MID-013-066,HIVE-013,ESP32-1013,2026-04-07T04:00:00,108,41,0.5251,mid_stage_stable,inter_monsoon,stable_clear,30.91,63.08,80,112,160,223,0.5649,0.0,0.5763,approaching,False,0,False
BH-MID-013-067,HIVE-013,ESP32-1013,2026-04-07T10:00:00,108,37,0.5161,mid_stage_stable,inter_monsoon,stable_clear,30.52,61.64,83,105,161,218,0.5824,0.0,0.5907,approaching,False,0,False
BH-MID-013-068,HIVE-013,ESP32-1013,2026-04-07T16:00:00,109,43,0.5496,mid_stage_stable,inter_monsoon,stable_clear,30.31,62.17,94,109,166,230,0.5462,0.0,0.5595,approaching,False,0,False
BH-MID-013-069,HIVE-013,ESP32-1013,2026-04-07T22:00:00,109,41,0.535,mid_stage_stable,inter_monsoon,stable_clear,29.94,62.39,94,113,174,229,0.5606,0.0,0.5722,approaching,False,0,False
BH-MID-013-070,HIVE-013,ESP32-1013,2026-04-08T04:00:00,109,36,0.539,mid_stage_stable,inter_monsoon,post_rain,29.6,66.24,89,118,179,247,0.541,0.0,0.5532,approaching,False,0,False
BH-MID-013-071,HIVE-013,ESP32-1013,2026-04-08T10:00:00,109,40,0.5343,mid_stage_stable,inter_monsoon,post_rain,29.68,68.48,94,115,186,245,0.5659,0.0,0.5765,approaching,False,0,False
BH-MID-013-072,HIVE-013,ESP32-1013,2026-04-08T16:00:00,110,41,0.5345,mid_stage_stable,inter_monsoon,post_rain,29.69,66.49,99,115,176,249,0.5457,0.0,0.559,approaching,False,0,False
BH-MID-013-073,HIVE-013,ESP32-1013,2026-04-08T22:00:00,110,45,0.564,mid_stage_stable,inter_monsoon,stable_clear,29.95,63.85,89,113,167,240,0.5742,0.0,0.5831,approaching,False,0,False
BH-MID-013-074,HIVE-013,ESP32-1013,2026-04-09T04:00:00,110,41,0.5669,mid_stage_stable,inter_monsoon,stable_clear,30.29,62.59,87,103,164,223,0.598,0.0,0.6045,nearly_ready,False,0,False
BH-MID-013-075,HIVE-013,ESP32-1013,2026-04-09T10:00:00,110,40,0.535,mid_stage_stable,inter_monsoon,stable_clear,30.77,61.54,86,105,161,227,0.5426,0.0,0.5559,approaching,False,0,False
BH-MID-013-076,HIVE-013,ESP32-1013,2026-04-09T16:00:00,110,41,0.5492,mid_stage_stable,inter_monsoon,humid_rain,30.07,66.15,92,121,171,237,0.6003,0.0,0.6041,nearly_ready,False,0,False
BH-MID-013-077,HIVE-013,ESP32-1013,2026-04-09T22:00:00,111,40,0.5365,mid_stage_stable,inter_monsoon,humid_rain,29.43,67.92,101,118,166,227,0.5605,0.0,0.5707,approaching,False,0,False
BH-MID-013-078,HIVE-013,ESP32-1013,2026-04-10T04:00:00,111,42,0.5602,mid_stage_stable,inter_monsoon,humid_rain,29.24,68.08,101,123,170,236,0.61,0.0,0.6161,nearly_ready,False,0,False
BH-MID-013-079,HIVE-013,ESP32-1013,2026-04-10T10:00:00,111,43,0.5619,mid_stage_stable,inter_monsoon,humid_rain,29.88,68.67,105,123,178,240,0.5723,0.0,0.5819,approaching,False,0,False
BH-MID-013-080,HIVE-013,ESP32-1013,2026-04-10T16:00:00,111,43,0.5673,mid_stage_stable,inter_monsoon,humid_rain,29.71,68.01,100,118,170,243,0.5884,0.0,0.5968,approaching,False,0,False
BH-MID-013-081,HIVE-013,ESP32-1013,2026-04-10T22:00:00,111,45,0.5736,mid_stage_stable,inter_monsoon,humid_rain,29.52,69.4,94,119,169,246,0.6065,0.0,0.6126,nearly_ready,False,0,False
BH-MID-013-082,HIVE-013,ESP32-1013,2026-04-11T04:00:00,111,40,0.5764,mid_stage_stable,inter_monsoon,humid_rain,30.15,70.18,94,110,171,255,0.6143,0.0,0.6186,nearly_ready,False,0,False
BH-MID-013-083,HIVE-013,ESP32-1013,2026-04-11T10:00:00,111,41,0.5496,mid_stage_stable,inter_monsoon,humid_rain,30.3,70.47,100,120,169,241,0.6173,0.0,0.6223,nearly_ready,False,0,False
BH-MID-014-000,HIVE-014,ESP32-1014,2026-03-29T08:00:00,72,16,0.5246,mid_stage_stable,inter_monsoon,post_rain,28.83,66.71,117,109,160,240,0.5307,0.0,0.5449,approaching,False,0,False
BH-MID-014-001,HIVE-014,ESP32-1014,2026-03-29T14:00:00,72,12,0.5409,mid_stage_stable,inter_monsoon,post_rain,28.84,69.33,126,112,164,236,0.5485,0.0,0.5611,approaching,False,0,False
BH-MID-014-002,HIVE-014,ESP32-1014,2026-03-29T20:00:00,72,9,0.5479,mid_stage_stable,inter_monsoon,post_rain,28.2,69.93,135,112,183,256,0.4949,0.0,0.5133,approaching,False,0,False
BH-MID-014-003,HIVE-014,ESP32-1014,2026-03-30T02:00:00,72,14,0.5466,mid_stage_stable,inter_monsoon,cloudy_stable,28.3,68.78,135,116,173,254,0.501,0.0,0.52,approaching,False,0,False
BH-MID-014-004,HIVE-014,ESP32-1014,2026-03-30T08:00:00,72,18,0.5433,mid_stage_stable,inter_monsoon,post_rain,28.27,69.51,136,118,178,259,0.5602,0.0,0.5724,approaching,False,0,False
BH-MID-014-005,HIVE-014,ESP32-1014,2026-03-30T14:00:00,72,14,0.5367,mid_stage_stable,inter_monsoon,post_rain,28.64,69.09,131,114,180,241,0.4931,0.0,0.5126,approaching,False,0,False
BH-MID-014-006,HIVE-014,ESP32-1014,2026-03-30T20:00:00,72,11,0.5443,mid_stage_stable,inter_monsoon,humid_rain,29.02,71.13,132,118,172,242,0.5445,0.0,0.5573,approaching,False,0,False
BH-MID-014-007,HIVE-014,ESP32-1014,2026-03-31T02:00:00,72,11,0.5274,mid_stage_stable,inter_monsoon,stable_clear,29.53,67.87,123,117,155,241,0.52,0.0,0.5346,approaching,False,0,False
BH-MID-014-008,HIVE-014,ESP32-1014,2026-03-31T08:00:00,72,8,0.5535,mid_stage_stable,inter_monsoon,stable_clear,29.19,65.14,123,113,165,234,0.5123,0.0,0.5285,approaching,False,0,False
BH-MID-014-009,HIVE-014,ESP32-1014,2026-03-31T14:00:00,73,18,0.5343,mid_stage_stable,inter_monsoon,stable_clear,29.5,63.62,129,109,166,242,0.5237,0.0,0.5392,approaching,False,0,False
BH-MID-014-010,HIVE-014,ESP32-1014,2026-03-31T20:00:00,73,17,0.5493,mid_stage_stable,inter_monsoon,stable_clear,29.79,64.16,133,119,170,249,0.506,0.0,0.524,approaching,False,0,False
BH-MID-014-011,HIVE-014,ESP32-1014,2026-04-01T02:00:00,73,18,0.5423,mid_stage_stable,inter_monsoon,stable_clear,29.67,63.27,132,120,171,248,0.5422,0.0,0.5564,approaching,False,0,False
BH-MID-014-012,HIVE-014,ESP32-1014,2026-04-01T08:00:00,73,11,0.5641,mid_stage_stable,inter_monsoon,stable_clear,29.55,63.93,126,115,174,254,0.5367,0.0,0.5514,approaching,False,0,False
BH-MID-014-013,HIVE-014,ESP32-1014,2026-04-01T14:00:00,73,18,0.5376,mid_stage_stable,inter_monsoon,stable_clear,29.75,63.8,125,114,169,248,0.5122,0.0,0.5302,approaching,False,0,False
BH-MID-014-014,HIVE-014,ESP32-1014,2026-04-01T20:00:00,73,16,0.5425,mid_stage_stable,inter_monsoon,stable_clear,29.47,64.22,128,109,162,250,0.5216,0.0,0.538,approaching,False,0,False
BH-MID-014-015,HIVE-014,ESP32-1014,2026-04-02T02:00:00,73,16,0.5572,mid_stage_stable,inter_monsoon,stable_clear,29.43,64.31,123,109,155,243,0.5656,0.0,0.5773,approaching,False,0,False
BH-MID-014-016,HIVE-014,ESP32-1014,2026-04-02T08:00:00,74,20,0.5743,mid_stage_stable,inter_monsoon,humid_rain,29.25,68.06,121,114,159,257,0.5367,0.0,0.5498,approaching,False,0,False
BH-MID-014-017,HIVE-014,ESP32-1014,2026-04-02T14:00:00,74,17,0.571,mid_stage_stable,inter_monsoon,humid_rain,28.92,69.5,130,114,167,254,0.5614,0.0,0.5724,approaching,False,0,False
BH-MID-014-018,HIVE-014,ESP32-1014,2026-04-02T20:00:00,74,12,0.5596,mid_stage_stable,inter_monsoon,humid_rain,29.14,70.04,134,117,167,254,0.52,0.0,0.5368,approaching,False,0,False
BH-MID-014-019,HIVE-014,ESP32-1014,2026-04-03T02:00:00,74,14,0.5701,mid_stage_stable,inter_monsoon,post_rain,28.95,69.79,128,114,169,258,0.5386,0.0,0.5532,approaching,False,0,False
BH-MID-014-020,HIVE-014,ESP32-1014,2026-04-03T08:00:00,74,16,0.5789,mid_stage_stable,inter_monsoon,humid_rain,28.77,70.89,132,120,157,269,0.5538,0.0,0.566,approaching,False,0,False
BH-MID-014-021,HIVE-014,ESP32-1014,2026-04-03T14:00:00,75,15,0.5746,mid_stage_stable,inter_monsoon,post_rain,28.5,71.39,127,116,167,252,0.5398,0.0,0.5538,approaching,False,0,False
BH-MID-014-022,HIVE-014,ESP32-1014,2026-04-03T20:00:00,75,20,0.5558,mid_stage_stable,inter_monsoon,post_rain,29.04,71.65,127,114,167,251,0.5142,0.0,0.5312,approaching,False,0,False
BH-MID-014-023,HIVE-014,ESP32-1014,2026-04-04T02:00:00,75,13,0.5662,mid_stage_stable,inter_monsoon,humid_rain,28.7,72.56,131,116,165,247,0.5161,0.0,0.5329,approaching,False,0,False
BH-MID-014-024,HIVE-014,ESP32-1014,2026-04-04T08:00:00,75,12,0.5939,mid_stage_stable,inter_monsoon,humid_rain,28.91,71.99,135,119,169,255,0.587,0.0,0.5956,approaching,False,0,False
BH-MID-014-025,HIVE-014,ESP32-1014,2026-04-04T14:00:00,76,19,0.5957,mid_stage_stable,inter_monsoon,humid_rain,29.08,72.1,140,129,179,275,0.5871,0.0,0.5956,approaching,False,0,False
BH-MID-014-026,HIVE-014,ESP32-1014,2026-04-04T20:00:00,76,17,0.573,mid_stage_stable,inter_monsoon,stable_clear,29.96,66.4,134,119,169,254,0.5365,0.0,0.547,approaching,False,0,False
BH-MID-014-027,HIVE-014,ESP32-1014,2026-04-05T02:00:00,76,13,0.6011,mid_stage_stable,inter_monsoon,stable_clear,30.44,64.16,135,121,175,248,0.5255,0.0,0.5402,approaching,False,0,False
BH-MID-014-028,HIVE-014,ESP32-1014,2026-04-05T08:00:00,76,16,0.5695,mid_stage_stable,inter_monsoon,stable_clear,30.76,63.14,133,123,172,244,0.5792,0.0,0.5885,approaching,False,0,False
BH-MID-014-029,HIVE-014,ESP32-1014,2026-04-05T14:00:00,77,23,0.5984,mid_stage_stable,inter_monsoon,stable_clear,30.23,63.29,125,111,168,238,0.548,0.0,0.5606,approaching,False,0,False
BH-MID-014-030,HIVE-014,ESP32-1014,2026-04-05T20:00:00,77,17,0.5807,mid_stage_stable,inter_monsoon,stable_clear,30.28,63.21,123,112,160,244,0.5471,0.0,0.5611,approaching,False,0,False
BH-MID-014-031,HIVE-014,ESP32-1014,2026-04-06T02:00:00,77,16,0.585,mid_stage_stable,inter_monsoon,stable_clear,29.87,63.77,124,114,159,239,0.5514,0.0,0.564,approaching,False,0,False
BH-MID-014-032,HIVE-014,ESP32-1014,2026-04-06T08:00:00,78,21,0.61,mid_stage_stable,inter_monsoon,stable_clear,29.88,63.64,120,105,153,238,0.5732,0.0,0.584,approaching,False,0,False
BH-MID-014-033,HIVE-014,ESP32-1014,2026-04-06T14:00:00,78,24,0.6084,mid_stage_stable,inter_monsoon,stable_clear,29.8,63.26,124,112,152,226,0.604,0.0,0.6108,nearly_ready,False,0,False
BH-MID-014-034,HIVE-014,ESP32-1014,2026-04-06T20:00:00,78,17,0.6002,mid_stage_stable,inter_monsoon,stable_clear,29.99,63.01,127,104,154,235,0.5339,0.0,0.549,approaching,False,0,False
BH-MID-014-035,HIVE-014,ESP32-1014,2026-04-07T02:00:00,79,23,0.6023,mid_stage_stable,inter_monsoon,post_rain,29.37,67.65,128,116,166,240,0.5393,0.0,0.5507,approaching,False,0,False
BH-MID-014-036,HIVE-014,ESP32-1014,2026-04-07T08:00:00,79,25,0.6096,mid_stage_stable,inter_monsoon,post_rain,29.29,69.63,127,122,169,239,0.5389,0.0,0.5529,approaching,False,0,False
BH-MID-014-037,HIVE-014,ESP32-1014,2026-04-07T14:00:00,79,25,0.6093,mid_stage_stable,inter_monsoon,post_rain,29.27,69.84,134,123,174,248,0.5777,0.0,0.5879,approaching,False,0,False
BH-MID-014-038,HIVE-014,ESP32-1014,2026-04-07T20:00:00,79,20,0.6233,mid_stage_stable,inter_monsoon,humid_rain,28.98,70.97,132,121,174,252,0.5587,0.0,0.5704,approaching,False,0,False
BH-MID-014-039,HIVE-014,ESP32-1014,2026-04-08T02:00:00,80,26,0.6088,mid_stage_stable,inter_monsoon,humid_rain,29.02,72.13,132,124,185,254,0.5623,0.0,0.574,approaching,False,0,False
BH-MID-014-040,HIVE-014,ESP32-1014,2026-04-08T08:00:00,80,22,0.6354,mid_stage_stable,inter_monsoon,post_rain,29.49,71.5,129,125,186,254,0.5755,0.0,0.5851,approaching,False,0,False
BH-MID-014-041,HIVE-014,ESP32-1014,2026-04-08T14:00:00,80,18,0.6142,mid_stage_stable,inter_monsoon,post_rain,29.43,72.03,131,122,175,248,0.5439,0.0,0.5579,approaching,False,0,False
BH-MID-014-042,HIVE-014,ESP32-1014,2026-04-08T20:00:00,81,26,0.6301,mid_stage_stable,inter_monsoon,post_rain,29.09,71.36,132,118,176,242,0.5877,0.0,0.596,approaching,False,0,False
BH-MID-014-043,HIVE-014,ESP32-1014,2026-04-09T02:00:00,81,27,0.6428,mid_stage_stable,inter_monsoon,cloudy_stable,29.36,69.11,131,113,161,253,0.5982,0.0,0.6044,nearly_ready,False,0,False
BH-MID-014-044,HIVE-014,ESP32-1014,2026-04-09T08:00:00,81,25,0.6124,mid_stage_stable,inter_monsoon,cloudy_stable,29.99,67.16,132,113,155,240,0.5659,0.0,0.5756,approaching,False,0,False
BH-MID-014-045,HIVE-014,ESP32-1014,2026-04-09T14:00:00,82,21,0.6345,mid_stage_stable,inter_monsoon,cloudy_stable,29.5,67.17,126,108,163,245,0.5925,0.0,0.6,approaching,False,0,False
BH-MID-014-046,HIVE-014,ESP32-1014,2026-04-09T20:00:00,82,24,0.6449,mid_stage_stable,inter_monsoon,stable_clear,29.76,65.64,125,107,159,234,0.5683,0.0,0.5787,approaching,False,0,False
BH-MID-014-047,HIVE-014,ESP32-1014,2026-04-10T02:00:00,82,24,0.6175,mid_stage_stable,inter_monsoon,cloudy_stable,29.69,64.99,119,110,156,244,0.5882,0.0,0.5969,approaching,False,0,False
BH-MID-014-048,HIVE-014,ESP32-1014,2026-04-10T08:00:00,82,20,0.6324,mid_stage_stable,inter_monsoon,cloudy_stable,29.81,66.03,122,109,161,251,0.5908,0.0,0.5989,approaching,False,0,False
BH-MID-014-049,HIVE-014,ESP32-1014,2026-04-10T14:00:00,83,24,0.6378,mid_stage_stable,inter_monsoon,stable_clear,29.67,65.07,119,110,165,236,0.5971,0.0,0.6044,nearly_ready,False,0,False
BH-MID-014-050,HIVE-014,ESP32-1014,2026-04-10T20:00:00,83,22,0.6497,mid_stage_stable,inter_monsoon,stable_clear,29.53,63.61,118,110,171,236,0.6154,0.0,0.6205,nearly_ready,False,0,False
BH-MID-014-051,HIVE-014,ESP32-1014,2026-04-11T02:00:00,83,29,0.6641,mid_stage_stable,inter_monsoon,stable_clear,29.57,63.75,123,111,158,235,0.6279,0.0,0.6321,nearly_ready,False,0,False
BH-MID-014-052,HIVE-014,ESP32-1014,2026-04-11T08:00:00,84,23,0.6621,mid_stage_stable,inter_monsoon,post_rain,29.62,68.85,134,125,166,262,0.5834,0.0,0.59,approaching,False,0,False
BH-MID-014-053,HIVE-014,ESP32-1014,2026-04-11T14:00:00,84,29,0.6719,mid_stage_stable,inter_monsoon,post_rain,29.38,72.2,135,123,176,265,0.6044,0.0,0.6096,nearly_ready,False,0,False
BH-MID-014-054,HIVE-014,ESP32-1014,2026-04-11T20:00:00,84,21,0.654,mid_stage_stable,inter_monsoon,post_rain,29.32,71.83,130,127,179,260,0.6299,0.0,0.6337,nearly_ready,False,0,False
BH-MID-014-055,HIVE-014,ESP32-1014,2026-04-12T02:00:00,85,26,0.659,mid_stage_stable,inter_monsoon,post_rain,29.33,71.78,127,123,180,258,0.5938,0.0,0.6023,nearly_ready,False,0,False
BH-MID-014-056,HIVE-014,ESP32-1014,2026-04-12T08:00:00,85,28,0.6666,mid_stage_stable,inter_monsoon,cloudy_stable,30.06,68.62,124,121,173,261,0.6088,0.0,0.6126,nearly_ready,False,0,False
BH-MID-014-057,HIVE-014,ESP32-1014,2026-04-12T14:00:00,85,24,0.6549,mid_stage_stable,inter_monsoon,cloudy_stable,29.82,67.37,124,107,171,264,0.565,0.0,0.5758,approaching,False,0,False
BH-MID-014-058,HIVE-014,ESP32-1014,2026-04-12T20:00:00,85,22,0.6589,mid_stage_stable,inter_monsoon,cloudy_stable,29.43,66.97,121,112,168,250,0.5959,0.0,0.603,nearly_ready,False,0,False
BH-MID-014-059,HIVE-014,ESP32-1014,2026-04-13T02:00:00,86,26,0.6572,mid_stage_stable,inter_monsoon,stable_clear,29.68,66.5,124,107,166,243,0.6145,0.0,0.6198,nearly_ready,False,0,False
BH-MID-014-060,HIVE-014,ESP32-1014,2026-04-13T08:00:00,86,25,0.6679,mid_stage_stable,inter_monsoon,stable_clear,30.24,65.4,127,110,158,235,0.619,0.0,0.6228,nearly_ready,False,0,False
BH-MID-014-061,HIVE-014,ESP32-1014,2026-04-13T14:00:00,86,28,0.6703,mid_stage_stable,inter_monsoon,stable_clear,30.44,64.55,115,111,160,235,0.6162,0.0,0.6212,nearly_ready,False,0,False
BH-MID-014-062,HIVE-014,ESP32-1014,2026-04-13T20:00:00,86,32,0.6629,mid_stage_stable,inter_monsoon,stable_clear,30.55,63.13,117,116,163,236,0.6279,0.0,0.6315,nearly_ready,False,0,False
BH-MID-014-063,HIVE-014,ESP32-1014,2026-04-14T02:00:00,87,32,0.6769,mid_stage_stable,inter_monsoon,stable_clear,30.27,63.29,126,111,160,247,0.6183,0.0,0.6231,nearly_ready,False,0,False
BH-MID-014-064,HIVE-014,ESP32-1014,2026-04-14T08:00:00,87,26,0.6586,mid_stage_stable,inter_monsoon,stable_clear,29.68,63.08,124,113,157,242,0.6205,0.0,0.6246,nearly_ready,False,0,False
BH-MID-014-065,HIVE-014,ESP32-1014,2026-04-14T14:00:00,87,32,0.6975,mid_stage_stable,inter_monsoon,humid_rain,28.85,64.49,134,115,172,248,0.5915,0.0,0.5977,approaching,False,0,False
BH-MID-014-066,HIVE-014,ESP32-1014,2026-04-14T20:00:00,87,33,0.6711,mid_stage_stable,inter_monsoon,humid_rain,28.6,66.95,135,117,176,265,0.6309,0.0,0.6333,nearly_ready,False,0,False
BH-MID-014-067,HIVE-014,ESP32-1014,2026-04-15T02:00:00,87,27,0.6719,mid_stage_stable,inter_monsoon,humid_rain,28.57,68.95,139,123,180,258,0.6322,0.0,0.635,nearly_ready,False,0,False
BH-MID-014-068,HIVE-014,ESP32-1014,2026-04-15T08:00:00,88,29,0.6765,mid_stage_stable,inter_monsoon,humid_rain,28.21,68.76,149,134,185,258,0.6012,0.0,0.6078,nearly_ready,False,0,False
BH-MID-014-069,HIVE-014,ESP32-1014,2026-04-15T14:00:00,88,34,0.686,mid_stage_stable,inter_monsoon,humid_rain,28.63,70.65,146,130,181,260,0.6049,0.0,0.6104,nearly_ready,False,0,False
BH-MID-014-070,HIVE-014,ESP32-1014,2026-04-15T20:00:00,88,34,0.6721,mid_stage_stable,inter_monsoon,cloudy_stable,28.95,68.67,137,121,173,262,0.6068,0.0,0.6119,nearly_ready,False,0,False
BH-MID-014-071,HIVE-014,ESP32-1014,2026-04-16T02:00:00,88,31,0.6848,mid_stage_stable,inter_monsoon,stable_clear,29.25,66.16,132,116,169,243,0.6181,0.0,0.6217,nearly_ready,False,0,False
BH-MID-014-072,HIVE-014,ESP32-1014,2026-04-16T08:00:00,88,30,0.7072,mid_stage_stable,inter_monsoon,stable_clear,29.68,65.16,130,117,169,238,0.65,0.0,0.6506,nearly_ready,False,0,False
BH-MID-014-073,HIVE-014,ESP32-1014,2026-04-16T14:00:00,88,34,0.7049,mid_stage_stable,inter_monsoon,stable_clear,29.59,63.9,121,108,158,245,0.5966,0.0,0.6037,nearly_ready,False,0,False
BH-MID-014-074,HIVE-014,ESP32-1014,2026-04-16T20:00:00,88,24,0.7079,mid_stage_stable,inter_monsoon,stable_clear,29.76,63.48,120,108,148,241,0.6053,0.0,0.6119,nearly_ready,False,0,False
BH-MID-014-075,HIVE-014,ESP32-1014,2026-04-17T02:00:00,89,30,0.6926,mid_stage_stable,inter_monsoon,stable_clear,29.53,63.51,122,102,154,245,0.6537,0.0,0.6545,nearly_ready,False,0,False
BH-MID-014-076,HIVE-014,ESP32-1014,2026-04-17T08:00:00,89,28,0.6779,mid_stage_stable,inter_monsoon,cloudy_stable,29.58,67.41,127,121,171,248,0.5899,0.0,0.5965,approaching,False,0,False
BH-MID-014-077,HIVE-014,ESP32-1014,2026-04-17T14:00:00,89,32,0.6994,mid_stage_stable,inter_monsoon,cloudy_stable,29.42,68.45,125,122,168,248,0.6128,0.0,0.6184,nearly_ready,False,0,False
BH-MID-014-078,HIVE-014,ESP32-1014,2026-04-17T20:00:00,89,28,0.7058,mid_stage_stable,inter_monsoon,cloudy_stable,29.53,67.97,122,116,171,257,0.6555,0.0,0.6561,nearly_ready,False,0,False
BH-MID-014-079,HIVE-014,ESP32-1014,2026-04-18T02:00:00,89,34,0.704,mid_stage_stable,inter_monsoon,cloudy_stable,29.8,65.85,123,115,169,258,0.6212,0.0,0.625,nearly_ready,False,0,False
BH-MID-014-080,HIVE-014,ESP32-1014,2026-04-18T08:00:00,89,29,0.7145,mid_stage_stable,inter_monsoon,humid_rain,29.36,68.57,129,122,169,260,0.5987,0.0,0.6044,nearly_ready,False,0,False
BH-MID-014-081,HIVE-014,ESP32-1014,2026-04-18T14:00:00,89,32,0.7061,mid_stage_stable,inter_monsoon,cloudy_stable,29.55,68.38,128,123,163,251,0.6605,0.0,0.6605,nearly_ready,False,0,False
BH-MID-014-082,HIVE-014,ESP32-1014,2026-04-18T20:00:00,89,35,0.6914,mid_stage_stable,inter_monsoon,stable_clear,29.8,66.79,127,121,156,254,0.5989,0.0,0.6056,nearly_ready,False,0,False
BH-MID-014-083,HIVE-014,ESP32-1014,2026-04-19T02:00:00,89,31,0.7072,mid_stage_stable,inter_monsoon,post_rain,29.36,67.83,129,120,153,253,0.658,0.0,0.6576,nearly_ready,False,0,False
BH-MID-015-000,HIVE-015,ESP32-1015,2026-04-08T04:00:00,65,10,0.4703,mid_stage_stable,dry,stable_clear,32.17,61.84,108,89,162,212,0.4883,0.0,0.5076,approaching,False,0,False
BH-MID-015-001,HIVE-015,ESP32-1015,2026-04-08T10:00:00,65,9,0.4609,mid_stage_stable,dry,stable_clear,32.59,60.47,113,90,155,210,0.4856,0.0,0.5056,approaching,False,0,False
BH-MID-015-002,HIVE-015,ESP32-1015,2026-04-08T16:00:00,65,8,0.4628,mid_stage_stable,dry,midday_heat,33.99,58.56,126,104,166,230,0.4674,0.1276,0.4165,approaching,False,1,False
BH-MID-015-003,HIVE-015,ESP32-1015,2026-04-08T22:00:00,65,10,0.4978,mid_stage_stable,dry,midday_heat,34.86,56.81,133,110,166,236,0.5199,0.2014,0.4239,approaching,False,1,False
BH-MID-015-004,HIVE-015,ESP32-1015,2026-04-09T04:00:00,65,11,0.496,mid_stage_stable,dry,midday_heat,35.1,55.45,141,113,184,231,0.4711,0.2289,0.367,approaching,False,1,False
BH-MID-015-005,HIVE-015,ESP32-1015,2026-04-09T10:00:00,65,14,0.4857,mid_stage_stable,dry,midday_heat,34.97,54.86,135,121,192,241,0.5233,0.2185,0.4193,approaching,False,1,False
BH-MID-015-006,HIVE-015,ESP32-1015,2026-04-09T16:00:00,65,17,0.4774,mid_stage_stable,dry,midday_heat,34.5,56.36,134,122,183,233,0.5165,0.1377,0.4569,approaching,False,1,False
BH-MID-015-007,HIVE-015,ESP32-1015,2026-04-09T22:00:00,66,9,0.4799,mid_stage_stable,dry,midday_heat,34.28,56.2,132,111,178,236,0.5188,0.1298,0.4643,approaching,False,1,False
BH-MID-015-008,HIVE-015,ESP32-1015,2026-04-10T04:00:00,66,12,0.49,mid_stage_stable,dry,midday_heat,34.93,54.83,132,116,176,245,0.4736,0.1756,0.3981,approaching,False,1,False
BH-MID-015-009,HIVE-015,ESP32-1015,2026-04-10T10:00:00,66,17,0.4895,mid_stage_stable,dry,cloudy_stable,34.0,57.14,124,113,178,229,0.4587,0.1224,0.413,approaching,False,1,False
BH-MID-015-010,HIVE-015,ESP32-1015,2026-04-10T16:00:00,66,14,0.4866,mid_stage_stable,dry,cloudy_stable,33.77,57.61,125,111,179,236,0.4991,0.0509,0.4904,approaching,False,1,False
BH-MID-015-011,HIVE-015,ESP32-1015,2026-04-10T22:00:00,66,15,0.5017,mid_stage_stable,dry,cloudy_stable,33.75,58.54,125,109,172,240,0.4782,0.0686,0.4625,approaching,False,1,False
BH-MID-015-012,HIVE-015,ESP32-1015,2026-04-11T04:00:00,67,18,0.4997,mid_stage_stable,dry,cloudy_stable,33.55,58.53,128,109,166,232,0.514,0.0864,0.4842,approaching,False,1,False
BH-MID-015-013,HIVE-015,ESP32-1015,2026-04-11T10:00:00,67,14,0.505,mid_stage_stable,dry,cloudy_stable,33.78,58.88,131,109,154,245,0.5201,0.1012,0.481,approaching,False,1,False
BH-MID-015-014,HIVE-015,ESP32-1015,2026-04-11T16:00:00,67,19,0.5066,mid_stage_stable,dry,cloudy_stable,33.03,60.36,127,104,167,234,0.4691,0.0,0.4901,approaching,False,0,False
BH-MID-015-015,HIVE-015,ESP32-1015,2026-04-11T22:00:00,68,17,0.497,mid_stage_stable,dry,midday_heat,33.74,59.05,127,104,170,221,0.5077,0.0575,0.4929,approaching,False,1,False
BH-MID-015-016,HIVE-015,ESP32-1015,2026-04-12T04:00:00,68,11,0.5096,mid_stage_stable,dry,midday_heat,34.44,58.3,129,100,171,233,0.4877,0.158,0.4202,approaching,False,1,False
BH-MID-015-017,HIVE-015,ESP32-1015,2026-04-12T10:00:00,68,11,0.4916,mid_stage_stable,dry,midday_heat,34.44,57.12,131,103,176,233,0.5303,0.1319,0.4734,approaching,False,1,False
BH-MID-015-018,HIVE-015,ESP32-1015,2026-04-12T16:00:00,69,13,0.5078,mid_stage_stable,dry,stable_clear,33.82,58.15,130,107,179,221,0.5169,0.0669,0.4961,approaching,False,1,False
BH-MID-015-019,HIVE-015,ESP32-1015,2026-04-12T22:00:00,69,15,0.4957,mid_stage_stable,dry,stable_clear,33.55,59.39,124,104,171,222,0.4762,0.0685,0.4599,approaching,False,1,False
BH-MID-015-020,HIVE-015,ESP32-1015,2026-04-13T04:00:00,69,17,0.5021,mid_stage_stable,dry,stable_clear,33.42,59.66,115,100,158,225,0.5238,0.0386,0.5188,approaching,False,0,False
BH-MID-015-021,HIVE-015,ESP32-1015,2026-04-13T10:00:00,70,18,0.5209,mid_stage_stable,dry,stable_clear,33.27,59.03,110,100,169,219,0.5425,0.016,0.5477,approaching,False,0,False
BH-MID-015-022,HIVE-015,ESP32-1015,2026-04-13T16:00:00,70,16,0.4929,mid_stage_stable,dry,stable_clear,32.62,58.88,109,100,167,216,0.5246,0.0,0.5402,approaching,False,0,False
BH-MID-015-023,HIVE-015,ESP32-1015,2026-04-13T22:00:00,71,14,0.4944,mid_stage_stable,dry,midday_heat,33.17,57.99,119,102,171,222,0.5053,0.0253,0.5089,approaching,False,0,False
BH-MID-015-024,HIVE-015,ESP32-1015,2026-04-14T04:00:00,71,18,0.5238,mid_stage_stable,dry,midday_heat,33.82,57.7,125,104,180,222,0.5135,0.0971,0.4768,approaching,False,1,False
BH-MID-015-025,HIVE-015,ESP32-1015,2026-04-14T10:00:00,72,23,0.5253,mid_stage_stable,dry,midday_heat,33.89,58.06,127,103,178,217,0.521,0.0978,0.4842,approaching,False,1,False
BH-MID-015-026,HIVE-015,ESP32-1015,2026-04-14T16:00:00,72,15,0.5123,mid_stage_stable,dry,midday_heat,33.8,57.92,131,111,181,225,0.5388,0.0719,0.514,approaching,False,1,False
BH-MID-015-027,HIVE-015,ESP32-1015,2026-04-14T22:00:00,72,19,0.5158,mid_stage_stable,dry,midday_heat,34.05,58.43,131,110,185,221,0.5209,0.0973,0.4841,approaching,False,1,False
BH-MID-015-028,HIVE-015,ESP32-1015,2026-04-15T04:00:00,73,18,0.5154,mid_stage_stable,dry,midday_heat,34.54,57.92,135,111,177,229,0.5285,0.1156,0.48,approaching,False,1,False
BH-MID-015-029,HIVE-015,ESP32-1015,2026-04-15T10:00:00,73,25,0.5293,mid_stage_stable,dry,midday_heat,34.12,57.44,135,107,189,233,0.5053,0.112,0.4617,approaching,False,1,False
BH-MID-015-030,HIVE-015,ESP32-1015,2026-04-15T16:00:00,74,20,0.5203,mid_stage_stable,dry,cloudy_stable,33.05,60.39,124,105,188,244,0.5305,0.0156,0.5343,approaching,False,0,False
BH-MID-015-031,HIVE-015,ESP32-1015,2026-04-15T22:00:00,74,20,0.5409,mid_stage_stable,dry,cloudy_stable,32.74,61.34,125,103,184,234,0.5149,0.0,0.5318,approaching,False,0,False
BH-MID-015-032,HIVE-015,ESP32-1015,2026-04-16T04:00:00,75,24,0.5092,mid_stage_stable,dry,cloudy_stable,32.81,63.28,128,103,178,237,0.5253,0.0,0.5411,approaching,False,0,False
BH-MID-015-033,HIVE-015,ESP32-1015,2026-04-16T10:00:00,75,28,0.545,mid_stage_stable,dry,midday_heat,34.11,61.89,133,110,180,234,0.5085,0.1177,0.4593,approaching,False,1,False
BH-MID-015-034,HIVE-015,ESP32-1015,2026-04-16T16:00:00,76,19,0.5413,mid_stage_stable,dry,midday_heat,34.39,61.14,133,110,188,247,0.5508,0.1434,0.4847,approaching,False,1,False
BH-MID-015-035,HIVE-015,ESP32-1015,2026-04-16T22:00:00,77,21,0.5245,mid_stage_stable,dry,midday_heat,34.2,59.13,132,110,186,243,0.5177,0.1099,0.4738,approaching,False,1,False
BH-MID-015-036,HIVE-015,ESP32-1015,2026-04-17T04:00:00,77,25,0.5454,mid_stage_stable,dry,midday_heat,34.02,58.2,128,116,185,234,0.5233,0.1243,0.471,approaching,False,1,False
BH-MID-015-037,HIVE-015,ESP32-1015,2026-04-17T10:00:00,78,25,0.5203,mid_stage_stable,dry,midday_heat,34.04,57.68,134,109,177,235,0.5309,0.1058,0.4883,approaching,False,1,False
BH-MID-015-038,HIVE-015,ESP32-1015,2026-04-17T16:00:00,78,23,0.5539,mid_stage_stable,dry,midday_heat,34.36,56.43,133,111,174,235,0.5305,0.139,0.4691,approaching,False,1,False
BH-MID-015-039,HIVE-015,ESP32-1015,2026-04-17T22:00:00,79,25,0.5634,mid_stage_stable,dry,midday_heat,34.29,57.32,130,111,176,234,0.5287,0.1147,0.4815,approaching,False,1,False
BH-MID-015-040,HIVE-015,ESP32-1015,2026-04-18T04:00:00,79,30,0.5358,mid_stage_stable,dry,midday_heat,34.34,57.18,129,116,176,253,0.5295,0.1209,0.4789,approaching,False,1,False
BH-MID-015-041,HIVE-015,ESP32-1015,2026-04-18T10:00:00,80,32,0.5466,mid_stage_stable,dry,midday_heat,34.16,56.71,129,115,179,242,0.5441,0.0954,0.5055,approaching,False,1,False
BH-MID-015-042,HIVE-015,ESP32-1015,2026-04-18T16:00:00,80,33,0.5433,mid_stage_stable,dry,midday_heat,34.22,56.52,129,116,181,229,0.5082,0.1387,0.4506,approaching,False,1,False
BH-MID-015-043,HIVE-015,ESP32-1015,2026-04-18T22:00:00,81,28,0.5453,mid_stage_stable,dry,midday_heat,34.25,55.95,130,114,183,231,0.5153,0.145,0.4533,approaching,False,1,False
BH-MID-015-044,HIVE-015,ESP32-1015,2026-04-19T04:00:00,81,34,0.5719,mid_stage_stable,dry,stable_clear,33.46,57.36,119,113,168,235,0.5586,0.0141,0.5611,approaching,False,0,False
BH-MID-015-045,HIVE-015,ESP32-1015,2026-04-19T10:00:00,82,26,0.5736,mid_stage_stable,dry,stable_clear,32.81,57.61,118,108,163,229,0.5521,0.0,0.5642,approaching,False,0,False
BH-MID-015-046,HIVE-015,ESP32-1015,2026-04-19T16:00:00,82,28,0.5625,mid_stage_stable,dry,stable_clear,33.22,59.95,126,104,159,229,0.5706,0.0,0.5799,approaching,False,0,False
BH-MID-015-047,HIVE-015,ESP32-1015,2026-04-19T22:00:00,83,36,0.5782,mid_stage_stable,dry,stable_clear,33.24,61.66,134,110,164,228,0.5856,0.0,0.5942,approaching,False,0,False
BH-MID-015-048,HIVE-015,ESP32-1015,2026-04-20T04:00:00,83,36,0.5763,mid_stage_stable,dry,stable_clear,33.1,61.01,131,113,173,227,0.5945,0.0,0.6023,nearly_ready,False,0,False
BH-MID-015-049,HIVE-015,ESP32-1015,2026-04-20T10:00:00,84,36,0.5696,mid_stage_stable,dry,stable_clear,33.04,60.44,133,112,165,222,0.532,0.0132,0.5403,approaching,False,0,False
BH-MID-015-050,HIVE-015,ESP32-1015,2026-04-20T16:00:00,85,30,0.5582,mid_stage_stable,dry,midday_heat,33.59,58.32,136,108,174,238,0.5471,0.0749,0.5177,approaching,False,1,False
BH-MID-015-051,HIVE-015,ESP32-1015,2026-04-20T22:00:00,85,28,0.5744,mid_stage_stable,dry,midday_heat,33.99,56.93,129,105,175,233,0.5712,0.0891,0.5319,approaching,False,1,False
BH-MID-015-052,HIVE-015,ESP32-1015,2026-04-21T04:00:00,86,36,0.5813,mid_stage_stable,dry,stable_clear,33.57,58.3,120,101,163,224,0.5492,0.0518,0.5328,approaching,False,1,False
BH-MID-015-053,HIVE-015,ESP32-1015,2026-04-21T10:00:00,86,39,0.5894,mid_stage_stable,dry,stable_clear,32.89,58.78,118,94,166,225,0.5945,0.0156,0.5928,approaching,False,0,False
BH-MID-015-054,HIVE-015,ESP32-1015,2026-04-21T16:00:00,87,30,0.5763,mid_stage_stable,dry,stable_clear,33.19,60.19,115,104,170,226,0.5279,0.0339,0.5244,approaching,False,0,False
BH-MID-015-055,HIVE-015,ESP32-1015,2026-04-21T22:00:00,87,31,0.5764,mid_stage_stable,dry,stable_clear,32.97,60.72,128,103,171,226,0.5557,0.0,0.568,approaching,False,0,False
BH-MID-015-056,HIVE-015,ESP32-1015,2026-04-22T04:00:00,88,35,0.5986,mid_stage_stable,dry,stable_clear,32.72,59.74,120,103,172,229,0.591,0.0,0.5989,approaching,False,0,False
BH-MID-015-057,HIVE-015,ESP32-1015,2026-04-22T10:00:00,88,35,0.5907,mid_stage_stable,dry,stable_clear,32.48,58.84,125,109,169,226,0.6022,0.0,0.6087,nearly_ready,False,0,False
BH-MID-015-058,HIVE-015,ESP32-1015,2026-04-22T16:00:00,88,35,0.608,mid_stage_stable,dry,stable_clear,32.52,58.8,121,109,181,224,0.556,0.0,0.5689,approaching,False,0,False
BH-MID-015-059,HIVE-015,ESP32-1015,2026-04-22T22:00:00,89,36,0.579,mid_stage_stable,dry,midday_heat,33.22,58.37,133,112,183,233,0.5641,0.04,0.5524,approaching,False,0,False
BH-MID-015-060,HIVE-015,ESP32-1015,2026-04-23T04:00:00,89,39,0.5897,mid_stage_stable,dry,midday_heat,33.45,58.6,131,106,187,241,0.6058,0.063,0.5776,approaching,False,0,False
BH-MID-015-061,HIVE-015,ESP32-1015,2026-04-23T10:00:00,90,36,0.5884,mid_stage_stable,dry,midday_heat,33.95,58.07,130,111,184,240,0.5745,0.0695,0.5459,approaching,False,1,False
BH-MID-015-062,HIVE-015,ESP32-1015,2026-04-23T16:00:00,90,36,0.5789,mid_stage_stable,dry,midday_heat,33.7,57.07,123,110,185,236,0.5673,0.0886,0.5293,approaching,False,1,False
BH-MID-015-063,HIVE-015,ESP32-1015,2026-04-23T22:00:00,91,41,0.6065,mid_stage_stable,dry,midday_heat,34.32,57.42,132,114,183,244,0.6039,0.1492,0.5276,approaching,False,1,False
BH-MID-015-064,HIVE-015,ESP32-1015,2026-04-24T04:00:00,91,35,0.587,mid_stage_stable,dry,midday_heat,34.19,57.36,129,108,184,257,0.5841,0.1352,0.519,approaching,False,1,False
BH-MID-015-065,HIVE-015,ESP32-1015,2026-04-24T10:00:00,91,41,0.6096,mid_stage_stable,dry,midday_heat,34.19,57.54,128,109,177,244,0.6115,0.1097,0.5574,approaching,False,1,False
BH-MID-015-066,HIVE-015,ESP32-1015,2026-04-24T16:00:00,92,35,0.5925,mid_stage_stable,dry,midday_heat,34.42,57.86,128,110,184,232,0.6141,0.1069,0.5608,approaching,False,1,False
BH-MID-015-067,HIVE-015,ESP32-1015,2026-04-24T22:00:00,92,39,0.5915,mid_stage_stable,dry,stable_clear,34.18,61.02,128,109,177,241,0.5956,0.1101,0.5414,approaching,False,1,False
BH-MID-015-068,HIVE-015,ESP32-1015,2026-04-25T04:00:00,92,44,0.5969,mid_stage_stable,dry,cloudy_stable,33.53,62.99,135,111,177,241,0.6092,0.0546,0.5837,approaching,False,1,False
BH-MID-015-069,HIVE-015,ESP32-1015,2026-04-25T10:00:00,93,43,0.5915,mid_stage_stable,dry,cloudy_stable,32.52,62.75,126,103,183,226,0.5538,0.0,0.5646,approaching,False,0,False
BH-MID-015-070,HIVE-015,ESP32-1015,2026-04-25T16:00:00,93,38,0.5987,mid_stage_stable,dry,cloudy_stable,32.66,61.95,116,104,180,223,0.564,0.0,0.5754,approaching,False,0,False
BH-MID-015-071,HIVE-015,ESP32-1015,2026-04-25T22:00:00,93,37,0.6029,mid_stage_stable,dry,cloudy_stable,32.42,61.53,119,106,169,222,0.5567,0.0,0.5689,approaching,False,0,False
BH-MID-015-072,HIVE-015,ESP32-1015,2026-04-26T04:00:00,94,37,0.6308,mid_stage_stable,dry,cloudy_stable,32.71,61.46,125,101,177,227,0.6272,0.0,0.6309,nearly_ready,False,0,False
BH-MID-015-073,HIVE-015,ESP32-1015,2026-04-26T10:00:00,94,45,0.5951,mid_stage_stable,dry,cloudy_stable,32.97,61.89,118,108,169,224,0.5812,0.0,0.5903,approaching,False,0,False
BH-MID-015-074,HIVE-015,ESP32-1015,2026-04-26T16:00:00,94,44,0.6091,mid_stage_stable,dry,cloudy_stable,32.7,61.52,115,105,173,226,0.6091,0.0,0.6151,nearly_ready,False,0,False
BH-MID-015-075,HIVE-015,ESP32-1015,2026-04-26T22:00:00,94,39,0.6121,mid_stage_stable,dry,cloudy_stable,32.78,61.71,114,107,167,229,0.5849,0.0072,0.5903,approaching,False,0,False
BH-MID-015-076,HIVE-015,ESP32-1015,2026-04-27T04:00:00,94,39,0.6068,mid_stage_stable,dry,cloudy_stable,32.51,61.51,116,104,155,221,0.5549,0.0,0.5673,approaching,False,0,False
BH-MID-015-077,HIVE-015,ESP32-1015,2026-04-27T10:00:00,95,47,0.6232,mid_stage_stable,dry,cloudy_stable,32.23,61.44,121,101,164,219,0.5818,0.0,0.5911,approaching,False,0,False
BH-MID-015-078,HIVE-015,ESP32-1015,2026-04-27T16:00:00,95,45,0.607,mid_stage_stable,dry,cloudy_stable,32.66,61.86,124,104,178,230,0.5856,0.0,0.5938,approaching,False,0,False
BH-MID-015-079,HIVE-015,ESP32-1015,2026-04-27T22:00:00,95,39,0.5991,mid_stage_stable,dry,stable_clear,32.72,61.01,119,102,168,224,0.5878,0.0,0.5964,approaching,False,0,False
BH-MID-015-080,HIVE-015,ESP32-1015,2026-04-28T04:00:00,95,39,0.6268,mid_stage_stable,dry,stable_clear,32.91,61.42,123,99,171,235,0.6293,0.0,0.6329,nearly_ready,False,0,False
BH-MID-015-081,HIVE-015,ESP32-1015,2026-04-28T10:00:00,95,45,0.6269,mid_stage_stable,dry,stable_clear,32.95,59.22,116,98,175,238,0.5715,0.0095,0.5763,approaching,False,0,False
BH-MID-015-082,HIVE-015,ESP32-1015,2026-04-28T16:00:00,95,38,0.6388,mid_stage_stable,dry,stable_clear,32.57,58.67,117,100,175,236,0.5755,0.0,0.5854,approaching,False,0,False
BH-MID-015-083,HIVE-015,ESP32-1015,2026-04-28T22:00:00,95,42,0.6223,mid_stage_stable,dry,stable_clear,32.76,59.13,118,101,169,235,0.6136,0.0062,0.6158,nearly_ready,False,0,False
BH-MID-016-000,HIVE-016,ESP32-1016,2026-01-31T00:00:00,49,9,0.5079,mid_stage_stable,dry,cloudy_stable,30.78,70.99,120,92,180,198,0.4782,0.0,0.4988,approaching,False,0,False
BH-MID-016-001,HIVE-016,ESP32-1016,2026-01-31T06:00:00,49,9,0.5228,mid_stage_stable,dry,cloudy_stable,31.44,69.96,128,95,182,201,0.4837,0.0,0.5036,approaching,False,0,False
BH-MID-016-002,HIVE-016,ESP32-1016,2026-01-31T12:00:00,49,10,0.5021,mid_stage_stable,dry,stable_clear,31.76,69.22,134,105,183,198,0.4422,0.0,0.4677,approaching,False,0,False
BH-MID-016-003,HIVE-016,ESP32-1016,2026-01-31T18:00:00,49,16,0.4983,mid_stage_stable,dry,stable_clear,32.25,68.43,137,102,183,191,0.455,0.0,0.4788,approaching,False,0,False
BH-MID-016-004,HIVE-016,ESP32-1016,2026-02-01T00:00:00,49,15,0.5018,mid_stage_stable,dry,stable_clear,32.56,67.65,133,103,177,196,0.4943,0.0,0.5138,approaching,False,0,False
BH-MID-016-005,HIVE-016,ESP32-1016,2026-02-01T06:00:00,49,13,0.5122,mid_stage_stable,dry,stable_clear,32.96,67.2,130,106,172,220,0.4716,0.0,0.4935,approaching,False,0,False
BH-MID-016-006,HIVE-016,ESP32-1016,2026-02-01T12:00:00,49,13,0.5239,mid_stage_stable,dry,stable_clear,32.61,67.12,126,111,169,208,0.5179,0.0,0.5346,approaching,False,0,False
BH-MID-016-007,HIVE-016,ESP32-1016,2026-02-01T18:00:00,50,18,0.5011,mid_stage_stable,dry,stable_clear,32.45,67.22,125,108,173,207,0.4668,0.0,0.4903,approaching,False,0,False
BH-MID-016-008,HIVE-016,ESP32-1016,2026-02-02T00:00:00,50,10,0.5134,mid_stage_stable,dry,cloudy_stable,31.95,68.61,129,107,180,207,0.5121,0.0,0.5288,approaching,False,0,False
BH-MID-016-009,HIVE-016,ESP32-1016,2026-02-02T06:00:00,50,16,0.499,mid_stage_stable,dry,cloudy_stable,32.06,68.75,133,100,183,206,0.4691,0.0,0.4922,approaching,False,0,False
BH-MID-016-010,HIVE-016,ESP32-1016,2026-02-02T12:00:00,50,11,0.521,mid_stage_stable,dry,cloudy_stable,32.32,70.03,136,104,193,205,0.4907,0.0,0.5104,approaching,False,0,False
BH-MID-016-011,HIVE-016,ESP32-1016,2026-02-02T18:00:00,50,9,0.5223,mid_stage_stable,dry,stable_clear,32.92,67.92,138,106,186,215,0.4782,0.0,0.4984,approaching,False,0,False
BH-MID-016-012,HIVE-016,ESP32-1016,2026-02-03T00:00:00,51,12,0.5382,mid_stage_stable,dry,stable_clear,33.35,66.7,139,115,192,203,0.4689,0.0472,0.4648,approaching,False,0,False
BH-MID-016-013,HIVE-016,ESP32-1016,2026-02-03T06:00:00,51,15,0.5204,mid_stage_stable,dry,midday_heat,34.02,65.11,140,119,197,214,0.5099,0.0933,0.475,approaching,False,1,False
BH-MID-016-014,HIVE-016,ESP32-1016,2026-02-03T12:00:00,51,12,0.5285,mid_stage_stable,dry,midday_heat,34.09,64.29,138,119,207,219,0.4636,0.102,0.4311,approaching,False,1,False
BH-MID-016-015,HIVE-016,ESP32-1016,2026-02-03T18:00:00,52,12,0.5264,mid_stage_stable,dry,midday_heat,34.21,64.28,145,121,204,236,0.4636,0.0835,0.4414,approaching,False,1,False
BH-MID-016-016,HIVE-016,ESP32-1016,2026-02-04T00:00:00,52,14,0.5316,mid_stage_stable,dry,stable_clear,33.4,65.43,141,109,187,228,0.4736,0.0579,0.4621,approaching,False,0,False
BH-MID-016-017,HIVE-016,ESP32-1016,2026-02-04T06:00:00,52,13,0.5105,mid_stage_stable,dry,stable_clear,33.43,66.32,130,100,182,208,0.4692,0.0284,0.4761,approaching,False,0,False
BH-MID-016-018,HIVE-016,ESP32-1016,2026-02-04T12:00:00,53,12,0.5346,mid_stage_stable,dry,stable_clear,32.97,67.01,138,103,180,209,0.5113,0.0,0.5284,approaching,False,0,False
BH-MID-016-019,HIVE-016,ESP32-1016,2026-02-04T18:00:00,53,22,0.5407,mid_stage_stable,dry,stable_clear,32.91,67.25,136,102,183,210,0.5072,0.0,0.526,approaching,False,0,False
BH-MID-016-020,HIVE-016,ESP32-1016,2026-02-05T00:00:00,53,16,0.5319,mid_stage_stable,dry,stable_clear,32.68,67.01,135,97,185,202,0.5168,0.0,0.534,approaching,False,0,False
BH-MID-016-021,HIVE-016,ESP32-1016,2026-02-05T06:00:00,54,23,0.5575,mid_stage_stable,dry,midday_heat,32.92,67.11,136,102,189,216,0.5106,0.0168,0.5193,approaching,False,0,False
BH-MID-016-023,HIVE-016,ESP32-1016,2026-02-05T18:00:00,55,17,0.534,mid_stage_stable,dry,stable_clear,32.99,62.6,127,91,244,251,0.4891,0.0362,0.488,approaching,False,0,False
BH-MID-016-024,HIVE-016,ESP32-1016,2026-02-06T00:00:00,55,17,0.5617,mid_stage_stable,dry,stable_clear,33.19,64.3,130,99,223,224,0.5341,0.0,0.548,approaching,False,0,False
BH-MID-016-025,HIVE-016,ESP32-1016,2026-02-06T06:00:00,56,22,0.5658,mid_stage_stable,dry,stable_clear,32.98,64.89,138,111,219,229,0.5234,0.0148,0.5312,approaching,False,0,False
BH-MID-016-026,HIVE-016,ESP32-1016,2026-02-06T12:00:00,56,21,0.57,mid_stage_stable,dry,stable_clear,32.99,64.17,142,117,212,230,0.4943,0.022,0.5023,approaching,False,0,False
BH-MID-016-027,HIVE-016,ESP32-1016,2026-02-06T18:00:00,56,18,0.5615,mid_stage_stable,dry,stable_clear,32.47,65.93,135,108,200,221,0.5383,0.0,0.5512,approaching,False,0,False
BH-MID-016-028,HIVE-016,ESP32-1016,2026-02-07T00:00:00,57,23,0.5485,mid_stage_stable,dry,stable_clear,32.61,68.43,130,106,187,215,0.5183,0.0,0.5343,approaching,False,0,False
BH-MID-016-029,HIVE-016,ESP32-1016,2026-02-07T06:00:00,57,22,0.5643,mid_stage_stable,dry,stable_clear,32.35,67.98,130,110,192,215,0.4913,0.0,0.5114,approaching,False,0,False
BH-MID-016-030,HIVE-016,ESP32-1016,2026-02-07T12:00:00,58,18,0.5769,mid_stage_stable,dry,stable_clear,32.19,68.14,130,110,186,217,0.5308,0.0,0.5466,approaching,False,0,False
BH-MID-016-031,HIVE-016,ESP32-1016,2026-02-07T18:00:00,58,20,0.5708,mid_stage_stable,dry,stable_clear,32.38,67.85,120,101,188,214,0.5332,0.0,0.5482,approaching,False,0,False
BH-MID-016-032,HIVE-016,ESP32-1016,2026-02-08T00:00:00,59,22,0.5519,mid_stage_stable,dry,stable_clear,32.16,68.98,132,103,195,218,0.5305,0.0,0.5455,approaching,False,0,False
BH-MID-016-033,HIVE-016,ESP32-1016,2026-02-08T06:00:00,59,23,0.5692,mid_stage_stable,dry,midday_heat,33.26,67.48,142,111,211,223,0.5357,0.0384,0.5268,approaching,False,0,False
BH-MID-016-034,HIVE-016,ESP32-1016,2026-02-08T12:00:00,60,19,0.5844,mid_stage_stable,dry,midday_heat,33.48,67.37,144,113,201,228,0.5615,0.0335,0.5549,approaching,False,0,False
BH-MID-016-035,HIVE-016,ESP32-1016,2026-02-08T18:00:00,61,30,0.5729,mid_stage_stable,dry,midday_heat,34.3,68.41,146,116,213,247,0.5148,0.1158,0.4668,approaching,False,1,False
BH-MID-016-036,HIVE-016,ESP32-1016,2026-02-09T00:00:00,61,23,0.5683,mid_stage_stable,dry,stable_clear,33.23,66.8,138,105,203,219,0.4917,0.0254,0.495,approaching,False,0,False
BH-MID-016-037,HIVE-016,ESP32-1016,2026-02-09T06:00:00,62,23,0.5993,mid_stage_stable,dry,stable_clear,32.83,67.01,131,102,185,216,0.5115,0.0,0.5288,approaching,False,0,False
BH-MID-016-038,HIVE-016,ESP32-1016,2026-02-09T12:00:00,62,28,0.6048,mid_stage_stable,dry,stable_clear,32.19,67.28,126,101,184,214,0.5465,0.0,0.5593,approaching,False,0,False
BH-MID-016-039,HIVE-016,ESP32-1016,2026-02-09T18:00:00,63,31,0.5924,mid_stage_stable,dry,stable_clear,32.06,66.81,132,102,181,216,0.5755,0.0,0.5858,approaching,False,0,False
BH-MID-016-040,HIVE-016,ESP32-1016,2026-02-10T00:00:00,63,27,0.6041,mid_stage_stable,dry,stable_clear,32.24,68.01,125,99,182,214,0.553,0.0,0.5655,approaching,False,0,False
BH-MID-016-041,HIVE-016,ESP32-1016,2026-02-10T06:00:00,64,28,0.5821,mid_stage_stable,dry,stable_clear,32.38,67.91,124,103,182,210,0.5447,0.0,0.5589,approaching,False,0,False
BH-MID-016-042,HIVE-016,ESP32-1016,2026-02-10T12:00:00,64,28,0.5982,mid_stage_stable,dry,stable_clear,32.71,66.95,126,104,179,211,0.5756,0.0,0.5853,approaching,False,0,False
BH-MID-016-043,HIVE-016,ESP32-1016,2026-02-10T18:00:00,65,30,0.594,mid_stage_stable,dry,midday_heat,33.1,66.54,133,112,178,215,0.5585,0.0,0.5701,approaching,False,0,False
BH-MID-016-044,HIVE-016,ESP32-1016,2026-02-11T00:00:00,65,26,0.6127,mid_stage_stable,dry,midday_heat,33.13,65.57,133,113,186,220,0.5713,0.0,0.5821,approaching,False,0,False
BH-MID-016-045,HIVE-016,ESP32-1016,2026-02-11T06:00:00,66,30,0.5938,mid_stage_stable,dry,stable_clear,33.11,65.1,131,117,189,229,0.5341,0.0356,0.5299,approaching,False,0,False
BH-MID-016-046,HIVE-016,ESP32-1016,2026-02-11T12:00:00,66,32,0.6316,mid_stage_stable,dry,stable_clear,33.68,65.9,130,118,182,226,0.5394,0.0728,0.513,approaching,False,1,False
BH-MID-016-047,HIVE-016,ESP32-1016,2026-02-11T18:00:00,67,32,0.6247,mid_stage_stable,dry,stable_clear,33.44,65.95,128,117,189,205,0.5875,0.0157,0.5875,approaching,False,0,False
BH-MID-016-048,HIVE-016,ESP32-1016,2026-02-12T00:00:00,67,31,0.6302,mid_stage_stable,dry,stable_clear,33.81,65.89,129,108,185,206,0.5334,0.0979,0.4945,approaching,False,1,False
BH-MID-016-049,HIVE-016,ESP32-1016,2026-02-12T06:00:00,68,37,0.6267,mid_stage_stable,dry,stable_clear,33.75,65.37,132,108,187,217,0.5684,0.0855,0.5326,approaching,False,1,False
BH-MID-016-050,HIVE-016,ESP32-1016,2026-02-12T12:00:00,69,30,0.642,mid_stage_stable,dry,stable_clear,33.37,65.93,124,106,187,211,0.5553,0.0306,0.5505,approaching,False,0,False
BH-MID-016-051,HIVE-016,ESP32-1016,2026-02-12T18:00:00,69,38,0.6432,mid_stage_stable,dry,stable_clear,33.07,66.57,128,104,190,210,0.5819,0.0,0.591,approaching,False,0,False
BH-MID-016-052,HIVE-016,ESP32-1016,2026-02-13T00:00:00,70,31,0.6123,mid_stage_stable,dry,stable_clear,32.69,66.63,124,102,179,210,0.5756,0.0,0.5854,approaching,False,0,False
BH-MID-016-053,HIVE-016,ESP32-1016,2026-02-13T06:00:00,70,31,0.6466,mid_stage_stable,dry,stable_clear,32.83,65.99,132,98,184,215,0.5817,0.0,0.5909,approaching,False,0,False
BH-MID-016-054,HIVE-016,ESP32-1016,2026-02-13T12:00:00,71,40,0.6301,mid_stage_stable,dry,stable_clear,32.57,66.81,130,97,181,214,0.5625,0.0,0.574,approaching,False,0,False
BH-MID-016-055,HIVE-016,ESP32-1016,2026-02-13T18:00:00,71,30,0.6247,mid_stage_stable,dry,stable_clear,32.45,67.56,131,99,174,219,0.5908,0.0,0.5992,approaching,False,0,False
BH-MID-016-056,HIVE-016,ESP32-1016,2026-02-14T00:00:00,72,32,0.6301,mid_stage_stable,dry,stable_clear,32.49,67.04,131,98,176,218,0.6084,0.0,0.615,nearly_ready,False,0,False
BH-MID-016-057,HIVE-016,ESP32-1016,2026-02-14T06:00:00,72,35,0.6316,mid_stage_stable,dry,stable_clear,32.64,67.31,134,95,176,214,0.5978,0.0,0.6055,nearly_ready,False,0,False
BH-MID-016-058,HIVE-016,ESP32-1016,2026-02-14T12:00:00,72,34,0.6455,mid_stage_stable,dry,stable_clear,32.42,68.38,134,99,179,210,0.5738,0.0,0.5838,approaching,False,0,False
BH-MID-016-059,HIVE-016,ESP32-1016,2026-02-14T18:00:00,73,42,0.6376,mid_stage_stable,dry,stable_clear,31.85,67.27,134,105,188,220,0.5828,0.0,0.5908,approaching,False,0,False
BH-MID-016-060,HIVE-016,ESP32-1016,2026-02-15T00:00:00,73,39,0.6615,mid_stage_stable,dry,stable_clear,31.96,67.3,129,104,187,219,0.6149,0.0,0.6207,nearly_ready,False,0,False
BH-MID-016-061,HIVE-016,ESP32-1016,2026-02-15T06:00:00,74,41,0.6744,mid_stage_stable,dry,stable_clear,32.22,66.68,133,106,183,216,0.6148,0.0,0.62,nearly_ready,False,0,False
BH-MID-016-062,HIVE-016,ESP32-1016,2026-02-15T12:00:00,74,37,0.668,mid_stage_stable,dry,stable_clear,32.13,67.45,125,109,184,221,0.6198,0.0,0.6246,nearly_ready,False,0,False
BH-MID-016-063,HIVE-016,ESP32-1016,2026-02-15T18:00:00,75,44,0.661,mid_stage_stable,dry,stable_clear,32.52,66.83,130,105,182,224,0.6047,0.0,0.6108,nearly_ready,False,0,False
BH-MID-016-064,HIVE-016,ESP32-1016,2026-02-16T00:00:00,75,35,0.6572,mid_stage_stable,dry,stable_clear,32.37,66.99,131,100,185,225,0.5989,0.0,0.6065,nearly_ready,False,0,False
BH-MID-016-065,HIVE-016,ESP32-1016,2026-02-16T06:00:00,75,34,0.6803,mid_stage_stable,dry,stable_clear,32.49,66.51,125,102,191,213,0.6242,0.0,0.6284,nearly_ready,False,0,False
BH-MID-016-066,HIVE-016,ESP32-1016,2026-02-16T12:00:00,76,36,0.6524,mid_stage_stable,dry,stable_clear,32.38,66.47,127,98,188,203,0.5567,0.0,0.5694,approaching,False,0,False
BH-MID-016-067,HIVE-016,ESP32-1016,2026-02-16T18:00:00,76,43,0.6621,mid_stage_stable,dry,stable_clear,32.44,65.93,126,98,181,214,0.6144,0.0,0.62,nearly_ready,False,0,False
BH-MID-016-068,HIVE-016,ESP32-1016,2026-02-17T00:00:00,76,41,0.6772,mid_stage_stable,dry,stable_clear,32.19,66.65,125,102,186,210,0.622,0.0,0.6263,nearly_ready,False,0,False
BH-MID-016-069,HIVE-016,ESP32-1016,2026-02-17T06:00:00,77,37,0.6634,mid_stage_stable,dry,stable_clear,32.2,66.87,127,102,199,212,0.6127,0.0,0.6188,nearly_ready,False,0,False
BH-MID-016-070,HIVE-016,ESP32-1016,2026-02-17T12:00:00,77,43,0.677,mid_stage_stable,dry,stable_clear,31.97,67.05,125,100,188,209,0.5863,0.0,0.5951,approaching,False,0,False
BH-MID-016-071,HIVE-016,ESP32-1016,2026-02-17T18:00:00,77,46,0.6735,mid_stage_stable,dry,cloudy_stable,32.0,68.66,133,103,187,203,0.6284,0.0,0.6319,nearly_ready,False,0,False
BH-MID-016-072,HIVE-016,ESP32-1016,2026-02-18T00:00:00,78,42,0.6716,mid_stage_stable,dry,cloudy_stable,31.93,67.7,135,110,189,211,0.6021,0.0,0.609,nearly_ready,False,0,False
BH-MID-016-073,HIVE-016,ESP32-1016,2026-02-18T06:00:00,78,46,0.6845,mid_stage_stable,dry,cloudy_stable,31.54,67.56,139,110,197,223,0.5866,0.0,0.595,approaching,False,0,False
BH-MID-016-074,HIVE-016,ESP32-1016,2026-02-18T12:00:00,78,40,0.6978,mid_stage_stable,dry,cloudy_stable,31.55,68.88,138,115,190,213,0.6457,0.0,0.6472,nearly_ready,False,0,False
BH-MID-016-076,HIVE-016,ESP32-1016,2026-02-19T00:00:00,78,44,0.6933,mid_stage_stable,dry,cloudy_stable,32.21,76.39,121,94,185,240,0.582,0.0,0.5869,approaching,False,0,False
BH-MID-016-077,HIVE-016,ESP32-1016,2026-02-19T06:00:00,79,46,0.666,mid_stage_stable,dry,cloudy_stable,32.32,72.86,129,101,188,231,0.6013,0.0,0.6068,nearly_ready,False,0,False
BH-MID-016-078,HIVE-016,ESP32-1016,2026-02-19T12:00:00,79,39,0.6716,mid_stage_stable,dry,stable_clear,32.39,70.03,127,102,185,228,0.5972,0.0,0.604,nearly_ready,False,0,False
BH-MID-016-079,HIVE-016,ESP32-1016,2026-02-19T18:00:00,79,40,0.7005,mid_stage_stable,dry,cloudy_stable,32.08,69.83,128,106,191,231,0.632,0.0,0.6352,nearly_ready,False,0,False
BH-MID-016-080,HIVE-016,ESP32-1016,2026-02-20T00:00:00,79,44,0.6967,mid_stage_stable,dry,cloudy_stable,32.12,70.67,131,112,193,235,0.6407,0.0,0.6431,nearly_ready,False,0,False
BH-MID-016-081,HIVE-016,ESP32-1016,2026-02-20T06:00:00,79,38,0.6955,mid_stage_stable,dry,midday_heat,32.72,67.87,139,107,191,221,0.583,0.0,0.5901,approaching,False,0,False
BH-MID-016-082,HIVE-016,ESP32-1016,2026-02-20T12:00:00,79,47,0.6916,mid_stage_stable,dry,midday_heat,33.06,65.63,143,120,190,222,0.6212,0.0129,0.6175,nearly_ready,False,0,False
BH-MID-016-083,HIVE-016,ESP32-1016,2026-02-20T18:00:00,79,43,0.6667,mid_stage_stable,dry,midday_heat,33.24,66.83,143,117,200,222,0.6176,0.0054,0.6194,nearly_ready,False,0,False
BH-MID-017-000,HIVE-017,ESP32-1017,2026-02-20T20:00:00,84,11,0.4303,mid_stage_stable,inter_monsoon,stable_clear,31.8,65.58,113,84,172,230,0.4978,0.0,0.5159,approaching,False,0,False
BH-MID-017-001,HIVE-017,ESP32-1017,2026-02-21T02:00:00,84,16,0.4002,mid_stage_stable,inter_monsoon,post_rain,31.5,68.93,125,89,181,242,0.4437,0.0,0.4677,approaching,False,0,False
BH-MID-017-002,HIVE-017,ESP32-1017,2026-02-21T08:00:00,84,15,0.4016,mid_stage_stable,inter_monsoon,post_rain,30.94,69.53,119,99,181,236,0.4638,0.0,0.4864,approaching,False,0,False
BH-MID-017-003,HIVE-017,ESP32-1017,2026-02-21T14:00:00,84,10,0.4016,mid_stage_stable,inter_monsoon,post_rain,30.78,69.89,120,100,190,238,0.4885,0.0,0.5092,approaching,False,0,False
BH-MID-017-004,HIVE-017,ESP32-1017,2026-02-21T20:00:00,84,15,0.4223,mid_stage_stable,inter_monsoon,post_rain,30.75,71.59,127,93,189,226,0.4822,0.0,0.5031,approaching,False,0,False
BH-MID-017-005,HIVE-017,ESP32-1017,2026-02-22T02:00:00,84,17,0.4195,mid_stage_stable,inter_monsoon,post_rain,30.6,71.75,125,101,180,227,0.4892,0.0,0.5098,approaching,False,0,False
BH-MID-017-006,HIVE-017,ESP32-1017,2026-02-22T08:00:00,84,10,0.426,mid_stage_stable,inter_monsoon,cloudy_stable,31.11,70.18,121,94,178,231,0.4555,0.0,0.4788,approaching,False,0,False
BH-MID-017-007,HIVE-017,ESP32-1017,2026-02-22T14:00:00,85,16,0.4109,mid_stage_stable,inter_monsoon,cloudy_stable,31.15,70.03,120,88,179,231,0.4974,0.0,0.5174,approaching,False,0,False
BH-MID-017-008,HIVE-017,ESP32-1017,2026-02-22T20:00:00,85,13,0.4077,mid_stage_stable,inter_monsoon,cloudy_stable,31.18,69.62,121,91,180,230,0.449,0.0,0.4748,approaching,False,0,False
BH-MID-017-009,HIVE-017,ESP32-1017,2026-02-23T02:00:00,85,9,0.4241,mid_stage_stable,inter_monsoon,cloudy_stable,31.32,67.88,123,94,179,230,0.4815,0.0,0.5025,approaching,False,0,False
BH-MID-017-010,HIVE-017,ESP32-1017,2026-02-23T08:00:00,85,16,0.4189,mid_stage_stable,inter_monsoon,stable_clear,31.49,67.05,123,89,179,225,0.4878,0.0,0.5084,approaching,False,0,False
BH-MID-017-011,HIVE-017,ESP32-1017,2026-02-23T14:00:00,85,13,0.4438,mid_stage_stable,inter_monsoon,stable_clear,32.05,65.72,114,96,170,228,0.4975,0.0,0.5156,approaching,False,0,False
BH-MID-017-012,HIVE-017,ESP32-1017,2026-02-23T20:00:00,86,12,0.4458,mid_stage_stable,inter_monsoon,stable_clear,32.04,64.42,124,90,175,227,0.5111,0.0,0.5287,approaching,False,0,False
BH-MID-017-013,HIVE-017,ESP32-1017,2026-02-24T02:00:00,86,17,0.4172,mid_stage_stable,inter_monsoon,stable_clear,32.03,63.94,124,95,178,231,0.515,0.0,0.5328,approaching,False,0,False
BH-MID-017-014,HIVE-017,ESP32-1017,2026-02-24T08:00:00,86,18,0.4351,mid_stage_stable,inter_monsoon,stable_clear,32.07,64.38,128,91,188,240,0.5148,0.0,0.5323,approaching,False,0,False
BH-MID-017-015,HIVE-017,ESP32-1017,2026-02-24T14:00:00,86,16,0.4464,mid_stage_stable,inter_monsoon,stable_clear,32.45,64.29,123,90,180,232,0.5256,0.0,0.5414,approaching,False,0,False
BH-MID-017-016,HIVE-017,ESP32-1017,2026-02-24T20:00:00,87,11,0.4613,mid_stage_stable,inter_monsoon,stable_clear,33.07,63.43,124,93,186,239,0.4898,0.0271,0.4943,approaching,False,0,False
BH-MID-017-017,HIVE-017,ESP32-1017,2026-02-25T02:00:00,87,14,0.4449,mid_stage_stable,inter_monsoon,stable_clear,33.47,62.95,129,98,184,235,0.4672,0.041,0.4673,approaching,False,0,False
BH-MID-017-018,HIVE-017,ESP32-1017,2026-02-25T08:00:00,87,11,0.4382,mid_stage_stable,inter_monsoon,stable_clear,32.37,64.22,118,93,178,219,0.518,0.0,0.5325,approaching,False,0,False
BH-MID-017-019,HIVE-017,ESP32-1017,2026-02-25T14:00:00,88,13,0.4536,mid_stage_stable,inter_monsoon,stable_clear,31.93,64.74,120,88,177,219,0.5345,0.0,0.5491,approaching,False,0,False
BH-MID-017-020,HIVE-017,ESP32-1017,2026-02-25T20:00:00,88,19,0.4368,mid_stage_stable,inter_monsoon,stable_clear,31.88,64.7,131,93,184,240,0.4839,0.0,0.5051,approaching,False,0,False
BH-MID-017-021,HIVE-017,ESP32-1017,2026-02-26T02:00:00,88,14,0.4499,mid_stage_stable,inter_monsoon,humid_rain,31.17,68.62,141,101,195,242,0.4715,0.0,0.4911,approaching,False,0,False
BH-MID-017-022,HIVE-017,ESP32-1017,2026-02-26T08:00:00,89,15,0.4648,mid_stage_stable,inter_monsoon,humid_rain,30.57,70.22,144,109,198,241,0.4836,0.0,0.5034,approaching,False,0,False
BH-MID-017-023,HIVE-017,ESP32-1017,2026-02-26T14:00:00,89,15,0.4556,mid_stage_stable,inter_monsoon,humid_rain,30.7,72.47,142,108,203,251,0.4878,0.0,0.5077,approaching,False,0,False
BH-MID-017-024,HIVE-017,ESP32-1017,2026-02-26T20:00:00,90,21,0.4873,mid_stage_stable,inter_monsoon,humid_rain,30.5,73.34,138,104,189,244,0.5519,0.0,0.5644,approaching,False,0,False
BH-MID-017-025,HIVE-017,ESP32-1017,2026-02-27T02:00:00,90,16,0.4703,mid_stage_stable,inter_monsoon,humid_rain,30.63,72.86,142,99,186,235,0.5234,0.0,0.5398,approaching,False,0,False
BH-MID-017-026,HIVE-017,ESP32-1017,2026-02-27T08:00:00,91,16,0.4962,mid_stage_stable,inter_monsoon,humid_rain,30.67,72.52,141,104,186,232,0.5592,0.0,0.5717,approaching,False,0,False
BH-MID-017-027,HIVE-017,ESP32-1017,2026-02-27T14:00:00,91,22,0.4902,mid_stage_stable,inter_monsoon,humid_rain,31.03,72.7,139,102,188,242,0.4979,0.0,0.5171,approaching,False,0,False
BH-MID-017-028,HIVE-017,ESP32-1017,2026-02-27T20:00:00,91,15,0.481,mid_stage_stable,inter_monsoon,humid_rain,31.0,73.05,134,96,190,239,0.4938,0.0,0.5141,approaching,False,0,False
BH-MID-017-029,HIVE-017,ESP32-1017,2026-02-28T02:00:00,92,22,0.4875,mid_stage_stable,inter_monsoon,humid_rain,30.83,73.85,130,103,190,220,0.5526,0.0,0.5652,approaching,False,0,False
BH-MID-017-030,HIVE-017,ESP32-1017,2026-02-28T08:00:00,92,21,0.4801,mid_stage_stable,inter_monsoon,humid_rain,30.87,72.96,128,108,186,240,0.5098,0.0,0.5278,approaching,False,0,False
BH-MID-017-031,HIVE-017,ESP32-1017,2026-02-28T14:00:00,93,20,0.479,mid_stage_stable,inter_monsoon,humid_rain,31.54,73.32,127,104,185,249,0.4911,0.0,0.5105,approaching,False,0,False
BH-MID-017-032,HIVE-017,ESP32-1017,2026-02-28T20:00:00,93,23,0.504,mid_stage_stable,inter_monsoon,humid_rain,31.26,73.65,132,101,195,253,0.5633,0.0,0.5747,approaching,False,0,False
BH-MID-017-033,HIVE-017,ESP32-1017,2026-03-01T02:00:00,94,28,0.5222,mid_stage_stable,inter_monsoon,humid_rain,31.59,72.61,131,103,199,258,0.5312,0.0,0.5461,approaching,False,0,False
BH-MID-017-034,HIVE-017,ESP32-1017,2026-03-01T08:00:00,94,23,0.5251,mid_stage_stable,inter_monsoon,humid_rain,31.23,72.09,135,105,202,248,0.5315,0.0,0.5465,approaching,False,0,False
BH-MID-017-035,HIVE-017,ESP32-1017,2026-03-01T14:00:00,95,21,0.4987,mid_stage_stable,inter_monsoon,humid_rain,31.58,73.55,133,106,195,251,0.5264,0.0,0.5417,approaching,False,0,False
BH-MID-017-036,HIVE-017,ESP32-1017,2026-03-01T20:00:00,95,25,0.532,mid_stage_stable,inter_monsoon,humid_rain,31.18,72.64,132,109,202,256,0.5284,0.0,0.5435,approaching,False,0,False
BH-MID-017-037,HIVE-017,ESP32-1017,2026-03-02T02:00:00,96,27,0.5066,mid_stage_stable,inter_monsoon,stable_clear,31.58,69.68,127,106,194,239,0.5235,0.0,0.538,approaching,False,0,False
BH-MID-017-038,HIVE-017,ESP32-1017,2026-03-02T08:00:00,96,25,0.5309,mid_stage_stable,inter_monsoon,humid_rain,31.07,71.41,134,105,191,238,0.5659,0.0,0.576,approaching,False,0,False
BH-MID-017-039,HIVE-017,ESP32-1017,2026-03-02T14:00:00,97,31,0.5539,mid_stage_stable,inter_monsoon,stable_clear,31.42,68.98,133,99,192,248,0.5689,0.0,0.5785,approaching,False,0,False
BH-MID-017-040,HIVE-017,ESP32-1017,2026-03-02T20:00:00,97,21,0.5352,mid_stage_stable,inter_monsoon,post_rain,31.54,70.33,135,94,191,234,0.5649,0.0,0.5759,approaching,False,0,False
BH-MID-017-041,HIVE-017,ESP32-1017,2026-03-03T02:00:00,98,31,0.5307,mid_stage_stable,inter_monsoon,post_rain,31.5,71.89,136,99,193,246,0.561,0.0,0.5726,approaching,False,0,False
BH-MID-017-042,HIVE-017,ESP32-1017,2026-03-03T08:00:00,98,27,0.5344,mid_stage_stable,inter_monsoon,stable_clear,31.73,68.34,125,104,190,244,0.5263,0.0,0.5406,approaching,False,0,False
BH-MID-017-043,HIVE-017,ESP32-1017,2026-03-03T14:00:00,99,27,0.5721,mid_stage_stable,inter_monsoon,stable_clear,31.77,66.62,128,106,194,242,0.56,0.0,0.5718,approaching,False,0,False
BH-MID-017-044,HIVE-017,ESP32-1017,2026-03-03T20:00:00,99,29,0.5597,mid_stage_stable,inter_monsoon,stable_clear,31.58,66.14,127,100,197,237,0.5763,0.0,0.5863,approaching,False,0,False
BH-MID-017-045,HIVE-017,ESP32-1017,2026-03-04T02:00:00,100,26,0.5561,mid_stage_stable,inter_monsoon,post_rain,31.35,68.41,134,99,190,242,0.5487,0.0,0.5611,approaching,False,0,False
BH-MID-017-046,HIVE-017,ESP32-1017,2026-03-04T08:00:00,100,29,0.5654,mid_stage_stable,inter_monsoon,post_rain,31.06,70.01,135,104,179,234,0.5575,0.0,0.5689,approaching,False,0,False
BH-MID-017-047,HIVE-017,ESP32-1017,2026-03-04T14:00:00,101,29,0.5908,mid_stage_stable,inter_monsoon,post_rain,31.01,70.16,127,107,187,230,0.5728,0.0,0.5835,approaching,False,0,False
BH-MID-017-048,HIVE-017,ESP32-1017,2026-03-04T20:00:00,101,34,0.5921,mid_stage_stable,inter_monsoon,post_rain,30.95,70.67,132,104,190,239,0.562,0.0,0.5739,approaching,False,0,False
BH-MID-017-049,HIVE-017,ESP32-1017,2026-03-05T02:00:00,102,34,0.5745,mid_stage_stable,inter_monsoon,stable_clear,31.74,67.43,134,104,182,227,0.5903,0.0,0.5961,approaching,False,0,False
BH-MID-017-050,HIVE-017,ESP32-1017,2026-03-05T08:00:00,102,28,0.587,mid_stage_stable,inter_monsoon,stable_clear,32.0,66.18,133,94,180,223,0.6198,0.0,0.6241,nearly_ready,False,0,False
BH-MID-017-051,HIVE-017,ESP32-1017,2026-03-05T14:00:00,103,27,0.6071,mid_stage_stable,inter_monsoon,stable_clear,32.02,66.16,130,92,183,234,0.6166,0.0,0.6223,nearly_ready,False,0,False
BH-MID-017-052,HIVE-017,ESP32-1017,2026-03-05T20:00:00,103,33,0.5924,mid_stage_stable,inter_monsoon,stable_clear,31.73,66.11,121,95,189,225,0.6026,0.0,0.6093,nearly_ready,False,0,False
BH-MID-017-053,HIVE-017,ESP32-1017,2026-03-06T02:00:00,104,28,0.5984,mid_stage_stable,inter_monsoon,cloudy_stable,31.94,67.83,131,102,178,232,0.5919,0.0,0.5991,approaching,False,0,False
BH-MID-017-055,HIVE-017,ESP32-1017,2026-03-06T14:00:00,105,38,0.6011,mid_stage_stable,inter_monsoon,cloudy_stable,32.88,65.57,139,95,191,212,0.6,0.0088,0.5989,approaching,False,0,False
BH-MID-017-056,HIVE-017,ESP32-1017,2026-03-06T20:00:00,105,37,0.5959,mid_stage_stable,inter_monsoon,cloudy_stable,32.2,66.42,125,96,193,219,0.6201,0.0,0.6235,nearly_ready,False,0,False
BH-MID-017-057,HIVE-017,ESP32-1017,2026-03-07T02:00:00,105,31,0.619,mid_stage_stable,inter_monsoon,cloudy_stable,31.35,66.53,121,99,187,228,0.6029,0.0,0.6085,nearly_ready,False,0,False
BH-MID-017-058,HIVE-017,ESP32-1017,2026-03-07T08:00:00,106,33,0.6289,mid_stage_stable,inter_monsoon,cloudy_stable,31.74,67.97,120,99,187,229,0.6117,0.0,0.6168,nearly_ready,False,0,False
BH-MID-017-059,HIVE-017,ESP32-1017,2026-03-07T14:00:00,106,39,0.6215,mid_stage_stable,inter_monsoon,cloudy_stable,31.6,67.54,120,100,181,233,0.609,0.0,0.6153,nearly_ready,False,0,False
BH-MID-017-060,HIVE-017,ESP32-1017,2026-03-07T20:00:00,107,40,0.6167,mid_stage_stable,inter_monsoon,cloudy_stable,31.86,67.2,123,103,180,226,0.6193,0.0,0.6241,nearly_ready,False,0,False
BH-MID-017-061,HIVE-017,ESP32-1017,2026-03-08T02:00:00,107,41,0.6149,mid_stage_stable,inter_monsoon,humid_rain,31.69,70.05,128,106,188,232,0.6179,0.0,0.6218,nearly_ready,False,0,False
BH-MID-017-062,HIVE-017,ESP32-1017,2026-03-08T08:00:00,108,34,0.6397,mid_stage_stable,inter_monsoon,humid_rain,31.46,71.89,130,113,196,246,0.6183,0.0,0.6223,nearly_ready,False,0,False
BH-MID-017-063,HIVE-017,ESP32-1017,2026-03-08T14:00:00,108,42,0.6224,mid_stage_stable,inter_monsoon,humid_rain,31.16,72.43,143,107,195,241,0.6093,0.0,0.6149,nearly_ready,False,0,False
BH-MID-017-064,HIVE-017,ESP32-1017,2026-03-08T20:00:00,108,33,0.6521,mid_stage_stable,inter_monsoon,humid_rain,31.24,72.18,139,110,199,232,0.6144,0.0,0.6201,nearly_ready,False,0,False
BH-MID-017-065,HIVE-017,ESP32-1017,2026-03-09T02:00:00,109,41,0.6327,mid_stage_stable,inter_monsoon,cloudy_stable,31.97,69.65,141,109,203,236,0.6346,0.0,0.6356,nearly_ready,False,0,False
BH-MID-017-066,HIVE-017,ESP32-1017,2026-03-09T08:00:00,109,35,0.6633,mid_stage_stable,inter_monsoon,cloudy_stable,32.4,68.61,147,109,208,242,0.6052,0.0,0.6109,nearly_ready,False,0,False
BH-MID-017-067,HIVE-017,ESP32-1017,2026-03-09T14:00:00,109,43,0.6566,mid_stage_stable,inter_monsoon,cloudy_stable,31.96,68.58,136,97,193,252,0.6108,0.0,0.6159,nearly_ready,False,0,False
BH-MID-017-068,HIVE-017,ESP32-1017,2026-03-09T20:00:00,110,44,0.6413,mid_stage_stable,inter_monsoon,post_rain,31.46,70.24,133,99,189,262,0.6193,0.0,0.623,nearly_ready,False,0,False
BH-MID-017-069,HIVE-017,ESP32-1017,2026-03-10T02:00:00,110,37,0.6431,mid_stage_stable,inter_monsoon,stable_clear,31.82,67.48,129,93,186,262,0.6179,0.0,0.6215,nearly_ready,False,0,False
BH-MID-017-070,HIVE-017,ESP32-1017,2026-03-10T08:00:00,110,39,0.6523,mid_stage_stable,inter_monsoon,stable_clear,31.93,66.68,129,95,178,251,0.6659,0.0,0.6651,nearly_ready,False,0,False
BH-MID-017-071,HIVE-017,ESP32-1017,2026-03-10T14:00:00,110,35,0.6481,mid_stage_stable,inter_monsoon,stable_clear,31.65,65.55,129,108,186,232,0.6013,0.0,0.6075,nearly_ready,False,0,False
BH-MID-017-072,HIVE-017,ESP32-1017,2026-03-10T20:00:00,111,43,0.6619,mid_stage_stable,inter_monsoon,cloudy_stable,31.66,65.98,126,104,183,232,0.6248,0.0,0.6294,nearly_ready,False,0,False
BH-MID-017-073,HIVE-017,ESP32-1017,2026-03-11T02:00:00,111,36,0.6585,mid_stage_stable,inter_monsoon,stable_clear,32.39,65.05,118,100,194,231,0.62,0.0,0.6233,nearly_ready,False,0,False
BH-MID-017-074,HIVE-017,ESP32-1017,2026-03-11T08:00:00,111,36,0.6581,mid_stage_stable,inter_monsoon,stable_clear,32.18,63.09,126,105,202,248,0.663,0.0,0.6615,nearly_ready,False,0,False
BH-MID-017-075,HIVE-017,ESP32-1017,2026-03-11T14:00:00,111,44,0.6623,mid_stage_stable,inter_monsoon,stable_clear,32.11,61.49,134,109,202,244,0.633,0.0,0.6359,nearly_ready,False,0,False
BH-MID-017-076,HIVE-017,ESP32-1017,2026-03-11T20:00:00,111,43,0.6674,mid_stage_stable,inter_monsoon,humid_rain,31.59,66.46,132,104,196,238,0.635,0.0,0.6351,nearly_ready,False,0,False
BH-MID-017-077,HIVE-017,ESP32-1017,2026-03-12T02:00:00,112,42,0.6727,mid_stage_stable,inter_monsoon,humid_rain,31.3,70.53,136,101,193,239,0.6044,0.0,0.6092,nearly_ready,False,0,False
BH-MID-017-078,HIVE-017,ESP32-1017,2026-03-12T08:00:00,112,44,0.6639,mid_stage_stable,inter_monsoon,humid_rain,31.04,71.46,132,113,197,249,0.6374,0.0,0.6395,nearly_ready,False,0,False
BH-MID-017-079,HIVE-017,ESP32-1017,2026-03-12T14:00:00,112,38,0.6778,mid_stage_stable,inter_monsoon,humid_rain,31.03,72.78,134,111,198,256,0.6144,0.0,0.6199,nearly_ready,False,0,False
BH-MID-017-080,HIVE-017,ESP32-1017,2026-03-12T20:00:00,112,37,0.6731,mid_stage_stable,inter_monsoon,humid_rain,30.85,72.42,138,109,198,250,0.6401,0.0,0.6425,nearly_ready,False,0,False
BH-MID-017-081,HIVE-017,ESP32-1017,2026-03-13T02:00:00,112,46,0.6903,mid_stage_stable,inter_monsoon,stable_clear,31.6,67.75,135,111,189,239,0.6697,0.0,0.6653,nearly_ready,False,0,False
BH-MID-017-082,HIVE-017,ESP32-1017,2026-03-13T08:00:00,112,44,0.6826,mid_stage_stable,inter_monsoon,cloudy_stable,31.75,67.46,129,112,195,236,0.6311,0.0,0.6346,nearly_ready,False,0,False
BH-MID-017-083,HIVE-017,ESP32-1017,2026-03-13T14:00:00,112,42,0.6904,mid_stage_stable,inter_monsoon,cloudy_stable,31.94,67.01,125,105,190,239,0.64,0.0,0.6423,nearly_ready,False,0,False
BH-MID-018-000,HIVE-018,ESP32-1018,2026-03-15T08:00:00,70,8,0.2982,mid_stage_stable,inter_monsoon,stable_clear,31.57,64.5,92,96,168,205,0.3877,0.0,0.419,approaching,False,0,False
BH-MID-018-001,HIVE-018,ESP32-1018,2026-03-15T14:00:00,70,8,0.2893,mid_stage_stable,inter_monsoon,stable_clear,31.62,65.65,93,98,161,223,0.3787,0.0,0.4123,approaching,False,0,False
BH-MID-018-002,HIVE-018,ESP32-1018,2026-03-15T20:00:00,70,8,0.2645,mid_stage_stable,inter_monsoon,stable_clear,31.55,65.8,92,104,166,223,0.3841,0.0,0.4176,approaching,False,0,False
BH-MID-018-003,HIVE-018,ESP32-1018,2026-03-16T02:00:00,70,13,0.2651,mid_stage_stable,inter_monsoon,stable_clear,31.7,64.71,97,104,175,209,0.4075,0.0,0.4374,approaching,False,0,False
BH-MID-018-004,HIVE-018,ESP32-1018,2026-03-16T08:00:00,70,13,0.2803,mid_stage_stable,inter_monsoon,stable_clear,31.69,65.35,96,103,184,209,0.3708,0.0,0.4058,approaching,False,0,False
BH-MID-018-005,HIVE-018,ESP32-1018,2026-03-16T14:00:00,70,11,0.2873,mid_stage_stable,inter_monsoon,stable_clear,31.53,65.09,92,103,172,209,0.386,0.0,0.4189,approaching,False,0,False
BH-MID-018-006,HIVE-018,ESP32-1018,2026-03-16T20:00:00,70,12,0.2728,mid_stage_stable,inter_monsoon,stable_clear,31.38,64.05,93,103,172,216,0.415,0.0,0.4443,approaching,False,0,False
BH-MID-018-007,HIVE-018,ESP32-1018,2026-03-17T02:00:00,71,19,0.3011,mid_stage_stable,inter_monsoon,post_rain,30.89,67.51,97,107,184,223,0.4227,0.0,0.449,approaching,False,0,False
BH-MID-018-008,HIVE-018,ESP32-1018,2026-03-17T08:00:00,71,17,0.2759,mid_stage_stable,inter_monsoon,post_rain,31.35,69.45,95,104,171,222,0.3837,0.0,0.4155,approaching,False,0,False
BH-MID-018-009,HIVE-018,ESP32-1018,2026-03-17T14:00:00,71,11,0.3084,mid_stage_stable,inter_monsoon,post_rain,31.05,70.06,94,104,181,215,0.392,0.0,0.4238,approaching,False,0,False
BH-MID-018-010,HIVE-018,ESP32-1018,2026-03-17T20:00:00,71,14,0.2751,mid_stage_stable,inter_monsoon,post_rain,30.36,71.0,98,111,177,217,0.3555,0.0,0.3907,approaching,False,0,False
BH-MID-018-011,HIVE-018,ESP32-1018,2026-03-18T02:00:00,71,9,0.3104,mid_stage_stable,inter_monsoon,post_rain,31.06,72.14,107,119,174,238,0.3803,0.0,0.4122,approaching,False,0,False
BH-MID-018-012,HIVE-018,ESP32-1018,2026-03-18T08:00:00,71,11,0.3119,mid_stage_stable,inter_monsoon,post_rain,31.04,73.53,115,117,178,239,0.4019,0.0,0.4327,approaching,False,0,False
BH-MID-018-013,HIVE-018,ESP32-1018,2026-03-18T14:00:00,72,18,0.3198,mid_stage_stable,inter_monsoon,post_rain,30.9,72.08,101,113,176,229,0.4013,0.0,0.4317,approaching,False,0,False
BH-MID-018-014,HIVE-018,ESP32-1018,2026-03-18T20:00:00,72,11,0.3218,mid_stage_stable,inter_monsoon,stable_clear,31.29,67.96,96,104,173,219,0.383,0.0,0.4139,approaching,False,0,False
BH-MID-018-015,HIVE-018,ESP32-1018,2026-03-19T02:00:00,72,14,0.3204,mid_stage_stable,inter_monsoon,humid_rain,31.1,70.66,106,110,178,220,0.4032,0.0,0.4327,approaching,False,0,False
BH-MID-018-016,HIVE-018,ESP32-1018,2026-03-19T08:00:00,72,18,0.2978,mid_stage_stable,inter_monsoon,humid_rain,30.7,71.99,101,113,180,222,0.3866,0.0,0.4186,approaching,False,0,False
BH-MID-018-017,HIVE-018,ESP32-1018,2026-03-19T14:00:00,73,14,0.3061,mid_stage_stable,inter_monsoon,humid_rain,30.68,71.85,109,114,194,226,0.4435,0.0,0.4697,approaching,False,0,False
BH-MID-018-018,HIVE-018,ESP32-1018,2026-03-19T20:00:00,73,20,0.3047,mid_stage_stable,inter_monsoon,humid_rain,30.54,71.81,112,112,178,235,0.4443,0.0,0.4702,approaching,False,0,False
BH-MID-018-019,HIVE-018,ESP32-1018,2026-03-20T02:00:00,73,18,0.329,mid_stage_stable,inter_monsoon,stable_clear,31.4,68.03,102,107,175,216,0.4356,0.0,0.4593,approaching,False,0,False
BH-MID-018-020,HIVE-018,ESP32-1018,2026-03-20T08:00:00,74,12,0.3189,mid_stage_stable,inter_monsoon,stable_clear,31.89,67.03,95,104,175,220,0.4459,0.0,0.4707,approaching,False,0,False
BH-MID-018-021,HIVE-018,ESP32-1018,2026-03-20T14:00:00,74,22,0.331,mid_stage_stable,inter_monsoon,stable_clear,31.59,65.74,98,101,172,214,0.419,0.0,0.4473,approaching,False,0,False
BH-MID-018-022,HIVE-018,ESP32-1018,2026-03-20T20:00:00,74,20,0.3283,mid_stage_stable,inter_monsoon,stable_clear,31.97,64.96,99,99,174,211,0.4165,0.0,0.4453,approaching,False,0,False
BH-MID-018-023,HIVE-018,ESP32-1018,2026-03-21T02:00:00,75,19,0.321,mid_stage_stable,inter_monsoon,stable_clear,31.84,66.47,91,102,163,220,0.3918,0.0,0.4234,approaching,False,0,False
BH-MID-018-024,HIVE-018,ESP32-1018,2026-03-21T08:00:00,75,19,0.3359,mid_stage_stable,inter_monsoon,stable_clear,32.04,66.31,95,101,168,218,0.4327,0.0,0.4601,approaching,False,0,False
BH-MID-018-025,HIVE-018,ESP32-1018,2026-03-21T14:00:00,75,21,0.3353,mid_stage_stable,inter_monsoon,post_rain,31.31,68.41,101,111,177,217,0.3944,0.0,0.4242,approaching,False,0,False
BH-MID-018-026,HIVE-018,ESP32-1018,2026-03-21T20:00:00,76,20,0.3544,mid_stage_stable,inter_monsoon,post_rain,31.16,70.06,105,121,170,236,0.4704,0.0,0.4923,approaching,False,0,False
BH-MID-018-027,HIVE-018,ESP32-1018,2026-03-22T02:00:00,76,19,0.3679,mid_stage_stable,inter_monsoon,stable_clear,31.51,68.25,109,111,171,234,0.4424,0.0,0.4675,approaching,False,0,False
BH-MID-018-028,HIVE-018,ESP32-1018,2026-03-22T08:00:00,77,20,0.3751,mid_stage_stable,inter_monsoon,stable_clear,31.59,65.72,104,111,175,231,0.4214,0.0,0.4493,approaching,False,0,False
BH-MID-018-029,HIVE-018,ESP32-1018,2026-03-22T14:00:00,77,22,0.3615,mid_stage_stable,inter_monsoon,stable_clear,31.51,65.34,95,107,172,216,0.4796,0.0,0.5013,approaching,False,0,False
BH-MID-018-030,HIVE-018,ESP32-1018,2026-03-22T20:00:00,77,18,0.348,mid_stage_stable,inter_monsoon,stable_clear,31.68,65.35,101,101,170,207,0.4065,0.0,0.437,approaching,False,0,False
BH-MID-018-031,HIVE-018,ESP32-1018,2026-03-23T02:00:00,78,25,0.3574,mid_stage_stable,inter_monsoon,stable_clear,31.84,64.65,100,101,168,211,0.4372,0.0,0.464,approaching,False,0,False
BH-MID-018-032,HIVE-018,ESP32-1018,2026-03-23T08:00:00,78,17,0.3617,mid_stage_stable,inter_monsoon,stable_clear,31.92,64.17,101,106,169,222,0.4309,0.0,0.4585,approaching,False,0,False
BH-MID-018-033,HIVE-018,ESP32-1018,2026-03-23T14:00:00,79,27,0.3796,mid_stage_stable,inter_monsoon,post_rain,31.41,67.16,109,113,176,206,0.4393,0.0,0.4636,approaching,False,0,False
BH-MID-018-034,HIVE-018,ESP32-1018,2026-03-23T20:00:00,79,19,0.3702,mid_stage_stable,inter_monsoon,post_rain,31.15,69.7,105,111,173,206,0.4554,0.0,0.4789,approaching,False,0,False
BH-MID-018-035,HIVE-018,ESP32-1018,2026-03-24T02:00:00,80,19,0.3873,mid_stage_stable,inter_monsoon,post_rain,31.11,70.76,106,110,183,231,0.4501,0.0,0.4751,approaching,False,0,False
BH-MID-018-036,HIVE-018,ESP32-1018,2026-03-24T08:00:00,80,28,0.3767,mid_stage_stable,inter_monsoon,post_rain,31.16,72.23,108,111,179,226,0.4527,0.0,0.4774,approaching,False,0,False
BH-MID-018-037,HIVE-018,ESP32-1018,2026-03-24T14:00:00,80,19,0.382,mid_stage_stable,inter_monsoon,stable_clear,31.6,67.87,97,112,182,233,0.4421,0.0,0.4658,approaching,False,0,False
BH-MID-018-038,HIVE-018,ESP32-1018,2026-03-24T20:00:00,81,20,0.3928,mid_stage_stable,inter_monsoon,stable_clear,31.91,66.19,102,104,183,229,0.49,0.0,0.5095,approaching,False,0,False
BH-MID-018-039,HIVE-018,ESP32-1018,2026-03-25T02:00:00,81,28,0.4003,mid_stage_stable,inter_monsoon,post_rain,31.55,68.74,106,114,188,230,0.4591,0.0,0.4818,approaching,False,0,False
BH-MID-018-040,HIVE-018,ESP32-1018,2026-03-25T08:00:00,82,28,0.417,mid_stage_stable,inter_monsoon,post_rain,30.97,70.72,112,116,191,231,0.4779,0.0,0.4983,approaching,False,0,False
BH-MID-018-041,HIVE-018,ESP32-1018,2026-03-25T14:00:00,82,21,0.4085,mid_stage_stable,inter_monsoon,post_rain,30.95,70.16,109,119,183,235,0.459,0.0,0.4833,approaching,False,0,False
BH-MID-018-042,HIVE-018,ESP32-1018,2026-03-25T20:00:00,83,26,0.4377,mid_stage_stable,inter_monsoon,post_rain,31.18,72.24,106,121,190,227,0.4995,0.0,0.5178,approaching,False,0,False
BH-MID-018-043,HIVE-018,ESP32-1018,2026-03-26T02:00:00,83,24,0.4385,mid_stage_stable,inter_monsoon,post_rain,30.9,72.19,100,117,196,233,0.505,0.0,0.5235,approaching,False,0,False
BH-MID-018-044,HIVE-018,ESP32-1018,2026-03-26T08:00:00,84,26,0.4361,mid_stage_stable,inter_monsoon,post_rain,30.69,72.02,100,118,184,238,0.4739,0.0,0.4963,approaching,False,0,False
BH-MID-018-045,HIVE-018,ESP32-1018,2026-03-26T14:00:00,84,32,0.4302,mid_stage_stable,inter_monsoon,post_rain,30.33,72.27,101,112,179,242,0.4656,0.0,0.4887,approaching,False,0,False
BH-MID-018-046,HIVE-018,ESP32-1018,2026-03-26T20:00:00,85,24,0.4332,mid_stage_stable,inter_monsoon,post_rain,30.65,71.25,108,111,178,243,0.4977,0.0,0.5167,approaching,False,0,False
BH-MID-018-047,HIVE-018,ESP32-1018,2026-03-27T02:00:00,85,25,0.4353,mid_stage_stable,inter_monsoon,post_rain,30.9,72.25,111,112,174,235,0.4725,0.0,0.4946,approaching,False,0,False
BH-MID-018-048,HIVE-018,ESP32-1018,2026-03-27T08:00:00,85,24,0.4615,mid_stage_stable,inter_monsoon,post_rain,31.07,71.98,111,116,178,223,0.5195,0.0,0.5364,approaching,False,0,False
BH-MID-018-049,HIVE-018,ESP32-1018,2026-03-27T14:00:00,86,32,0.4709,mid_stage_stable,inter_monsoon,humid_rain,31.04,72.72,106,114,183,228,0.4804,0.0,0.5021,approaching,False,0,False
BH-MID-018-050,HIVE-018,ESP32-1018,2026-03-27T20:00:00,86,25,0.4787,mid_stage_stable,inter_monsoon,stable_clear,31.52,68.62,99,109,176,219,0.5343,0.0,0.5469,approaching,False,0,False
BH-MID-018-051,HIVE-018,ESP32-1018,2026-03-28T02:00:00,87,35,0.4519,mid_stage_stable,inter_monsoon,stable_clear,32.11,66.22,101,105,167,219,0.5239,0.0,0.5385,approaching,False,0,False
BH-MID-018-052,HIVE-018,ESP32-1018,2026-03-28T08:00:00,87,29,0.4851,mid_stage_stable,inter_monsoon,stable_clear,32.3,65.56,100,109,162,221,0.4977,0.0,0.5171,approaching,False,0,False
BH-MID-018-053,HIVE-018,ESP32-1018,2026-03-28T14:00:00,88,34,0.4797,mid_stage_stable,inter_monsoon,stable_clear,32.35,65.7,99,109,159,214,0.5479,0.0,0.5618,approaching,False,0,False
BH-MID-018-054,HIVE-018,ESP32-1018,2026-03-28T20:00:00,88,31,0.4881,mid_stage_stable,inter_monsoon,humid_rain,31.51,69.51,105,114,171,235,0.5137,0.0,0.528,approaching,False,0,False
BH-MID-018-055,HIVE-018,ESP32-1018,2026-03-29T02:00:00,88,30,0.485,mid_stage_stable,inter_monsoon,humid_rain,31.05,70.54,112,112,180,240,0.5284,0.0,0.5432,approaching,False,0,False
BH-MID-018-056,HIVE-018,ESP32-1018,2026-03-29T08:00:00,89,30,0.4907,mid_stage_stable,inter_monsoon,humid_rain,30.93,71.38,111,119,177,234,0.555,0.0,0.5675,approaching,False,0,False
BH-MID-018-057,HIVE-018,ESP32-1018,2026-03-29T14:00:00,89,34,0.5159,mid_stage_stable,inter_monsoon,stable_clear,30.96,68.48,94,113,179,229,0.5635,0.0,0.5739,approaching,False,0,False
BH-MID-018-058,HIVE-018,ESP32-1018,2026-03-29T20:00:00,90,31,0.4914,mid_stage_stable,inter_monsoon,stable_clear,31.23,66.16,97,108,176,219,0.5283,0.0,0.543,approaching,False,0,False
BH-MID-018-059,HIVE-018,ESP32-1018,2026-03-30T02:00:00,90,35,0.5203,mid_stage_stable,inter_monsoon,stable_clear,31.46,65.01,104,106,163,225,0.5228,0.0,0.5386,approaching,False,0,False
BH-MID-018-060,HIVE-018,ESP32-1018,2026-03-30T08:00:00,90,31,0.4964,mid_stage_stable,inter_monsoon,post_rain,31.03,67.54,110,108,176,235,0.5085,0.0,0.525,approaching,False,0,False
BH-MID-018-061,HIVE-018,ESP32-1018,2026-03-30T14:00:00,91,39,0.5356,mid_stage_stable,inter_monsoon,stable_clear,31.28,65.52,106,108,165,231,0.5635,0.0,0.5742,approaching,False,0,False
BH-MID-018-062,HIVE-018,ESP32-1018,2026-03-30T20:00:00,91,35,0.5222,mid_stage_stable,inter_monsoon,post_rain,31.35,68.08,111,115,177,236,0.5254,0.0,0.5405,approaching,False,0,False
BH-MID-018-063,HIVE-018,ESP32-1018,2026-03-31T02:00:00,91,38,0.5298,mid_stage_stable,inter_monsoon,post_rain,31.46,71.51,116,116,179,234,0.525,0.0,0.54,approaching,False,0,False
BH-MID-018-064,HIVE-018,ESP32-1018,2026-03-31T08:00:00,92,33,0.5327,mid_stage_stable,inter_monsoon,stable_clear,31.56,68.66,107,111,177,236,0.5639,0.0,0.5743,approaching,False,0,False
BH-MID-018-065,HIVE-018,ESP32-1018,2026-03-31T14:00:00,92,30,0.5426,mid_stage_stable,inter_monsoon,humid_rain,31.15,70.44,107,116,173,236,0.5191,0.0,0.535,approaching,False,0,False
BH-MID-018-066,HIVE-018,ESP32-1018,2026-03-31T20:00:00,92,30,0.5219,mid_stage_stable,inter_monsoon,stable_clear,31.64,66.9,105,106,174,235,0.5103,0.0,0.5262,approaching,False,0,False
BH-MID-018-067,HIVE-018,ESP32-1018,2026-04-01T02:00:00,93,34,0.556,mid_stage_stable,inter_monsoon,stable_clear,32.21,65.44,112,108,172,239,0.5299,0.0,0.5442,approaching,False,0,False
BH-MID-018-068,HIVE-018,ESP32-1018,2026-04-01T08:00:00,93,33,0.5514,mid_stage_stable,inter_monsoon,stable_clear,32.56,64.72,110,113,176,234,0.5883,0.0,0.5965,approaching,False,0,False
BH-MID-018-069,HIVE-018,ESP32-1018,2026-04-01T14:00:00,93,32,0.5268,mid_stage_stable,inter_monsoon,stable_clear,32.93,65.45,106,106,178,243,0.5739,0.0,0.5836,approaching,False,0,False
BH-MID-018-070,HIVE-018,ESP32-1018,2026-04-01T20:00:00,93,39,0.5378,mid_stage_stable,inter_monsoon,cloudy_stable,32.89,66.14,112,114,181,235,0.5232,0.0,0.5396,approaching,False,0,False
BH-MID-018-071,HIVE-018,ESP32-1018,2026-04-02T02:00:00,94,42,0.5317,mid_stage_stable,inter_monsoon,cloudy_stable,32.91,67.04,118,118,183,236,0.5511,0.0,0.5643,approaching,False,0,False
BH-MID-018-072,HIVE-018,ESP32-1018,2026-04-02T08:00:00,94,36,0.5625,mid_stage_stable,inter_monsoon,humid_rain,32.91,70.56,121,122,196,237,0.5378,0.0176,0.5416,approaching,False,0,False
BH-MID-018-073,HIVE-018,ESP32-1018,2026-04-02T14:00:00,94,36,0.5548,mid_stage_stable,inter_monsoon,humid_rain,31.62,72.38,123,114,202,234,0.5234,0.0,0.5369,approaching,False,0,False
BH-MID-018-074,HIVE-018,ESP32-1018,2026-04-02T20:00:00,94,42,0.5698,mid_stage_stable,inter_monsoon,humid_rain,30.84,72.31,124,115,197,236,0.5488,0.0,0.5612,approaching,False,0,False
BH-MID-018-075,HIVE-018,ESP32-1018,2026-04-03T02:00:00,94,36,0.5661,mid_stage_stable,inter_monsoon,cloudy_stable,31.24,70.47,112,113,188,243,0.5713,0.0,0.5806,approaching,False,0,False
BH-MID-018-076,HIVE-018,ESP32-1018,2026-04-03T08:00:00,94,33,0.5665,mid_stage_stable,inter_monsoon,cloudy_stable,31.3,68.52,102,107,183,242,0.5521,0.0,0.5644,approaching,False,0,False
BH-MID-018-077,HIVE-018,ESP32-1018,2026-04-03T14:00:00,95,42,0.5455,mid_stage_stable,inter_monsoon,stable_clear,31.35,66.54,100,101,179,233,0.5378,0.0,0.5519,approaching,False,0,False
BH-MID-018-078,HIVE-018,ESP32-1018,2026-04-03T20:00:00,95,40,0.5446,mid_stage_stable,inter_monsoon,stable_clear,31.53,65.8,100,112,173,230,0.5819,0.0,0.591,approaching,False,0,False
BH-MID-018-079,HIVE-018,ESP32-1018,2026-04-04T02:00:00,95,41,0.5717,mid_stage_stable,inter_monsoon,stable_clear,32.04,64.88,98,101,177,214,0.5522,0.0,0.564,approaching,False,0,False
BH-MID-018-080,HIVE-018,ESP32-1018,2026-04-04T08:00:00,95,41,0.5688,mid_stage_stable,inter_monsoon,stable_clear,32.25,64.86,94,108,176,224,0.5679,0.0,0.5789,approaching,False,0,False
BH-MID-018-081,HIVE-018,ESP32-1018,2026-04-04T14:00:00,95,36,0.5493,mid_stage_stable,inter_monsoon,stable_clear,31.9,64.37,88,107,171,215,0.5615,0.0,0.5729,approaching,False,0,False
BH-MID-018-082,HIVE-018,ESP32-1018,2026-04-04T20:00:00,95,39,0.5756,mid_stage_stable,inter_monsoon,stable_clear,32.0,64.19,95,104,167,226,0.5771,0.0,0.5872,approaching,False,0,False
BH-MID-018-083,HIVE-018,ESP32-1018,2026-04-05T02:00:00,95,36,0.5824,mid_stage_stable,inter_monsoon,stable_clear,32.07,64.56,97,110,175,236,0.5995,0.0,0.6068,nearly_ready,False,0,False
BH-MID-019-000,HIVE-019,ESP32-1019,2026-03-17T20:00:00,61,11,0.2648,mid_stage_stable,dry,stable_clear,29.61,68.06,77,103,168,241,0.3687,0.0,0.4023,approaching,False,0,False
BH-MID-019-001,HIVE-019,ESP32-1019,2026-03-18T02:00:00,61,11,0.2962,mid_stage_stable,dry,stable_clear,30.22,66.43,82,111,163,249,0.4059,0.0,0.4348,approaching,False,0,False
BH-MID-019-002,HIVE-019,ESP32-1019,2026-03-18T08:00:00,61,8,0.2786,mid_stage_stable,dry,stable_clear,30.54,65.16,83,107,159,247,0.3712,0.0,0.4052,approaching,False,0,False
BH-MID-019-003,HIVE-019,ESP32-1019,2026-03-18T14:00:00,61,12,0.3026,mid_stage_stable,dry,stable_clear,31.58,68.27,83,112,157,236,0.3824,0.0,0.4127,approaching,False,0,False
BH-MID-019-004,HIVE-019,ESP32-1019,2026-03-18T20:00:00,61,13,0.2767,mid_stage_stable,dry,stable_clear,31.43,68.22,83,116,158,250,0.3805,0.0,0.4142,approaching,False,0,False
BH-MID-019-005,HIVE-019,ESP32-1019,2026-03-19T02:00:00,61,13,0.2783,mid_stage_stable,dry,stable_clear,31.18,66.34,86,114,158,247,0.3631,0.0,0.398,approaching,False,0,False
BH-MID-019-006,HIVE-019,ESP32-1019,2026-03-19T08:00:00,61,8,0.2685,mid_stage_stable,dry,stable_clear,31.43,64.99,87,117,169,243,0.3405,0.0,0.3783,approaching,False,0,False
BH-MID-019-007,HIVE-019,ESP32-1019,2026-03-19T14:00:00,62,19,0.3015,mid_stage_stable,dry,stable_clear,31.74,63.0,85,124,184,256,0.4117,0.0,0.4403,approaching,False,0,False
BH-MID-019-008,HIVE-019,ESP32-1019,2026-03-19T20:00:00,62,19,0.2828,mid_stage_stable,dry,midday_heat,31.92,63.4,85,116,181,261,0.352,0.0,0.389,approaching,False,0,False
BH-MID-019-009,HIVE-019,ESP32-1019,2026-03-20T02:00:00,62,11,0.2884,mid_stage_stable,dry,stable_clear,31.23,65.21,91,104,178,250,0.4153,0.0,0.4428,approaching,False,0,False
BH-MID-019-010,HIVE-019,ESP32-1019,2026-03-20T08:00:00,62,16,0.299,mid_stage_stable,dry,stable_clear,31.03,65.58,99,109,174,247,0.3753,0.0,0.4093,approaching,False,0,False
BH-MID-019-011,HIVE-019,ESP32-1019,2026-03-20T14:00:00,62,17,0.2962,mid_stage_stable,dry,stable_clear,30.78,65.76,93,115,173,252,0.3832,0.0,0.4163,approaching,False,0,False
BH-MID-019-012,HIVE-019,ESP32-1019,2026-03-20T20:00:00,62,16,0.2886,mid_stage_stable,dry,stable_clear,30.89,66.04,84,119,172,242,0.3925,0.0,0.4247,approaching,False,0,False
BH-MID-019-013,HIVE-019,ESP32-1019,2026-03-21T02:00:00,63,13,0.3144,mid_stage_stable,dry,stable_clear,31.25,66.68,80,111,170,243,0.3716,0.0,0.4056,approaching,False,0,False
BH-MID-019-014,HIVE-019,ESP32-1019,2026-03-21T08:00:00,63,11,0.2997,mid_stage_stable,dry,stable_clear,30.76,64.9,83,112,174,242,0.3914,0.0,0.4224,approaching,False,0,False
BH-MID-019-015,HIVE-019,ESP32-1019,2026-03-21T14:00:00,63,16,0.2879,mid_stage_stable,dry,stable_clear,30.51,66.42,89,112,169,240,0.3926,0.0,0.424,approaching,False,0,False
BH-MID-019-016,HIVE-019,ESP32-1019,2026-03-21T20:00:00,63,16,0.3059,mid_stage_stable,dry,cloudy_stable,30.09,66.59,88,110,168,243,0.4252,0.0,0.4532,approaching,False,0,False
BH-MID-019-017,HIVE-019,ESP32-1019,2026-03-22T02:00:00,64,17,0.313,mid_stage_stable,dry,cloudy_stable,30.15,68.09,88,116,168,246,0.419,0.0,0.4477,approaching,False,0,False
BH-MID-019-018,HIVE-019,ESP32-1019,2026-03-22T08:00:00,64,16,0.3017,mid_stage_stable,dry,cloudy_stable,30.6,67.74,88,115,167,247,0.3797,0.0,0.413,approaching,False,0,False
BH-MID-019-019,HIVE-019,ESP32-1019,2026-03-22T14:00:00,64,11,0.3103,mid_stage_stable,dry,cloudy_stable,30.02,67.33,84,111,168,251,0.3685,0.0,0.4027,approaching,False,0,False
BH-MID-019-020,HIVE-019,ESP32-1019,2026-03-22T20:00:00,65,22,0.3314,mid_stage_stable,dry,cloudy_stable,30.57,67.23,82,112,169,253,0.4268,0.0,0.4543,approaching,False,0,False
BH-MID-019-021,HIVE-019,ESP32-1019,2026-03-23T02:00:00,65,13,0.3186,mid_stage_stable,dry,midday_heat,31.41,64.87,84,121,169,253,0.4184,0.0,0.4452,approaching,False,0,False
BH-MID-019-022,HIVE-019,ESP32-1019,2026-03-23T08:00:00,65,12,0.3103,mid_stage_stable,dry,midday_heat,31.39,64.68,86,118,175,248,0.437,0.0,0.4642,approaching,False,0,False
BH-MID-019-023,HIVE-019,ESP32-1019,2026-03-23T14:00:00,66,16,0.3254,mid_stage_stable,dry,midday_heat,32.47,63.88,93,126,188,250,0.3767,0.0,0.4085,approaching,False,0,False
BH-MID-019-024,HIVE-019,ESP32-1019,2026-03-23T20:00:00,66,22,0.328,mid_stage_stable,dry,stable_clear,32.4,63.93,91,117,181,247,0.394,0.0,0.4262,approaching,False,0,False
BH-MID-019-025,HIVE-019,ESP32-1019,2026-03-24T02:00:00,66,17,0.3413,mid_stage_stable,dry,midday_heat,33.23,63.18,94,127,191,263,0.3943,0.0208,0.413,approaching,False,0,False
BH-MID-019-026,HIVE-019,ESP32-1019,2026-03-24T08:00:00,67,18,0.3226,mid_stage_stable,dry,midday_heat,33.12,63.64,97,129,193,265,0.426,0.0326,0.4363,approaching,False,0,False
BH-MID-019-027,HIVE-019,ESP32-1019,2026-03-24T14:00:00,67,18,0.3401,mid_stage_stable,dry,midday_heat,33.34,63.81,98,132,192,264,0.4075,0.0142,0.4301,approaching,False,0,False
BH-MID-019-028,HIVE-019,ESP32-1019,2026-03-24T20:00:00,68,19,0.364,mid_stage_stable,dry,cloudy_stable,32.46,66.17,92,126,185,266,0.4001,0.0,0.4289,approaching,False,0,False
BH-MID-019-029,HIVE-019,ESP32-1019,2026-03-25T02:00:00,68,23,0.3456,mid_stage_stable,dry,cloudy_stable,31.3,66.93,93,124,188,258,0.44,0.0,0.4643,approaching,False,0,False
BH-MID-019-030,HIVE-019,ESP32-1019,2026-03-25T08:00:00,68,19,0.3329,mid_stage_stable,dry,cloudy_stable,30.61,66.9,94,122,184,267,0.4032,0.0,0.4332,approaching,False,0,False
BH-MID-019-031,HIVE-019,ESP32-1019,2026-03-25T14:00:00,69,19,0.3503,mid_stage_stable,dry,stable_clear,30.91,65.6,95,120,175,260,0.4253,0.0,0.4528,approaching,False,0,False
BH-MID-019-032,HIVE-019,ESP32-1019,2026-03-25T20:00:00,69,17,0.3723,mid_stage_stable,dry,midday_heat,31.69,64.55,98,122,170,251,0.4174,0.0,0.445,approaching,False,0,False
BH-MID-019-033,HIVE-019,ESP32-1019,2026-03-26T02:00:00,70,21,0.3549,mid_stage_stable,dry,midday_heat,31.83,64.36,95,120,179,259,0.4504,0.0,0.4757,approaching,False,0,False
BH-MID-019-034,HIVE-019,ESP32-1019,2026-03-26T08:00:00,70,23,0.3799,mid_stage_stable,dry,midday_heat,31.97,63.84,94,126,180,260,0.4382,0.0,0.465,approaching,False,0,False
BH-MID-019-035,HIVE-019,ESP32-1019,2026-03-26T14:00:00,71,26,0.3893,mid_stage_stable,dry,midday_heat,31.91,64.36,92,124,187,263,0.4626,0.0,0.4865,approaching,False,0,False
BH-MID-019-036,HIVE-019,ESP32-1019,2026-03-26T20:00:00,71,28,0.3699,mid_stage_stable,dry,stable_clear,31.25,64.7,93,114,178,262,0.4673,0.0,0.4894,approaching,False,0,False
BH-MID-019-037,HIVE-019,ESP32-1019,2026-03-27T02:00:00,71,21,0.3988,mid_stage_stable,dry,stable_clear,30.92,64.88,90,119,167,257,0.45,0.0,0.4749,approaching,False,0,False
BH-MID-019-038,HIVE-019,ESP32-1019,2026-03-27T08:00:00,72,25,0.3874,mid_stage_stable,dry,stable_clear,30.98,65.52,83,121,173,252,0.422,0.0,0.4506,approaching,False,0,False
BH-MID-019-039,HIVE-019,ESP32-1019,2026-03-27T14:00:00,72,21,0.3804,mid_stage_stable,dry,stable_clear,31.09,64.74,78,121,178,248,0.4597,0.0,0.4837,approaching,False,0,False
BH-MID-019-040,HIVE-019,ESP32-1019,2026-03-27T20:00:00,73,21,0.3962,mid_stage_stable,dry,cloudy_stable,30.71,65.33,85,125,180,251,0.4885,0.0,0.5085,approaching,False,0,False
BH-MID-019-041,HIVE-019,ESP32-1019,2026-03-28T02:00:00,73,25,0.4187,mid_stage_stable,dry,cloudy_stable,30.73,66.51,84,120,172,236,0.4344,0.0,0.4613,approaching,False,0,False
BH-MID-019-042,HIVE-019,ESP32-1019,2026-03-28T08:00:00,74,29,0.3919,mid_stage_stable,dry,midday_heat,31.61,65.46,92,120,170,251,0.414,0.0,0.4417,approaching,False,0,False
BH-MID-019-043,HIVE-019,ESP32-1019,2026-03-28T14:00:00,74,27,0.4048,mid_stage_stable,dry,midday_heat,32.2,64.17,90,121,175,261,0.4239,0.0,0.451,approaching,False,0,False
BH-MID-019-044,HIVE-019,ESP32-1019,2026-03-28T20:00:00,75,29,0.3968,mid_stage_stable,dry,midday_heat,32.54,63.74,92,123,181,257,0.4424,0.0,0.4682,approaching,False,0,False
BH-MID-019-045,HIVE-019,ESP32-1019,2026-03-29T02:00:00,75,32,0.4023,mid_stage_stable,dry,midday_heat,32.43,64.54,97,126,181,249,0.4335,0.0,0.4606,approaching,False,0,False
BH-MID-019-046,HIVE-019,ESP32-1019,2026-03-29T08:00:00,76,23,0.4028,mid_stage_stable,dry,midday_heat,32.16,63.98,100,126,178,251,0.4971,0.0,0.5165,approaching,False,0,False
BH-MID-019-047,HIVE-019,ESP32-1019,2026-03-29T14:00:00,76,33,0.4214,mid_stage_stable,dry,midday_heat,32.4,63.46,111,125,178,267,0.4784,0.0,0.4999,approaching,False,0,False
BH-MID-019-048,HIVE-019,ESP32-1019,2026-03-29T20:00:00,76,32,0.4332,mid_stage_stable,dry,midday_heat,32.58,62.76,110,130,191,281,0.4582,0.0,0.4821,approaching,False,0,False
BH-MID-019-049,HIVE-019,ESP32-1019,2026-03-30T02:00:00,77,25,0.4513,mid_stage_stable,dry,stable_clear,32.05,63.63,101,131,185,268,0.4719,0.0,0.4934,approaching,False,0,False
BH-MID-019-050,HIVE-019,ESP32-1019,2026-03-30T08:00:00,77,26,0.436,mid_stage_stable,dry,cloudy_stable,31.13,65.5,87,119,178,264,0.4459,0.0,0.469,approaching,False,0,False
BH-MID-019-051,HIVE-019,ESP32-1019,2026-03-30T14:00:00,78,33,0.422,mid_stage_stable,dry,cloudy_stable,31.03,66.2,89,121,173,252,0.4727,0.0,0.4952,approaching,False,0,False
BH-MID-019-052,HIVE-019,ESP32-1019,2026-03-30T20:00:00,78,28,0.4325,mid_stage_stable,dry,cloudy_stable,30.85,67.27,89,120,179,251,0.4653,0.0,0.4885,approaching,False,0,False
BH-MID-019-053,HIVE-019,ESP32-1019,2026-03-31T02:00:00,79,32,0.4501,mid_stage_stable,dry,cloudy_stable,30.8,67.97,87,117,179,261,0.5184,0.0,0.5355,approaching,False,0,False
BH-MID-019-054,HIVE-019,ESP32-1019,2026-03-31T08:00:00,79,27,0.4593,mid_stage_stable,dry,midday_heat,31.64,65.77,88,123,187,270,0.4668,0.0,0.4877,approaching,False,0,False
BH-MID-019-055,HIVE-019,ESP32-1019,2026-03-31T14:00:00,79,33,0.4626,mid_stage_stable,dry,midday_heat,32.01,64.23,90,126,188,275,0.5185,0.0,0.5347,approaching,False,0,False
BH-MID-019-056,HIVE-019,ESP32-1019,2026-03-31T20:00:00,80,32,0.4675,mid_stage_stable,dry,stable_clear,31.09,65.1,85,118,175,265,0.503,0.0,0.5198,approaching,False,0,False
BH-MID-019-057,HIVE-019,ESP32-1019,2026-04-01T02:00:00,80,29,0.4582,mid_stage_stable,dry,stable_clear,30.84,65.79,82,116,172,257,0.483,0.0,0.504,approaching,False,0,False
BH-MID-019-058,HIVE-019,ESP32-1019,2026-04-01T08:00:00,81,29,0.4737,mid_stage_stable,dry,midday_heat,31.43,64.64,92,122,187,264,0.4688,0.0,0.4902,approaching,False,0,False
BH-MID-019-059,HIVE-019,ESP32-1019,2026-04-01T14:00:00,81,37,0.4527,mid_stage_stable,dry,midday_heat,31.92,64.2,96,121,189,259,0.5258,0.0,0.5413,approaching,False,0,False
BH-MID-019-060,HIVE-019,ESP32-1019,2026-04-01T20:00:00,81,38,0.4796,mid_stage_stable,dry,midday_heat,32.93,63.49,99,126,189,265,0.48,0.0022,0.4986,approaching,False,0,False
BH-MID-019-061,HIVE-019,ESP32-1019,2026-04-02T02:00:00,82,30,0.4984,mid_stage_stable,dry,midday_heat,33.35,63.8,97,131,187,261,0.4978,0.0512,0.4887,approaching,False,0,False
BH-MID-019-062,HIVE-019,ESP32-1019,2026-04-02T08:00:00,82,31,0.4643,mid_stage_stable,dry,midday_heat,32.72,63.7,99,136,183,254,0.4807,0.0,0.5014,approaching,False,0,False
BH-MID-019-063,HIVE-019,ESP32-1019,2026-04-02T14:00:00,82,32,0.5024,mid_stage_stable,dry,midday_heat,32.49,63.84,100,135,182,268,0.5484,0.0,0.5619,approaching,False,0,False
BH-MID-019-064,HIVE-019,ESP32-1019,2026-04-02T20:00:00,83,31,0.4937,mid_stage_stable,dry,midday_heat,31.48,63.59,103,136,188,268,0.4784,0.0,0.4987,approaching,False,0,False
BH-MID-019-065,HIVE-019,ESP32-1019,2026-04-03T02:00:00,83,30,0.4881,mid_stage_stable,dry,midday_heat,31.59,65.0,106,134,194,254,0.4925,0.0,0.5122,approaching,False,0,False
BH-MID-019-066,HIVE-019,ESP32-1019,2026-04-03T08:00:00,83,38,0.5028,mid_stage_stable,dry,cloudy_stable,31.35,66.85,95,130,188,257,0.5506,0.0,0.5628,approaching,False,0,False
BH-MID-019-067,HIVE-019,ESP32-1019,2026-04-03T14:00:00,84,35,0.4889,mid_stage_stable,dry,cloudy_stable,30.68,66.92,89,125,197,243,0.4832,0.0,0.5034,approaching,False,0,False
BH-MID-019-068,HIVE-019,ESP32-1019,2026-04-03T20:00:00,84,38,0.5047,mid_stage_stable,dry,cloudy_stable,31.15,69.35,99,126,196,252,0.5331,0.0,0.5468,approaching,False,0,False
BH-MID-019-069,HIVE-019,ESP32-1019,2026-04-04T02:00:00,84,37,0.5164,mid_stage_stable,dry,cloudy_stable,31.28,69.92,102,129,199,254,0.5299,0.0,0.5456,approaching,False,0,False
BH-MID-019-070,HIVE-019,ESP32-1019,2026-04-04T08:00:00,84,39,0.5204,mid_stage_stable,dry,cloudy_stable,31.28,69.87,101,132,205,260,0.5197,0.0,0.5371,approaching,False,0,False
BH-MID-019-071,HIVE-019,ESP32-1019,2026-04-04T14:00:00,85,33,0.5054,mid_stage_stable,dry,cloudy_stable,30.96,70.06,97,131,203,245,0.5509,0.0,0.5638,approaching,False,0,False
BH-MID-019-072,HIVE-019,ESP32-1019,2026-04-04T20:00:00,85,36,0.5177,mid_stage_stable,dry,cloudy_stable,31.15,69.78,96,131,190,247,0.5576,0.0,0.57,approaching,False,0,False
BH-MID-019-073,HIVE-019,ESP32-1019,2026-04-05T02:00:00,85,32,0.4982,mid_stage_stable,dry,cloudy_stable,30.91,70.18,95,131,194,247,0.5585,0.0,0.5708,approaching,False,0,False
BH-MID-019-074,HIVE-019,ESP32-1019,2026-04-05T08:00:00,85,35,0.531,mid_stage_stable,dry,cloudy_stable,30.3,68.43,91,129,184,248,0.5517,0.0,0.5632,approaching,False,0,False
BH-MID-019-075,HIVE-019,ESP32-1019,2026-04-05T14:00:00,85,40,0.5314,mid_stage_stable,dry,cloudy_stable,30.56,67.63,87,131,183,255,0.5634,0.0,0.5747,approaching,False,0,False
BH-MID-019-076,HIVE-019,ESP32-1019,2026-04-05T20:00:00,85,42,0.5213,mid_stage_stable,dry,cloudy_stable,30.59,67.94,89,122,180,250,0.5082,0.0,0.5267,approaching,False,0,False
BH-MID-019-077,HIVE-019,ESP32-1019,2026-04-06T02:00:00,86,37,0.5257,mid_stage_stable,dry,cloudy_stable,30.2,67.96,83,123,175,255,0.5299,0.0,0.5453,approaching,False,0,False
BH-MID-019-078,HIVE-019,ESP32-1019,2026-04-06T08:00:00,86,42,0.5101,mid_stage_stable,dry,cloudy_stable,30.56,67.06,90,123,167,247,0.5209,0.0,0.5369,approaching,False,0,False
BH-MID-019-079,HIVE-019,ESP32-1019,2026-04-06T14:00:00,86,33,0.5312,mid_stage_stable,dry,cloudy_stable,30.69,65.67,86,126,164,249,0.5377,0.0,0.5521,approaching,False,0,False
BH-MID-019-080,HIVE-019,ESP32-1019,2026-04-06T20:00:00,86,34,0.5347,mid_stage_stable,dry,cloudy_stable,30.27,67.78,85,116,183,267,0.5584,0.0,0.5689,approaching,False,0,False
BH-MID-019-081,HIVE-019,ESP32-1019,2026-04-07T02:00:00,86,37,0.5268,mid_stage_stable,dry,cloudy_stable,30.42,68.73,90,126,185,255,0.5429,0.0,0.5566,approaching,False,0,False
BH-MID-019-082,HIVE-019,ESP32-1019,2026-04-07T08:00:00,86,43,0.5274,mid_stage_stable,dry,cloudy_stable,30.08,68.32,93,124,177,255,0.5544,0.0,0.5668,approaching,False,0,False
BH-MID-019-083,HIVE-019,ESP32-1019,2026-04-07T14:00:00,86,38,0.5265,mid_stage_stable,dry,stable_clear,30.71,65.72,89,120,180,253,0.5264,0.0,0.5405,approaching,False,0,False
BH-LAT-020-000,HIVE-020,ESP32-1020,2026-01-22T20:00:00,99,11,0.6564,late_stage_nearly_ready,dry,cloudy_stable,31.83,68.9,116,127,197,228,0.7071,0.0,0.7003,nearly_ready,False,0,False
BH-LAT-020-001,HIVE-020,ESP32-1020,2026-01-23T02:00:00,99,13,0.6648,late_stage_nearly_ready,dry,midday_heat,32.54,67.28,126,136,209,242,0.7449,0.0085,0.728,nearly_ready,False,0,False
BH-LAT-020-002,HIVE-020,ESP32-1020,2026-01-23T08:00:00,99,16,0.6892,late_stage_nearly_ready,dry,midday_heat,33.32,64.87,128,147,208,237,0.7602,0.0573,0.7144,nearly_ready,False,0,False
BH-LAT-020-003,HIVE-020,ESP32-1020,2026-01-23T14:00:00,99,18,0.6831,late_stage_nearly_ready,dry,midday_heat,33.83,63.15,129,147,203,254,0.7219,0.1423,0.6349,nearly_ready,False,1,False
BH-LAT-020-004,HIVE-020,ESP32-1020,2026-01-23T20:00:00,99,9,0.6755,late_stage_nearly_ready,dry,midday_heat,34.37,62.63,132,144,210,255,0.7651,0.1805,0.6525,nearly_ready,False,1,False
BH-LAT-020-005,HIVE-020,ESP32-1020,2026-01-24T02:00:00,99,9,0.6893,late_stage_nearly_ready,dry,stable_clear,33.48,64.27,123,136,208,253,0.7514,0.0819,0.6932,nearly_ready,False,0,False
BH-LAT-020-006,HIVE-020,ESP32-1020,2026-01-24T08:00:00,99,16,0.6613,late_stage_nearly_ready,dry,stable_clear,33.6,65.55,124,137,206,241,0.729,0.0863,0.673,nearly_ready,False,1,False
BH-LAT-020-007,HIVE-020,ESP32-1020,2026-01-24T14:00:00,99,11,0.667,late_stage_nearly_ready,dry,stable_clear,33.2,65.3,119,135,197,242,0.7455,0.0825,0.6895,nearly_ready,False,0,False
BH-LAT-020-008,HIVE-020,ESP32-1020,2026-01-24T20:00:00,100,16,0.6871,late_stage_nearly_ready,dry,stable_clear,33.45,64.24,121,144,198,240,0.739,0.0761,0.6872,nearly_ready,False,0,False
BH-LAT-020-009,HIVE-020,ESP32-1020,2026-01-25T02:00:00,100,14,0.6653,late_stage_nearly_ready,dry,cloudy_stable,32.72,66.38,121,135,202,242,0.7416,0.0411,0.7073,nearly_ready,False,0,False
BH-LAT-020-010,HIVE-020,ESP32-1020,2026-01-25T08:00:00,100,11,0.6785,late_stage_nearly_ready,dry,cloudy_stable,32.9,66.55,124,137,205,236,0.7315,0.0379,0.7022,nearly_ready,False,0,False
BH-LAT-020-011,HIVE-020,ESP32-1020,2026-01-25T14:00:00,100,16,0.671,late_stage_nearly_ready,dry,midday_heat,33.77,64.96,125,151,217,238,0.7437,0.1121,0.6698,nearly_ready,False,1,False
BH-LAT-020-012,HIVE-020,ESP32-1020,2026-01-25T20:00:00,100,14,0.667,late_stage_nearly_ready,dry,midday_heat,34.07,63.5,132,153,219,236,0.7777,0.1453,0.683,nearly_ready,False,1,False
BH-LAT-020-013,HIVE-020,ESP32-1020,2026-01-26T02:00:00,100,12,0.7011,late_stage_nearly_ready,dry,midday_heat,34.17,63.58,130,154,216,246,0.7533,0.1259,0.6733,nearly_ready,False,1,False
BH-LAT-020-014,HIVE-020,ESP32-1020,2026-01-26T08:00:00,101,19,0.6855,late_stage_nearly_ready,dry,midday_heat,34.36,63.46,130,152,216,246,0.7267,0.1719,0.6245,nearly_ready,False,1,False
BH-LAT-020-015,HIVE-020,ESP32-1020,2026-01-26T14:00:00,101,11,0.6983,late_stage_nearly_ready,dry,midday_heat,34.47,63.44,130,149,227,251,0.7451,0.1849,0.6335,nearly_ready,False,1,False
BH-LAT-020-016,HIVE-020,ESP32-1020,2026-01-26T20:00:00,101,11,0.7002,late_stage_nearly_ready,dry,stable_clear,33.85,64.77,124,145,219,243,0.7871,0.1462,0.69,nearly_ready,False,1,False
BH-LAT-020-017,HIVE-020,ESP32-1020,2026-01-27T02:00:00,101,20,0.6775,late_stage_nearly_ready,dry,stable_clear,33.22,65.14,127,141,208,238,0.7406,0.0323,0.7122,nearly_ready,False,0,False
BH-LAT-020-018,HIVE-020,ESP32-1020,2026-01-27T08:00:00,101,10,0.7007,late_stage_nearly_ready,dry,stable_clear,33.19,65.55,121,143,213,225,0.7656,0.023,0.7404,nearly_ready,False,0,False
BH-LAT-020-019,HIVE-020,ESP32-1020,2026-01-27T14:00:00,102,18,0.709,late_stage_nearly_ready,dry,stable_clear,33.27,65.96,120,143,208,234,0.7486,0.0709,0.6992,nearly_ready,False,0,False
BH-LAT-020-020,HIVE-020,ESP32-1020,2026-01-27T20:00:00,102,13,0.6933,late_stage_nearly_ready,dry,stable_clear,33.55,65.8,120,137,205,237,0.7314,0.0981,0.6688,nearly_ready,False,1,False
BH-LAT-020-021,HIVE-020,ESP32-1020,2026-01-28T02:00:00,102,20,0.6862,late_stage_nearly_ready,dry,stable_clear,33.28,65.67,115,142,202,240,0.7626,0.0444,0.7259,nearly_ready,False,0,False
BH-LAT-020-022,HIVE-020,ESP32-1020,2026-01-28T08:00:00,103,15,0.7079,late_stage_nearly_ready,dry,stable_clear,32.93,66.04,122,145,209,240,0.7908,0.0468,0.749,nearly_ready,False,0,False
BH-LAT-020-023,HIVE-020,ESP32-1020,2026-01-28T14:00:00,103,13,0.701,late_stage_nearly_ready,dry,stable_clear,32.85,64.6,118,141,214,238,0.7529,0.029,0.7255,nearly_ready,False,0,False
BH-LAT-020-024,HIVE-020,ESP32-1020,2026-01-28T20:00:00,103,17,0.7271,late_stage_nearly_ready,dry,stable_clear,32.97,62.57,123,142,209,242,0.7897,0.0138,0.7659,nearly_ready,False,0,False
BH-LAT-020-025,HIVE-020,ESP32-1020,2026-01-29T02:00:00,103,18,0.6991,late_stage_nearly_ready,dry,stable_clear,32.92,62.18,122,147,219,248,0.7884,0.0548,0.7431,nearly_ready,False,0,False
BH-LAT-020-026,HIVE-020,ESP32-1020,2026-01-29T08:00:00,104,15,0.7087,late_stage_nearly_ready,dry,midday_heat,34.03,61.15,136,154,218,251,0.7548,0.1275,0.6709,nearly_ready,False,1,False
BH-LAT-020-027,HIVE-020,ESP32-1020,2026-01-29T14:00:00,104,16,0.7022,late_stage_nearly_ready,dry,midday_heat,34.72,60.55,137,163,221,252,0.742,0.2284,0.6055,nearly_ready,False,1,False
BH-LAT-020-028,HIVE-020,ESP32-1020,2026-01-29T20:00:00,104,20,0.6986,late_stage_nearly_ready,dry,midday_heat,34.52,59.71,143,164,227,261,0.7695,0.171,0.662,nearly_ready,False,1,False
BH-LAT-020-029,HIVE-020,ESP32-1020,2026-01-30T02:00:00,105,22,0.7162,late_stage_nearly_ready,dry,midday_heat,34.31,61.58,142,157,219,251,0.7972,0.1378,0.7041,nearly_ready,False,1,False
BH-LAT-020-030,HIVE-020,ESP32-1020,2026-01-30T08:00:00,105,24,0.7031,late_stage_nearly_ready,dry,stable_clear,33.88,63.77,137,144,206,244,0.7824,0.1138,0.7034,nearly_ready,False,1,False
BH-LAT-020-031,HIVE-020,ESP32-1020,2026-01-30T14:00:00,105,23,0.7324,late_stage_nearly_ready,dry,stable_clear,33.24,64.49,126,135,209,240,0.7847,0.0589,0.736,nearly_ready,False,0,False
BH-LAT-020-032,HIVE-020,ESP32-1020,2026-01-30T20:00:00,106,25,0.7179,late_stage_nearly_ready,dry,stable_clear,33.01,64.77,116,138,203,231,0.8117,0.0588,0.7609,nearly_ready,False,0,False
BH-LAT-020-033,HIVE-020,ESP32-1020,2026-01-31T02:00:00,106,20,0.7381,late_stage_nearly_ready,dry,stable_clear,32.95,64.49,115,141,210,232,0.7913,0.0348,0.7568,nearly_ready,False,0,False
BH-LAT-020-034,HIVE-020,ESP32-1020,2026-01-31T08:00:00,107,17,0.7244,late_stage_nearly_ready,dry,cloudy_stable,32.67,64.72,121,142,206,234,0.8024,0.0327,0.7673,nearly_ready,False,0,False
BH-LAT-020-035,HIVE-020,ESP32-1020,2026-01-31T14:00:00,107,20,0.7295,late_stage_nearly_ready,dry,cloudy_stable,32.61,66.08,116,144,215,240,0.7709,0.0367,0.7371,nearly_ready,False,0,False
BH-LAT-020-037,HIVE-020,ESP32-1020,2026-02-01T02:00:00,108,18,0.7533,late_stage_nearly_ready,dry,cloudy_stable,33.47,63.09,147,135,242,265,0.7838,0.0759,0.7237,nearly_ready,False,0,False
BH-LAT-020-038,HIVE-020,ESP32-1020,2026-02-01T08:00:00,108,27,0.7409,late_stage_nearly_ready,dry,cloudy_stable,32.71,66.32,136,143,230,263,0.765,0.0545,0.7196,nearly_ready,False,0,False
BH-LAT-020-039,HIVE-020,ESP32-1020,2026-02-01T14:00:00,108,23,0.7348,late_stage_nearly_ready,dry,cloudy_stable,32.75,67.51,131,140,218,253,0.8121,0.0423,0.7703,nearly_ready,False,0,False
BH-LAT-020-040,HIVE-020,ESP32-1020,2026-02-01T20:00:00,109,18,0.762,late_stage_nearly_ready,dry,midday_heat,33.53,66.29,133,155,216,254,0.8071,0.0916,0.7373,nearly_ready,False,1,False
BH-LAT-020-041,HIVE-020,ESP32-1020,2026-02-02T02:00:00,109,28,0.7645,late_stage_nearly_ready,dry,stable_clear,33.04,66.53,129,153,215,246,0.8278,0.0637,0.7721,nearly_ready,False,0,False
BH-LAT-020-042,HIVE-020,ESP32-1020,2026-02-02T08:00:00,110,24,0.7371,late_stage_nearly_ready,dry,stable_clear,33.02,66.36,127,145,215,244,0.8168,0.0491,0.7714,nearly_ready,False,0,False
BH-LAT-020-043,HIVE-020,ESP32-1020,2026-02-02T14:00:00,110,20,0.7615,late_stage_nearly_ready,dry,cloudy_stable,32.52,67.1,129,143,220,246,0.8261,0.0139,0.7978,nearly_ready,False,0,False
BH-LAT-020-044,HIVE-020,ESP32-1020,2026-02-02T20:00:00,110,28,0.7628,late_stage_nearly_ready,dry,cloudy_stable,32.65,66.98,124,142,217,238,0.7828,0.0,0.7683,nearly_ready,False,0,False
BH-LAT-020-045,HIVE-020,ESP32-1020,2026-02-03T02:00:00,111,25,0.7549,late_stage_nearly_ready,dry,stable_clear,32.7,66.54,127,145,211,240,0.8238,0.0053,0.8015,ready,False,0,False
BH-LAT-020-046,HIVE-020,ESP32-1020,2026-02-03T08:00:00,111,30,0.769,late_stage_nearly_ready,dry,stable_clear,32.31,67.02,130,147,218,241,0.8309,0.0096,0.8047,ready,False,0,False
BH-LAT-020-047,HIVE-020,ESP32-1020,2026-02-03T14:00:00,112,21,0.7586,late_stage_nearly_ready,dry,stable_clear,32.23,67.05,130,142,212,245,0.8041,0.0,0.7872,nearly_ready,False,0,False
BH-LAT-020-048,HIVE-020,ESP32-1020,2026-02-03T20:00:00,112,28,0.7829,late_stage_nearly_ready,dry,stable_clear,32.35,65.81,132,144,209,246,0.7924,0.0,0.7764,nearly_ready,False,0,False
BH-LAT-020-049,HIVE-020,ESP32-1020,2026-02-04T02:00:00,112,25,0.7908,late_stage_nearly_ready,dry,stable_clear,32.73,65.4,126,143,216,248,0.8141,0.0405,0.7729,nearly_ready,False,0,False
BH-LAT-020-050,HIVE-020,ESP32-1020,2026-02-04T08:00:00,113,25,0.772,late_stage_nearly_ready,dry,stable_clear,33.13,64.76,122,143,219,243,0.8107,0.0395,0.7704,nearly_ready,False,0,False
BH-LAT-020-051,HIVE-020,ESP32-1020,2026-02-04T14:00:00,113,27,0.8021,late_stage_nearly_ready,dry,stable_clear,33.35,64.2,121,151,211,250,0.8024,0.0807,0.7406,nearly_ready,False,0,False
BH-LAT-020-052,HIVE-020,ESP32-1020,2026-02-04T20:00:00,114,25,0.7821,late_stage_nearly_ready,dry,stable_clear,33.03,63.4,122,152,212,250,0.8318,0.0233,0.7981,nearly_ready,False,0,False
BH-LAT-020-053,HIVE-020,ESP32-1020,2026-02-05T02:00:00,114,31,0.7758,late_stage_nearly_ready,dry,stable_clear,33.34,62.1,122,148,209,246,0.7914,0.0546,0.745,nearly_ready,False,0,False
BH-LAT-020-054,HIVE-020,ESP32-1020,2026-02-05T08:00:00,114,32,0.7735,late_stage_nearly_ready,dry,stable_clear,33.71,61.59,130,149,211,234,0.8041,0.1283,0.7157,nearly_ready,False,1,False
BH-LAT-020-055,HIVE-020,ESP32-1020,2026-02-05T14:00:00,115,28,0.7977,late_stage_nearly_ready,dry,cloudy_stable,33.16,62.79,136,151,214,245,0.8155,0.0686,0.7579,nearly_ready,False,0,False
BH-LAT-020-056,HIVE-020,ESP32-1020,2026-02-05T20:00:00,115,30,0.813,late_stage_nearly_ready,dry,cloudy_stable,33.1,64.2,130,140,220,252,0.8066,0.0337,0.77,nearly_ready,False,0,False
BH-LAT-020-057,HIVE-020,ESP32-1020,2026-02-06T02:00:00,115,34,0.796,late_stage_nearly_ready,dry,cloudy_stable,32.48,65.37,132,142,208,257,0.8296,0.0,0.8079,ready,False,0,False
BH-LAT-020-058,HIVE-020,ESP32-1020,2026-02-06T08:00:00,116,26,0.7916,late_stage_nearly_ready,dry,stable_clear,32.58,65.73,125,136,207,236,0.8591,0.0,0.8351,ready,False,0,False
BH-LAT-020-059,HIVE-020,ESP32-1020,2026-02-06T14:00:00,116,32,0.8196,late_stage_nearly_ready,dry,stable_clear,32.75,65.82,119,135,209,231,0.8644,0.0156,0.8316,ready,False,0,False
BH-LAT-020-060,HIVE-020,ESP32-1020,2026-02-06T20:00:00,117,27,0.7983,late_stage_nearly_ready,dry,stable_clear,32.85,66.82,120,134,215,235,0.8333,0.0525,0.7836,nearly_ready,False,0,False
BH-LAT-020-061,HIVE-020,ESP32-1020,2026-02-07T02:00:00,117,31,0.8128,late_stage_nearly_ready,dry,stable_clear,32.9,65.48,119,139,214,245,0.8424,0.0067,0.8167,ready,False,0,False
BH-LAT-020-062,HIVE-020,ESP32-1020,2026-02-07T08:00:00,117,27,0.8067,late_stage_nearly_ready,dry,cloudy_stable,32.78,65.6,115,138,213,251,0.8531,0.0215,0.8184,ready,False,0,False
BH-LAT-020-063,HIVE-020,ESP32-1020,2026-02-07T14:00:00,118,36,0.8312,late_stage_nearly_ready,dry,midday_heat,33.7,63.36,126,143,211,258,0.8514,0.1152,0.7626,nearly_ready,False,1,False
BH-LAT-020-064,HIVE-020,ESP32-1020,2026-02-07T20:00:00,118,31,0.8312,late_stage_nearly_ready,dry,midday_heat,33.46,62.56,127,147,218,264,0.8175,0.0832,0.7525,nearly_ready,False,0,False
BH-LAT-020-065,HIVE-020,ESP32-1020,2026-02-08T02:00:00,118,29,0.8185,late_stage_nearly_ready,dry,midday_heat,33.87,63.04,133,145,214,258,0.859,0.1188,0.7693,nearly_ready,False,1,False
BH-LAT-020-066,HIVE-020,ESP32-1020,2026-02-08T08:00:00,119,30,0.825,late_stage_nearly_ready,dry,midday_heat,34.3,63.05,134,149,223,258,0.8168,0.1406,0.7203,nearly_ready,False,1,False
BH-LAT-020-067,HIVE-020,ESP32-1020,2026-02-08T14:00:00,119,37,0.8453,late_stage_nearly_ready,dry,midday_heat,34.37,63.35,132,151,220,262,0.8596,0.169,0.7431,nearly_ready,False,1,False
BH-LAT-020-068,HIVE-020,ESP32-1020,2026-02-08T20:00:00,119,29,0.8444,late_stage_nearly_ready,dry,midday_heat,34.42,63.4,123,151,221,257,0.8548,0.1609,0.7434,nearly_ready,False,1,False
BH-LAT-020-069,HIVE-020,ESP32-1020,2026-02-09T02:00:00,119,34,0.8279,late_stage_nearly_ready,dry,cloudy_stable,33.23,64.57,124,155,212,261,0.847,0.0818,0.7772,nearly_ready,False,0,False
BH-LAT-020-070,HIVE-020,ESP32-1020,2026-02-09T08:00:00,120,36,0.8258,late_stage_nearly_ready,dry,midday_heat,34.07,64.14,133,155,223,266,0.8457,0.1704,0.7282,nearly_ready,False,1,False
BH-LAT-020-071,HIVE-020,ESP32-1020,2026-02-09T14:00:00,120,35,0.8203,late_stage_nearly_ready,dry,cloudy_stable,33.14,65.21,125,152,219,258,0.845,0.0725,0.781,nearly_ready,False,0,False
BH-LAT-020-072,HIVE-020,ESP32-1020,2026-02-09T20:00:00,120,30,0.8504,late_stage_nearly_ready,dry,cloudy_stable,32.67,66.08,121,152,222,254,0.8783,0.0096,0.8461,ready,False,0,False
BH-LAT-020-073,HIVE-020,ESP32-1020,2026-02-10T02:00:00,121,36,0.8479,late_stage_nearly_ready,dry,cloudy_stable,32.5,66.86,129,147,209,243,0.8348,0.0,0.8134,ready,False,0,False
BH-LAT-020-074,HIVE-020,ESP32-1020,2026-02-10T08:00:00,121,32,0.8337,late_stage_nearly_ready,dry,cloudy_stable,32.53,67.02,125,148,213,244,0.8727,0.0118,0.8411,ready,False,0,False
BH-LAT-020-075,HIVE-020,ESP32-1020,2026-02-10T14:00:00,121,31,0.8263,late_stage_nearly_ready,dry,cloudy_stable,32.57,67.75,134,152,213,252,0.8771,0.0047,0.8486,ready,False,0,False
BH-LAT-020-076,HIVE-020,ESP32-1020,2026-02-10T20:00:00,121,37,0.8386,late_stage_nearly_ready,dry,cloudy_stable,32.47,68.16,130,151,222,238,0.8515,0.0,0.8286,ready,False,0,False
BH-LAT-020-077,HIVE-020,ESP32-1020,2026-02-11T02:00:00,121,33,0.8551,late_stage_nearly_ready,dry,midday_heat,33.53,66.28,128,154,225,257,0.8771,0.1216,0.7816,nearly_ready,False,1,False
BH-LAT-020-078,HIVE-020,ESP32-1020,2026-02-11T08:00:00,122,36,0.8308,late_stage_nearly_ready,dry,midday_heat,33.75,66.34,130,159,223,250,0.8879,0.1435,0.7816,nearly_ready,False,1,False
BH-LAT-020-079,HIVE-020,ESP32-1020,2026-02-11T14:00:00,122,37,0.8475,late_stage_nearly_ready,dry,midday_heat,34.04,67.14,132,163,218,267,0.8433,0.178,0.7229,nearly_ready,False,1,False
BH-LAT-020-080,HIVE-020,ESP32-1020,2026-02-11T20:00:00,122,35,0.8314,late_stage_nearly_ready,dry,midday_heat,33.92,66.49,139,163,219,261,0.8645,0.1555,0.7545,nearly_ready,False,1,False
BH-LAT-020-081,HIVE-020,ESP32-1020,2026-02-12T02:00:00,122,36,0.8427,late_stage_nearly_ready,dry,midday_heat,33.75,68.66,138,164,220,265,0.8755,0.1373,0.7735,nearly_ready,False,1,False
BH-LAT-020-082,HIVE-020,ESP32-1020,2026-02-12T08:00:00,122,33,0.8635,late_stage_nearly_ready,dry,midday_heat,33.68,68.17,141,166,222,266,0.8701,0.1019,0.7891,nearly_ready,False,1,False
BH-LAT-020-083,HIVE-020,ESP32-1020,2026-02-12T14:00:00,122,34,0.8431,late_stage_nearly_ready,dry,midday_heat,34.06,67.89,140,159,227,259,0.8649,0.1525,0.756,nearly_ready,False,1,False
BH-LAT-020-084,HIVE-020,ESP32-1020,2026-02-12T20:00:00,123,35,0.8726,late_stage_nearly_ready,dry,midday_heat,34.57,65.61,138,155,221,250,0.8627,0.2008,0.7263,nearly_ready,False,1,False
BH-LAT-020-085,HIVE-020,ESP32-1020,2026-02-13T02:00:00,123,40,0.8455,late_stage_nearly_ready,dry,midday_heat,34.18,65.03,133,150,216,252,0.8384,0.1801,0.7174,nearly_ready,False,1,False
BH-LAT-020-086,HIVE-020,ESP32-1020,2026-02-13T08:00:00,123,33,0.8503,late_stage_nearly_ready,dry,stable_clear,34.01,62.91,135,152,224,255,0.8322,0.1526,0.7269,nearly_ready,False,1,False
BH-LAT-020-087,HIVE-020,ESP32-1020,2026-02-13T14:00:00,123,34,0.8578,late_stage_nearly_ready,dry,stable_clear,34.19,62.88,129,148,219,253,0.8908,0.1621,0.7741,nearly_ready,False,1,False
BH-LAT-020-088,HIVE-020,ESP32-1020,2026-02-13T20:00:00,123,36,0.8463,late_stage_nearly_ready,dry,stable_clear,33.71,62.65,127,149,222,263,0.8357,0.1451,0.7343,nearly_ready,False,1,False
BH-LAT-020-089,HIVE-020,ESP32-1020,2026-02-14T02:00:00,123,38,0.872,late_stage_nearly_ready,dry,stable_clear,34.15,62.54,132,156,218,266,0.8477,0.1709,0.7307,nearly_ready,False,1,False
BH-LAT-020-090,HIVE-020,ESP32-1020,2026-02-14T08:00:00,123,38,0.8593,late_stage_nearly_ready,dry,midday_heat,34.9,61.0,136,161,216,268,0.8842,0.2482,0.7191,nearly_ready,False,1,False
BH-LAT-020-091,HIVE-020,ESP32-1020,2026-02-14T14:00:00,123,38,0.8701,late_stage_nearly_ready,dry,midday_heat,34.86,60.77,136,165,226,273,0.9144,0.2238,0.7611,nearly_ready,False,1,False
BH-LAT-021-000,HIVE-021,ESP32-1021,2026-01-07T12:00:00,87,14,0.617,late_stage_nearly_ready,inter_monsoon,humid_rain,29.08,71.2,124,110,227,271,0.6707,0.0005,0.668,nearly_ready,False,0,False
BH-LAT-021-001,HIVE-021,ESP32-1021,2026-01-07T18:00:00,87,12,0.633,late_stage_nearly_ready,inter_monsoon,humid_rain,29.47,73.33,136,118,239,283,0.715,0.0,0.7067,nearly_ready,False,0,False
BH-LAT-021-002,HIVE-021,ESP32-1021,2026-01-08T00:00:00,87,14,0.6042,late_stage_nearly_ready,inter_monsoon,humid_rain,29.29,74.28,141,125,238,293,0.7227,0.0028,0.7133,nearly_ready,False,0,False
BH-LAT-021-003,HIVE-021,ESP32-1021,2026-01-08T06:00:00,87,17,0.6009,late_stage_nearly_ready,inter_monsoon,humid_rain,28.89,72.99,141,126,237,277,0.6693,0.0093,0.6622,nearly_ready,False,0,False
BH-LAT-021-004,HIVE-021,ESP32-1021,2026-01-08T12:00:00,87,11,0.64,late_stage_nearly_ready,inter_monsoon,post_rain,29.29,70.89,145,122,239,278,0.7282,0.0,0.7188,nearly_ready,False,0,False
BH-LAT-021-005,HIVE-021,ESP32-1021,2026-01-08T18:00:00,87,14,0.6171,late_stage_nearly_ready,inter_monsoon,stable_clear,29.67,68.04,141,118,242,276,0.6677,0.0056,0.6621,nearly_ready,False,0,False
BH-LAT-021-006,HIVE-021,ESP32-1021,2026-01-09T00:00:00,87,12,0.6049,late_stage_nearly_ready,inter_monsoon,stable_clear,29.79,66.16,139,108,234,273,0.7293,0.0104,0.7145,nearly_ready,False,0,False
BH-LAT-021-007,HIVE-021,ESP32-1021,2026-01-09T06:00:00,87,14,0.6089,late_stage_nearly_ready,inter_monsoon,stable_clear,29.74,65.06,136,113,231,288,0.7274,0.0,0.7191,nearly_ready,False,0,False
BH-LAT-021-008,HIVE-021,ESP32-1021,2026-01-09T12:00:00,88,9,0.633,late_stage_nearly_ready,inter_monsoon,stable_clear,29.96,64.03,131,109,224,273,0.7268,0.0,0.7182,nearly_ready,False,0,False
BH-LAT-021-009,HIVE-021,ESP32-1021,2026-01-09T18:00:00,88,10,0.6341,late_stage_nearly_ready,inter_monsoon,stable_clear,29.87,64.54,130,111,225,266,0.7248,0.0088,0.7125,nearly_ready,False,0,False
BH-LAT-021-010,HIVE-021,ESP32-1021,2026-01-10T00:00:00,88,9,0.6147,late_stage_nearly_ready,inter_monsoon,stable_clear,30.06,66.38,131,111,227,261,0.6768,0.0,0.6743,nearly_ready,False,0,False
BH-LAT-021-011,HIVE-021,ESP32-1021,2026-01-10T06:00:00,88,15,0.6241,late_stage_nearly_ready,inter_monsoon,stable_clear,30.18,67.06,134,113,217,270,0.7093,0.0036,0.7013,nearly_ready,False,0,False
BH-LAT-021-012,HIVE-021,ESP32-1021,2026-01-10T12:00:00,88,11,0.6169,late_stage_nearly_ready,inter_monsoon,stable_clear,30.0,67.02,129,113,214,266,0.7293,0.0,0.7212,nearly_ready,False,0,False
BH-LAT-021-013,HIVE-021,ESP32-1021,2026-01-10T18:00:00,88,9,0.6233,late_stage_nearly_ready,inter_monsoon,stable_clear,30.33,67.13,131,113,216,275,0.6851,0.0,0.682,nearly_ready,False,0,False
BH-LAT-021-014,HIVE-021,ESP32-1021,2026-01-11T00:00:00,89,15,0.6176,late_stage_nearly_ready,inter_monsoon,stable_clear,30.32,67.13,127,107,212,277,0.7279,0.0,0.7202,nearly_ready,False,0,False
BH-LAT-021-015,HIVE-021,ESP32-1021,2026-01-11T06:00:00,89,13,0.6202,late_stage_nearly_ready,inter_monsoon,post_rain,29.48,70.58,130,115,221,284,0.729,0.023,0.7052,nearly_ready,False,0,False
BH-LAT-021-016,HIVE-021,ESP32-1021,2026-01-11T12:00:00,89,14,0.633,late_stage_nearly_ready,inter_monsoon,post_rain,29.37,73.23,129,124,222,288,0.7174,0.0,0.7097,nearly_ready,False,0,False
BH-LAT-021-017,HIVE-021,ESP32-1021,2026-01-11T18:00:00,89,18,0.6356,late_stage_nearly_ready,inter_monsoon,post_rain,29.56,73.63,132,119,230,290,0.7033,0.0,0.6981,nearly_ready,False,0,False
BH-LAT-021-018,HIVE-021,ESP32-1021,2026-01-12T00:00:00,90,18,0.6309,late_stage_nearly_ready,inter_monsoon,post_rain,29.74,72.74,131,118,222,280,0.6925,0.0,0.6883,nearly_ready,False,0,False
BH-LAT-021-019,HIVE-021,ESP32-1021,2026-01-12T06:00:00,90,17,0.6452,late_stage_nearly_ready,inter_monsoon,post_rain,29.43,73.37,139,116,233,280,0.7437,0.0165,0.7241,nearly_ready,False,0,False
BH-LAT-021-020,HIVE-021,ESP32-1021,2026-01-12T12:00:00,90,13,0.6531,late_stage_nearly_ready,inter_monsoon,post_rain,29.04,73.24,142,124,234,289,0.7133,0.0,0.7066,nearly_ready,False,0,False
BH-LAT-021-021,HIVE-021,ESP32-1021,2026-01-12T18:00:00,91,14,0.6515,late_stage_nearly_ready,inter_monsoon,post_rain,29.02,73.86,138,116,225,282,0.7212,0.0,0.7139,nearly_ready,False,0,False
BH-LAT-021-022,HIVE-021,ESP32-1021,2026-01-13T00:00:00,91,13,0.6361,late_stage_nearly_ready,inter_monsoon,stable_clear,29.71,70.4,131,117,225,275,0.7231,0.0,0.7131,nearly_ready,False,0,False
BH-LAT-021-023,HIVE-021,ESP32-1021,2026-01-13T06:00:00,91,16,0.6338,late_stage_nearly_ready,inter_monsoon,stable_clear,29.93,68.69,128,108,225,278,0.699,0.008,0.6892,nearly_ready,False,0,False
BH-LAT-021-024,HIVE-021,ESP32-1021,2026-01-13T12:00:00,92,23,0.6454,late_stage_nearly_ready,inter_monsoon,cloudy_stable,30.22,69.28,127,110,213,277,0.7432,0.0,0.7329,nearly_ready,False,0,False
BH-LAT-021-025,HIVE-021,ESP32-1021,2026-01-13T18:00:00,92,16,0.647,late_stage_nearly_ready,inter_monsoon,cloudy_stable,30.18,69.25,131,111,216,271,0.7585,0.0,0.7472,nearly_ready,False,0,False
BH-LAT-021-026,HIVE-021,ESP32-1021,2026-01-14T00:00:00,92,18,0.6558,late_stage_nearly_ready,inter_monsoon,cloudy_stable,30.04,70.25,135,115,223,266,0.699,0.0,0.6941,nearly_ready,False,0,False
BH-LAT-021-027,HIVE-021,ESP32-1021,2026-01-14T06:00:00,93,16,0.6667,late_stage_nearly_ready,inter_monsoon,cloudy_stable,30.09,69.99,138,120,218,268,0.7198,0.0,0.7129,nearly_ready,False,0,False
BH-LAT-021-028,HIVE-021,ESP32-1021,2026-01-14T12:00:00,93,24,0.6583,late_stage_nearly_ready,inter_monsoon,cloudy_stable,29.71,69.31,128,117,224,274,0.7312,0.0,0.722,nearly_ready,False,0,False
BH-LAT-021-029,HIVE-021,ESP32-1021,2026-01-14T18:00:00,93,19,0.6858,late_stage_nearly_ready,inter_monsoon,post_rain,29.42,70.95,128,127,230,286,0.756,0.0041,0.7412,nearly_ready,False,0,False
BH-LAT-021-030,HIVE-021,ESP32-1021,2026-01-15T00:00:00,94,18,0.68,late_stage_nearly_ready,inter_monsoon,post_rain,29.53,72.29,137,124,234,277,0.7319,0.0122,0.7161,nearly_ready,False,0,False
BH-LAT-021-031,HIVE-021,ESP32-1021,2026-01-15T06:00:00,94,24,0.6561,late_stage_nearly_ready,inter_monsoon,post_rain,29.44,73.45,143,124,231,282,0.7146,0.0123,0.7011,nearly_ready,False,0,False
BH-LAT-021-032,HIVE-021,ESP32-1021,2026-01-15T12:00:00,95,17,0.6576,late_stage_nearly_ready,inter_monsoon,post_rain,29.79,73.98,146,126,227,280,0.7353,0.0,0.7259,nearly_ready,False,0,False
BH-LAT-021-033,HIVE-021,ESP32-1021,2026-01-15T18:00:00,95,25,0.6912,late_stage_nearly_ready,inter_monsoon,post_rain,29.66,73.22,141,126,230,284,0.7774,0.0,0.7633,nearly_ready,False,0,False
BH-LAT-021-034,HIVE-021,ESP32-1021,2026-01-16T00:00:00,95,25,0.6631,late_stage_nearly_ready,inter_monsoon,post_rain,29.4,72.5,137,118,237,288,0.7117,0.0196,0.6943,nearly_ready,False,0,False
BH-LAT-021-035,HIVE-021,ESP32-1021,2026-01-16T06:00:00,96,19,0.6663,late_stage_nearly_ready,inter_monsoon,post_rain,29.61,73.12,136,126,235,285,0.7731,0.0,0.7594,nearly_ready,False,0,False
BH-LAT-021-036,HIVE-021,ESP32-1021,2026-01-16T12:00:00,96,18,0.6871,late_stage_nearly_ready,inter_monsoon,stable_clear,30.21,69.93,136,119,229,280,0.7296,0.0047,0.7165,nearly_ready,False,0,False
BH-LAT-021-037,HIVE-021,ESP32-1021,2026-01-16T18:00:00,97,20,0.6813,late_stage_nearly_ready,inter_monsoon,stable_clear,30.16,68.9,139,112,229,275,0.7766,0.0,0.7625,nearly_ready,False,0,False
BH-LAT-021-038,HIVE-021,ESP32-1021,2026-01-17T00:00:00,97,19,0.7001,late_stage_nearly_ready,inter_monsoon,stable_clear,30.33,68.19,135,117,228,280,0.7806,0.0076,0.7618,nearly_ready,False,0,False
BH-LAT-021-039,HIVE-021,ESP32-1021,2026-01-17T06:00:00,98,21,0.6851,late_stage_nearly_ready,inter_monsoon,stable_clear,30.23,67.2,132,106,226,285,0.7689,0.0101,0.7501,nearly_ready,False,0,False
BH-LAT-021-040,HIVE-021,ESP32-1021,2026-01-17T12:00:00,98,26,0.682,late_stage_nearly_ready,inter_monsoon,stable_clear,30.19,66.39,139,112,230,283,0.7296,0.0,0.7213,nearly_ready,False,0,False
BH-LAT-021-041,HIVE-021,ESP32-1021,2026-01-17T18:00:00,99,28,0.7051,late_stage_nearly_ready,inter_monsoon,stable_clear,29.91,67.34,137,115,231,284,0.7397,0.0,0.7299,nearly_ready,False,0,False
BH-LAT-021-042,HIVE-021,ESP32-1021,2026-01-18T00:00:00,99,29,0.6872,late_stage_nearly_ready,inter_monsoon,post_rain,29.97,70.53,140,115,231,291,0.7512,0.0,0.7393,nearly_ready,False,0,False
BH-LAT-021-043,HIVE-021,ESP32-1021,2026-01-18T06:00:00,99,29,0.7289,late_stage_nearly_ready,inter_monsoon,stable_clear,30.24,68.49,143,119,226,286,0.8065,0.0,0.7879,nearly_ready,False,0,False
BH-LAT-021-044,HIVE-021,ESP32-1021,2026-01-18T12:00:00,100,21,0.7263,late_stage_nearly_ready,inter_monsoon,stable_clear,30.32,68.0,141,115,225,281,0.7933,0.0,0.7776,nearly_ready,False,0,False
BH-LAT-021-045,HIVE-021,ESP32-1021,2026-01-18T18:00:00,100,27,0.7148,late_stage_nearly_ready,inter_monsoon,stable_clear,30.45,68.17,135,111,227,268,0.7977,0.0,0.7813,nearly_ready,False,0,False
BH-LAT-021-046,HIVE-021,ESP32-1021,2026-01-19T00:00:00,101,29,0.7154,late_stage_nearly_ready,inter_monsoon,humid_rain,29.74,71.73,138,119,238,267,0.7781,0.0256,0.7472,nearly_ready,False,0,False
BH-LAT-021-047,HIVE-021,ESP32-1021,2026-01-19T06:00:00,101,24,0.7257,late_stage_nearly_ready,inter_monsoon,humid_rain,29.56,73.23,144,123,246,281,0.7446,0.0,0.7338,nearly_ready,False,0,False
BH-LAT-021-048,HIVE-021,ESP32-1021,2026-01-19T12:00:00,102,29,0.7355,late_stage_nearly_ready,inter_monsoon,humid_rain,29.77,73.07,147,123,246,280,0.7799,0.0,0.7657,nearly_ready,False,0,False
BH-LAT-021-049,HIVE-021,ESP32-1021,2026-01-19T18:00:00,102,31,0.7311,late_stage_nearly_ready,inter_monsoon,humid_rain,29.38,72.2,149,132,255,296,0.7555,0.0097,0.7378,nearly_ready,False,0,False
BH-LAT-021-050,HIVE-021,ESP32-1021,2026-01-20T00:00:00,102,31,0.7397,late_stage_nearly_ready,inter_monsoon,stable_clear,30.27,67.8,148,123,249,292,0.7591,0.0138,0.7363,nearly_ready,False,0,False
BH-LAT-021-051,HIVE-021,ESP32-1021,2026-01-20T06:00:00,103,27,0.744,late_stage_nearly_ready,inter_monsoon,stable_clear,30.19,65.13,142,133,234,287,0.7961,0.0135,0.7712,nearly_ready,False,0,False
BH-LAT-021-052,HIVE-021,ESP32-1021,2026-01-20T12:00:00,103,30,0.7369,late_stage_nearly_ready,inter_monsoon,cloudy_stable,30.13,66.6,145,127,240,297,0.8029,0.0,0.7854,nearly_ready,False,0,False
BH-LAT-021-053,HIVE-021,ESP32-1021,2026-01-20T18:00:00,104,31,0.7321,late_stage_nearly_ready,inter_monsoon,cloudy_stable,29.98,66.83,147,130,244,283,0.8073,0.0,0.7897,nearly_ready,False,0,False
BH-LAT-021-054,HIVE-021,ESP32-1021,2026-01-21T00:00:00,104,32,0.7631,late_stage_nearly_ready,inter_monsoon,humid_rain,29.49,68.64,147,134,246,283,0.7916,0.0191,0.7642,nearly_ready,False,0,False
BH-LAT-021-055,HIVE-021,ESP32-1021,2026-01-21T06:00:00,105,26,0.7382,late_stage_nearly_ready,inter_monsoon,humid_rain,29.63,72.08,146,124,243,284,0.7973,0.01,0.7739,nearly_ready,False,0,False
BH-LAT-021-056,HIVE-021,ESP32-1021,2026-01-21T12:00:00,105,29,0.7411,late_stage_nearly_ready,inter_monsoon,stable_clear,30.03,70.06,138,124,232,279,0.7788,0.0068,0.7595,nearly_ready,False,0,False
BH-LAT-021-057,HIVE-021,ESP32-1021,2026-01-21T18:00:00,106,27,0.7567,late_stage_nearly_ready,inter_monsoon,stable_clear,30.4,69.82,127,117,228,271,0.8145,0.0,0.7955,nearly_ready,False,0,False
BH-LAT-021-058,HIVE-021,ESP32-1021,2026-01-22T00:00:00,106,33,0.7593,late_stage_nearly_ready,inter_monsoon,stable_clear,30.17,68.74,128,119,232,276,0.8136,0.0,0.7948,nearly_ready,False,0,False
BH-LAT-021-059,HIVE-021,ESP32-1021,2026-01-22T06:00:00,106,32,0.7429,late_stage_nearly_ready,inter_monsoon,cloudy_stable,29.98,69.0,133,127,228,277,0.7919,0.0,0.776,nearly_ready,False,0,False
BH-LAT-021-060,HIVE-021,ESP32-1021,2026-01-22T12:00:00,107,34,0.7727,late_stage_nearly_ready,inter_monsoon,cloudy_stable,30.01,68.65,132,125,227,275,0.8377,0.003,0.8152,ready,False,0,False
BH-LAT-021-061,HIVE-021,ESP32-1021,2026-01-22T18:00:00,107,36,0.754,late_stage_nearly_ready,inter_monsoon,stable_clear,30.07,67.53,135,118,221,286,0.8238,0.0,0.8039,ready,False,0,False
BH-LAT-021-062,HIVE-021,ESP32-1021,2026-01-23T00:00:00,108,36,0.7626,late_stage_nearly_ready,inter_monsoon,post_rain,30.01,69.95,138,123,225,279,0.8011,0.0015,0.7827,nearly_ready,False,0,False
BH-LAT-021-063,HIVE-021,ESP32-1021,2026-01-23T06:00:00,108,29,0.7606,late_stage_nearly_ready,inter_monsoon,post_rain,29.63,72.37,136,126,223,282,0.8095,0.0005,0.79,nearly_ready,False,0,False
BH-LAT-021-064,HIVE-021,ESP32-1021,2026-01-23T12:00:00,108,33,0.7887,late_stage_nearly_ready,inter_monsoon,post_rain,29.38,73.0,137,122,229,285,0.8235,0.0105,0.7979,nearly_ready,False,0,False
BH-LAT-021-065,HIVE-021,ESP32-1021,2026-01-23T18:00:00,109,34,0.7602,late_stage_nearly_ready,inter_monsoon,post_rain,29.26,72.9,138,121,238,288,0.7813,0.0107,0.7612,nearly_ready,False,0,False
BH-LAT-021-066,HIVE-021,ESP32-1021,2026-01-24T00:00:00,109,30,0.7949,late_stage_nearly_ready,inter_monsoon,post_rain,29.74,73.59,146,120,239,289,0.8459,0.0,0.8229,ready,False,0,False
BH-LAT-021-067,HIVE-021,ESP32-1021,2026-01-24T06:00:00,109,36,0.8012,late_stage_nearly_ready,inter_monsoon,stable_clear,29.74,69.88,143,113,232,296,0.8062,0.0053,0.7844,nearly_ready,False,0,False
BH-LAT-021-068,HIVE-021,ESP32-1021,2026-01-24T12:00:00,110,34,0.7723,late_stage_nearly_ready,inter_monsoon,stable_clear,30.08,68.69,141,116,225,291,0.8216,0.0,0.8015,ready,False,0,False
BH-LAT-021-069,HIVE-021,ESP32-1021,2026-01-24T18:00:00,110,33,0.78,late_stage_nearly_ready,inter_monsoon,post_rain,29.99,70.86,140,125,231,282,0.8041,0.0,0.786,nearly_ready,False,0,False
BH-LAT-021-070,HIVE-021,ESP32-1021,2026-01-25T00:00:00,110,41,0.7905,late_stage_nearly_ready,inter_monsoon,stable_clear,30.14,68.78,144,128,227,283,0.8302,0.0,0.8091,ready,False,0,False
BH-LAT-021-071,HIVE-021,ESP32-1021,2026-01-25T06:00:00,111,39,0.7736,late_stage_nearly_ready,inter_monsoon,stable_clear,30.35,67.65,141,131,240,292,0.7965,0.0,0.7796,nearly_ready,False,0,False
BH-LAT-021-072,HIVE-021,ESP32-1021,2026-01-25T12:00:00,111,32,0.8106,late_stage_nearly_ready,inter_monsoon,humid_rain,30.0,71.39,141,131,242,284,0.815,0.0,0.7946,nearly_ready,False,0,False
BH-LAT-021-073,HIVE-021,ESP32-1021,2026-01-25T18:00:00,111,41,0.8114,late_stage_nearly_ready,inter_monsoon,humid_rain,29.68,73.43,140,130,248,295,0.8117,0.0057,0.7893,nearly_ready,False,0,False
BH-LAT-021-074,HIVE-021,ESP32-1021,2026-01-26T00:00:00,112,39,0.7903,late_stage_nearly_ready,inter_monsoon,humid_rain,29.46,73.97,148,130,251,297,0.7994,0.0147,0.7745,nearly_ready,False,0,False
BH-LAT-021-075,HIVE-021,ESP32-1021,2026-01-26T06:00:00,112,39,0.8037,late_stage_nearly_ready,inter_monsoon,post_rain,29.57,72.88,145,124,247,296,0.8134,0.0266,0.7802,nearly_ready,False,0,False
BH-LAT-021-076,HIVE-021,ESP32-1021,2026-01-26T12:00:00,112,39,0.814,late_stage_nearly_ready,inter_monsoon,post_rain,29.61,73.2,138,132,240,290,0.833,0.017,0.803,ready,False,0,False
BH-LAT-021-077,HIVE-021,ESP32-1021,2026-01-26T18:00:00,112,33,0.7932,late_stage_nearly_ready,inter_monsoon,cloudy_stable,29.57,70.47,135,130,237,294,0.8035,0.0018,0.7845,nearly_ready,False,0,False
BH-LAT-021-078,HIVE-021,ESP32-1021,2026-01-27T00:00:00,113,42,0.8242,late_stage_nearly_ready,inter_monsoon,post_rain,29.02,70.72,150,142,246,297,0.8346,0.0,0.8125,ready,False,0,False
BH-LAT-021-079,HIVE-021,ESP32-1021,2026-01-27T06:00:00,113,37,0.7918,late_stage_nearly_ready,inter_monsoon,post_rain,29.03,71.51,165,133,242,305,0.8059,0.0258,0.774,nearly_ready,False,0,False
BH-LAT-021-080,HIVE-021,ESP32-1021,2026-01-27T12:00:00,113,41,0.8006,late_stage_nearly_ready,inter_monsoon,stable_clear,29.45,68.5,148,133,241,298,0.8079,0.0,0.7882,nearly_ready,False,0,False
BH-LAT-021-081,HIVE-021,ESP32-1021,2026-01-27T18:00:00,113,37,0.7898,late_stage_nearly_ready,inter_monsoon,humid_rain,28.74,71.31,152,133,250,298,0.7863,0.0129,0.7619,nearly_ready,False,0,False
BH-LAT-021-082,HIVE-021,ESP32-1021,2026-01-28T00:00:00,113,37,0.7995,late_stage_nearly_ready,inter_monsoon,humid_rain,28.95,73.29,154,129,246,306,0.8227,0.0314,0.7851,nearly_ready,False,0,False
BH-LAT-021-083,HIVE-021,ESP32-1021,2026-01-28T06:00:00,113,38,0.7956,late_stage_nearly_ready,inter_monsoon,stable_clear,29.69,70.22,142,124,249,286,0.7889,0.0,0.7707,nearly_ready,False,0,False
BH-LAT-021-084,HIVE-021,ESP32-1021,2026-01-28T12:00:00,114,40,0.8142,late_stage_nearly_ready,inter_monsoon,stable_clear,30.01,67.4,145,125,241,282,0.8248,0.0,0.8036,ready,False,0,False
BH-LAT-021-085,HIVE-021,ESP32-1021,2026-01-28T18:00:00,114,45,0.8313,late_stage_nearly_ready,inter_monsoon,cloudy_stable,29.89,67.98,141,127,247,279,0.8203,0.0,0.8011,ready,False,0,False
BH-LAT-021-086,HIVE-021,ESP32-1021,2026-01-29T00:00:00,114,37,0.8112,late_stage_nearly_ready,inter_monsoon,stable_clear,29.99,66.85,148,122,232,276,0.8131,0.0017,0.7934,nearly_ready,False,0,False
BH-LAT-021-087,HIVE-021,ESP32-1021,2026-01-29T06:00:00,114,44,0.7981,late_stage_nearly_ready,inter_monsoon,cloudy_stable,29.93,68.14,150,127,234,297,0.8348,0.0,0.8136,ready,False,0,False
BH-LAT-021-088,HIVE-021,ESP32-1021,2026-01-29T12:00:00,114,37,0.829,late_stage_nearly_ready,inter_monsoon,cloudy_stable,29.55,68.66,145,123,239,293,0.8111,0.024,0.7792,nearly_ready,False,0,False
BH-LAT-021-089,HIVE-021,ESP32-1021,2026-01-29T18:00:00,114,39,0.8339,late_stage_nearly_ready,inter_monsoon,cloudy_stable,30.04,68.91,138,120,228,292,0.8373,0.0,0.8154,ready,False,0,False
BH-LAT-021-090,HIVE-021,ESP32-1021,2026-01-30T00:00:00,114,45,0.8178,late_stage_nearly_ready,inter_monsoon,cloudy_stable,30.26,67.95,133,117,227,286,0.8055,0.0102,0.7821,nearly_ready,False,0,False
BH-LAT-021-091,HIVE-021,ESP32-1021,2026-01-30T06:00:00,114,38,0.8239,late_stage_nearly_ready,inter_monsoon,humid_rain,29.9,71.57,142,120,230,280,0.8379,0.0,0.8146,ready,False,0,False
BH-LAT-022-000,HIVE-022,ESP32-1022,2026-02-28T16:00:00,118,13,0.6234,late_stage_nearly_ready,dry,cloudy_stable,30.03,59.72,129,132,222,244,0.7443,0.0,0.733,nearly_ready,False,0,False
BH-LAT-022-001,HIVE-022,ESP32-1022,2026-02-28T22:00:00,118,8,0.66,late_stage_nearly_ready,dry,cloudy_stable,30.16,59.84,134,141,220,244,0.7981,0.0,0.7817,nearly_ready,False,0,False
BH-LAT-022-002,HIVE-022,ESP32-1022,2026-03-01T04:00:00,118,13,0.652,late_stage_nearly_ready,dry,cloudy_stable,30.61,58.12,133,143,223,248,0.7335,0.0,0.7236,nearly_ready,False,0,False
BH-LAT-022-003,HIVE-022,ESP32-1022,2026-03-01T10:00:00,118,16,0.6445,late_stage_nearly_ready,dry,midday_heat,31.96,54.52,138,150,225,260,0.7334,0.0414,0.6978,nearly_ready,False,0,False
BH-LAT-022-004,HIVE-022,ESP32-1022,2026-03-01T16:00:00,118,8,0.641,late_stage_nearly_ready,dry,midday_heat,31.97,52.46,149,152,226,261,0.7741,0.0662,0.7235,nearly_ready,False,0,False
BH-LAT-022-005,HIVE-022,ESP32-1022,2026-03-01T22:00:00,118,9,0.6496,late_stage_nearly_ready,dry,midday_heat,32.02,54.04,156,155,223,257,0.7469,0.0545,0.7062,nearly_ready,False,0,False
BH-LAT-022-006,HIVE-022,ESP32-1022,2026-03-02T04:00:00,118,17,0.6636,late_stage_nearly_ready,dry,midday_heat,32.57,54.0,154,156,220,259,0.7965,0.0728,0.7396,nearly_ready,False,0,False
BH-LAT-022-007,HIVE-022,ESP32-1022,2026-03-02T10:00:00,119,18,0.6469,late_stage_nearly_ready,dry,midday_heat,32.6,52.54,148,155,224,259,0.7821,0.0665,0.7307,nearly_ready,False,0,False
BH-LAT-022-008,HIVE-022,ESP32-1022,2026-03-02T16:00:00,119,16,0.6478,late_stage_nearly_ready,dry,midday_heat,32.73,54.93,147,162,236,270,0.7373,0.0429,0.7034,nearly_ready,False,0,False
BH-LAT-022-009,HIVE-022,ESP32-1022,2026-03-02T22:00:00,119,12,0.6355,late_stage_nearly_ready,dry,midday_heat,32.77,54.2,150,157,233,265,0.7667,0.091,0.7039,nearly_ready,False,0,False
BH-LAT-022-010,HIVE-022,ESP32-1022,2026-03-03T04:00:00,119,18,0.6591,late_stage_nearly_ready,dry,cloudy_stable,31.79,56.88,149,151,235,264,0.7469,0.0,0.7339,nearly_ready,False,0,False
BH-LAT-022-011,HIVE-022,ESP32-1022,2026-03-03T10:00:00,119,13,0.6351,late_stage_nearly_ready,dry,cloudy_stable,30.85,58.8,147,146,226,259,0.7159,0.0005,0.7067,nearly_ready,False,0,False
BH-LAT-022-012,HIVE-022,ESP32-1022,2026-03-03T16:00:00,119,17,0.6421,late_stage_nearly_ready,dry,cloudy_stable,30.86,59.53,150,153,229,255,0.7462,0.0,0.736,nearly_ready,False,0,False
BH-LAT-022-013,HIVE-022,ESP32-1022,2026-03-03T22:00:00,120,11,0.6363,late_stage_nearly_ready,dry,cloudy_stable,30.77,59.08,148,146,231,238,0.7799,0.0,0.7656,nearly_ready,False,0,False
BH-LAT-022-014,HIVE-022,ESP32-1022,2026-03-04T04:00:00,120,11,0.6616,late_stage_nearly_ready,dry,stable_clear,31.09,57.35,138,139,233,260,0.7595,0.0204,0.7352,nearly_ready,False,0,False
BH-LAT-022-015,HIVE-022,ESP32-1022,2026-03-04T10:00:00,120,12,0.6492,late_stage_nearly_ready,dry,stable_clear,30.87,56.38,135,140,228,245,0.7921,0.0,0.7759,nearly_ready,False,0,False
BH-LAT-022-016,HIVE-022,ESP32-1022,2026-03-04T16:00:00,121,13,0.6451,late_stage_nearly_ready,dry,cloudy_stable,30.61,57.56,134,140,226,251,0.7731,0.0,0.7591,nearly_ready,False,0,False
BH-LAT-022-017,HIVE-022,ESP32-1022,2026-03-04T22:00:00,121,18,0.6432,late_stage_nearly_ready,dry,stable_clear,30.6,58.52,134,144,225,250,0.7317,0.0,0.7233,nearly_ready,False,0,False
BH-LAT-022-018,HIVE-022,ESP32-1022,2026-03-05T04:00:00,121,15,0.6635,late_stage_nearly_ready,dry,midday_heat,31.54,58.09,139,149,229,262,0.7572,0.0,0.7438,nearly_ready,False,0,False
BH-LAT-022-019,HIVE-022,ESP32-1022,2026-03-05T10:00:00,121,15,0.6691,late_stage_nearly_ready,dry,stable_clear,31.52,56.3,140,149,221,257,0.7636,0.0,0.7509,nearly_ready,False,0,False
BH-LAT-022-020,HIVE-022,ESP32-1022,2026-03-05T16:00:00,122,13,0.657,late_stage_nearly_ready,dry,stable_clear,30.92,56.01,136,141,213,253,0.7482,0.0,0.7367,nearly_ready,False,0,False
BH-LAT-022-021,HIVE-022,ESP32-1022,2026-03-05T22:00:00,122,19,0.6541,late_stage_nearly_ready,dry,stable_clear,31.26,54.21,138,138,216,258,0.7413,0.0188,0.7203,nearly_ready,False,0,False
BH-LAT-022-022,HIVE-022,ESP32-1022,2026-03-06T04:00:00,123,19,0.6731,late_stage_nearly_ready,dry,midday_heat,32.1,53.52,141,143,227,274,0.7801,0.0299,0.7476,nearly_ready,False,0,False
BH-LAT-022-023,HIVE-022,ESP32-1022,2026-03-06T10:00:00,123,22,0.658,late_stage_nearly_ready,dry,midday_heat,32.38,52.69,147,150,232,246,0.7792,0.0401,0.742,nearly_ready,False,0,False
BH-LAT-022-024,HIVE-022,ESP32-1022,2026-03-06T16:00:00,123,16,0.6712,late_stage_nearly_ready,dry,midday_heat,32.29,52.85,145,152,235,257,0.8077,0.0443,0.766,nearly_ready,False,0,False
BH-LAT-022-025,HIVE-022,ESP32-1022,2026-03-06T22:00:00,124,14,0.6773,late_stage_nearly_ready,dry,midday_heat,32.6,52.64,149,150,228,257,0.7663,0.0571,0.7221,nearly_ready,False,0,False
BH-LAT-022-026,HIVE-022,ESP32-1022,2026-03-07T04:00:00,124,17,0.69,late_stage_nearly_ready,dry,midday_heat,32.94,53.22,149,151,228,270,0.7761,0.1199,0.6959,nearly_ready,False,0,False
BH-LAT-022-027,HIVE-022,ESP32-1022,2026-03-07T10:00:00,125,24,0.7018,late_stage_nearly_ready,dry,midday_heat,32.63,53.15,147,151,226,256,0.8039,0.044,0.7623,nearly_ready,False,0,False
BH-LAT-022-028,HIVE-022,ESP32-1022,2026-03-07T16:00:00,125,24,0.6925,late_stage_nearly_ready,dry,midday_heat,32.75,53.2,147,151,226,260,0.7934,0.0974,0.7244,nearly_ready,False,0,False
BH-LAT-022-029,HIVE-022,ESP32-1022,2026-03-07T22:00:00,125,18,0.6927,late_stage_nearly_ready,dry,midday_heat,32.89,52.6,152,148,225,263,0.8254,0.1252,0.7367,nearly_ready,False,0,False
BH-LAT-022-030,HIVE-022,ESP32-1022,2026-03-08T04:00:00,126,16,0.7086,late_stage_nearly_ready,dry,midday_heat,32.74,53.42,146,149,227,265,0.7833,0.0818,0.7234,nearly_ready,False,0,False
BH-LAT-022-031,HIVE-022,ESP32-1022,2026-03-08T10:00:00,126,21,0.6774,late_stage_nearly_ready,dry,midday_heat,32.65,53.85,144,151,231,260,0.7879,0.0814,0.728,nearly_ready,False,0,False
BH-LAT-022-032,HIVE-022,ESP32-1022,2026-03-08T16:00:00,127,25,0.6923,late_stage_nearly_ready,dry,midday_heat,32.81,53.51,152,154,235,271,0.7787,0.0806,0.72,nearly_ready,False,0,False
BH-LAT-022-033,HIVE-022,ESP32-1022,2026-03-08T22:00:00,127,24,0.721,late_stage_nearly_ready,dry,midday_heat,33.13,53.42,153,158,238,263,0.7867,0.0903,0.7217,nearly_ready,False,0,False
BH-LAT-022-034,HIVE-022,ESP32-1022,2026-03-09T04:00:00,128,21,0.6876,late_stage_nearly_ready,dry,midday_heat,33.17,53.17,150,162,238,283,0.796,0.1031,0.7232,nearly_ready,False,0,False
BH-LAT-022-035,HIVE-022,ESP32-1022,2026-03-09T10:00:00,128,18,0.7083,late_stage_nearly_ready,dry,midday_heat,32.88,53.28,157,164,242,281,0.8073,0.1172,0.7251,nearly_ready,False,0,False
BH-LAT-022-036,HIVE-022,ESP32-1022,2026-03-09T16:00:00,129,27,0.7265,late_stage_nearly_ready,dry,midday_heat,32.77,54.11,157,159,227,280,0.7807,0.0507,0.7382,nearly_ready,False,0,False
BH-LAT-022-037,HIVE-022,ESP32-1022,2026-03-09T22:00:00,129,23,0.7174,late_stage_nearly_ready,dry,midday_heat,32.75,54.18,151,158,231,272,0.7852,0.0498,0.7433,nearly_ready,False,0,False
BH-LAT-022-038,HIVE-022,ESP32-1022,2026-03-10T04:00:00,130,21,0.7083,late_stage_nearly_ready,dry,cloudy_stable,31.6,55.65,145,157,226,262,0.7898,0.0,0.7717,nearly_ready,False,0,False
BH-LAT-022-039,HIVE-022,ESP32-1022,2026-03-10T10:00:00,130,27,0.7001,late_stage_nearly_ready,dry,cloudy_stable,31.57,56.51,140,152,222,253,0.7899,0.0,0.7743,nearly_ready,False,0,False
BH-LAT-022-040,HIVE-022,ESP32-1022,2026-03-10T16:00:00,131,29,0.7352,late_stage_nearly_ready,dry,cloudy_stable,31.39,57.56,139,147,236,261,0.8491,0.0,0.826,ready,False,0,False
BH-LAT-022-041,HIVE-022,ESP32-1022,2026-03-10T22:00:00,131,28,0.7258,late_stage_nearly_ready,dry,cloudy_stable,30.89,58.28,139,148,242,265,0.8479,0.0015,0.8238,ready,False,0,False
BH-LAT-022-042,HIVE-022,ESP32-1022,2026-03-11T04:00:00,132,27,0.7326,late_stage_nearly_ready,dry,cloudy_stable,30.4,58.33,133,148,236,252,0.8358,0.0166,0.805,ready,False,0,False
BH-LAT-022-043,HIVE-022,ESP32-1022,2026-03-11T10:00:00,132,23,0.7519,late_stage_nearly_ready,dry,cloudy_stable,31.13,58.7,136,147,229,250,0.8555,0.0,0.831,ready,False,0,False
BH-LAT-022-044,HIVE-022,ESP32-1022,2026-03-11T16:00:00,133,32,0.7456,late_stage_nearly_ready,dry,cloudy_stable,31.35,59.24,142,145,233,246,0.8563,0.0,0.8326,ready,False,0,False
BH-LAT-022-045,HIVE-022,ESP32-1022,2026-03-11T22:00:00,133,30,0.7442,late_stage_nearly_ready,dry,cloudy_stable,31.61,59.23,143,152,230,252,0.7975,0.0,0.781,nearly_ready,False,0,False
BH-LAT-022-046,HIVE-022,ESP32-1022,2026-03-12T04:00:00,134,30,0.745,late_stage_nearly_ready,dry,cloudy_stable,31.37,60.35,149,153,236,254,0.8213,0.0132,0.7942,nearly_ready,False,0,False
BH-LAT-022-047,HIVE-022,ESP32-1022,2026-03-12T10:00:00,134,31,0.7322,late_stage_nearly_ready,dry,cloudy_stable,31.06,61.38,148,151,239,266,0.8243,0.0,0.804,ready,False,0,False
BH-LAT-022-048,HIVE-022,ESP32-1022,2026-03-12T16:00:00,135,28,0.749,late_stage_nearly_ready,dry,cloudy_stable,31.53,60.49,144,152,234,254,0.859,0.0,0.8343,ready,False,0,False
BH-LAT-022-049,HIVE-022,ESP32-1022,2026-03-12T22:00:00,135,35,0.7399,late_stage_nearly_ready,dry,cloudy_stable,31.24,59.87,145,153,239,255,0.8131,0.0,0.7946,nearly_ready,False,0,False
BH-LAT-022-050,HIVE-022,ESP32-1022,2026-03-13T04:00:00,136,26,0.7488,late_stage_nearly_ready,dry,cloudy_stable,31.2,59.16,145,155,233,262,0.8389,0.0,0.8176,ready,False,0,False
BH-LAT-022-051,HIVE-022,ESP32-1022,2026-03-13T10:00:00,136,31,0.7699,late_stage_nearly_ready,dry,midday_heat,31.93,56.29,146,151,240,268,0.8021,0.0,0.7828,nearly_ready,False,0,False
BH-LAT-022-052,HIVE-022,ESP32-1022,2026-03-13T16:00:00,137,32,0.7514,late_stage_nearly_ready,dry,midday_heat,32.58,54.37,145,155,239,265,0.8292,0.0462,0.7819,nearly_ready,False,0,False
BH-LAT-022-053,HIVE-022,ESP32-1022,2026-03-13T22:00:00,137,33,0.7457,late_stage_nearly_ready,dry,midday_heat,32.73,53.66,149,155,236,253,0.8478,0.0995,0.7705,nearly_ready,False,0,False
BH-LAT-022-054,HIVE-022,ESP32-1022,2026-03-14T04:00:00,138,29,0.7641,late_stage_nearly_ready,dry,midday_heat,32.85,53.32,147,156,233,266,0.8229,0.0806,0.7592,nearly_ready,False,0,False
BH-LAT-022-055,HIVE-022,ESP32-1022,2026-03-14T10:00:00,138,38,0.7579,late_stage_nearly_ready,dry,midday_heat,32.92,53.58,149,161,239,268,0.8637,0.0979,0.7857,nearly_ready,False,0,False
BH-LAT-022-056,HIVE-022,ESP32-1022,2026-03-14T16:00:00,139,38,0.7828,late_stage_nearly_ready,dry,cloudy_stable,31.68,55.91,143,152,233,265,0.8248,0.0,0.8018,ready,False,0,False
BH-LAT-022-057,HIVE-022,ESP32-1022,2026-03-14T22:00:00,139,39,0.7921,late_stage_nearly_ready,dry,stable_clear,31.65,56.04,140,146,227,262,0.8706,0.0,0.8457,ready,False,0,False
BH-LAT-022-058,HIVE-022,ESP32-1022,2026-03-15T04:00:00,140,35,0.7929,late_stage_nearly_ready,dry,stable_clear,31.86,56.11,143,156,238,267,0.8353,0.0,0.8142,ready,False,0,False
BH-LAT-022-059,HIVE-022,ESP32-1022,2026-03-15T10:00:00,140,35,0.7678,late_stage_nearly_ready,dry,stable_clear,32.37,55.86,149,158,244,267,0.8728,0.0296,0.8304,ready,False,0,False
BH-LAT-022-060,HIVE-022,ESP32-1022,2026-03-15T16:00:00,141,36,0.7921,late_stage_nearly_ready,dry,stable_clear,32.72,55.4,145,156,244,265,0.8889,0.0421,0.838,ready,False,0,False
BH-LAT-022-061,HIVE-022,ESP32-1022,2026-03-15T22:00:00,141,37,0.7821,late_stage_nearly_ready,dry,stable_clear,32.51,56.17,158,159,235,262,0.8614,0.0047,0.8342,ready,False,0,False
BH-LAT-022-062,HIVE-022,ESP32-1022,2026-03-16T04:00:00,142,38,0.7858,late_stage_nearly_ready,dry,stable_clear,32.72,56.07,152,161,237,264,0.8669,0.0454,0.8173,ready,False,0,False
BH-LAT-022-063,HIVE-022,ESP32-1022,2026-03-16T10:00:00,142,33,0.7973,late_stage_nearly_ready,dry,midday_heat,32.6,55.58,150,157,236,268,0.8714,0.0025,0.8448,ready,False,0,False
BH-LAT-022-064,HIVE-022,ESP32-1022,2026-03-16T16:00:00,142,33,0.814,late_stage_nearly_ready,dry,midday_heat,32.92,53.31,150,158,231,253,0.8401,0.0996,0.7625,nearly_ready,False,0,False
BH-LAT-022-065,HIVE-022,ESP32-1022,2026-03-16T22:00:00,143,34,0.7922,late_stage_nearly_ready,dry,midday_heat,32.94,53.08,149,168,236,261,0.897,0.1063,0.8104,ready,False,0,False
BH-LAT-022-066,HIVE-022,ESP32-1022,2026-03-17T04:00:00,143,40,0.8037,late_stage_nearly_ready,dry,stable_clear,31.97,54.18,148,153,230,256,0.8366,0.0473,0.7873,nearly_ready,False,0,False
BH-LAT-022-067,HIVE-022,ESP32-1022,2026-03-17T10:00:00,144,39,0.7988,late_stage_nearly_ready,dry,stable_clear,31.96,55.03,150,150,222,255,0.8659,0.0239,0.8282,ready,False,0,False
BH-LAT-022-068,HIVE-022,ESP32-1022,2026-03-17T16:00:00,144,35,0.8046,late_stage_nearly_ready,dry,stable_clear,31.67,55.23,145,150,229,258,0.8509,0.0096,0.8226,ready,False,0,False
BH-LAT-022-069,HIVE-022,ESP32-1022,2026-03-17T22:00:00,144,43,0.8045,late_stage_nearly_ready,dry,stable_clear,31.53,54.67,147,145,224,238,0.8827,0.0,0.8558,ready,False,0,False
BH-LAT-022-070,HIVE-022,ESP32-1022,2026-03-18T04:00:00,145,42,0.8093,late_stage_nearly_ready,dry,stable_clear,31.14,55.13,137,147,228,255,0.8934,0.014,0.857,ready,False,0,False
BH-LAT-022-071,HIVE-022,ESP32-1022,2026-03-18T10:00:00,145,39,0.8228,late_stage_nearly_ready,dry,stable_clear,31.77,56.2,147,153,221,256,0.8509,0.0,0.8266,ready,False,0,False
BH-LAT-022-072,HIVE-022,ESP32-1022,2026-03-18T16:00:00,146,44,0.8027,late_stage_nearly_ready,dry,cloudy_stable,31.54,57.94,144,152,232,257,0.8787,0.0073,0.8477,ready,False,0,False
BH-LAT-022-073,HIVE-022,ESP32-1022,2026-03-18T22:00:00,146,39,0.8242,late_stage_nearly_ready,dry,cloudy_stable,31.47,58.28,142,150,228,257,0.8994,0.0,0.8711,ready,False,0,False
BH-LAT-022-074,HIVE-022,ESP32-1022,2026-03-19T04:00:00,146,40,0.8316,late_stage_nearly_ready,dry,midday_heat,31.87,56.22,150,153,230,247,0.9085,0.0,0.8773,ready,False,0,False
BH-LAT-022-075,HIVE-022,ESP32-1022,2026-03-19T10:00:00,146,38,0.8267,late_stage_nearly_ready,dry,stable_clear,32.52,57.11,150,158,229,253,0.8931,0.0134,0.8567,ready,False,0,False
BH-LAT-022-076,HIVE-022,ESP32-1022,2026-03-19T16:00:00,147,39,0.8085,late_stage_nearly_ready,dry,stable_clear,32.19,57.7,151,156,239,267,0.8528,0.0,0.8292,ready,False,0,False
BH-LAT-022-077,HIVE-022,ESP32-1022,2026-03-19T22:00:00,147,47,0.8206,late_stage_nearly_ready,dry,stable_clear,32.29,57.97,148,157,237,259,0.896,0.0004,0.8677,ready,False,0,False
BH-LAT-022-078,HIVE-022,ESP32-1022,2026-03-20T04:00:00,147,37,0.8427,late_stage_nearly_ready,dry,stable_clear,32.23,57.27,151,159,235,271,0.8805,0.0,0.8541,ready,False,0,False
BH-LAT-022-079,HIVE-022,ESP32-1022,2026-03-20T10:00:00,148,46,0.8134,late_stage_nearly_ready,dry,stable_clear,32.18,56.52,148,157,229,268,0.8901,0.0,0.8626,ready,False,0,False
BH-LAT-022-080,HIVE-022,ESP32-1022,2026-03-20T16:00:00,148,40,0.8294,late_stage_nearly_ready,dry,stable_clear,31.92,56.04,140,144,222,269,0.8734,0.0,0.8473,ready,False,0,False
BH-LAT-022-081,HIVE-022,ESP32-1022,2026-03-20T22:00:00,148,46,0.8397,late_stage_nearly_ready,dry,stable_clear,31.91,55.43,145,144,220,259,0.898,0.0238,0.8566,ready,False,0,False
BH-LAT-022-082,HIVE-022,ESP32-1022,2026-03-21T04:00:00,148,46,0.8346,late_stage_nearly_ready,dry,stable_clear,31.3,55.89,144,146,227,254,0.9123,0.0062,0.8778,ready,False,0,False
BH-LAT-022-083,HIVE-022,ESP32-1022,2026-03-21T10:00:00,148,44,0.8277,late_stage_nearly_ready,dry,stable_clear,31.33,55.2,144,141,228,249,0.8602,0.0012,0.8358,ready,False,0,False
BH-LAT-022-084,HIVE-022,ESP32-1022,2026-03-21T16:00:00,148,39,0.8154,late_stage_nearly_ready,dry,stable_clear,31.46,55.66,140,146,212,255,0.9096,0.0149,0.8713,ready,False,0,False
BH-LAT-022-085,HIVE-022,ESP32-1022,2026-03-21T22:00:00,149,43,0.83,late_stage_nearly_ready,dry,stable_clear,31.53,55.25,138,152,204,265,0.887,0.0,0.8598,ready,False,0,False
BH-LAT-022-086,HIVE-022,ESP32-1022,2026-03-22T04:00:00,149,42,0.8513,late_stage_nearly_ready,dry,stable_clear,31.54,54.59,146,145,212,260,0.8966,0.0,0.8682,ready,False,0,False
BH-LAT-022-087,HIVE-022,ESP32-1022,2026-03-22T10:00:00,149,45,0.856,late_stage_nearly_ready,dry,stable_clear,31.95,55.55,140,147,222,249,0.8703,0.0029,0.8425,ready,False,0,False
BH-LAT-022-088,HIVE-022,ESP32-1022,2026-03-22T16:00:00,149,46,0.8343,late_stage_nearly_ready,dry,stable_clear,31.11,55.4,137,146,214,251,0.8909,0.0007,0.8616,ready,False,0,False
BH-LAT-022-089,HIVE-022,ESP32-1022,2026-03-22T22:00:00,149,47,0.8321,late_stage_nearly_ready,dry,stable_clear,31.25,54.73,129,145,220,260,0.9181,0.0,0.887,ready,False,0,False
BH-LAT-022-090,HIVE-022,ESP32-1022,2026-03-23T04:00:00,149,49,0.8489,late_stage_nearly_ready,dry,stable_clear,31.48,55.84,136,141,226,256,0.8728,0.0,0.8467,ready,False,0,False
BH-LAT-022-091,HIVE-022,ESP32-1022,2026-03-23T10:00:00,149,48,0.8538,late_stage_nearly_ready,dry,stable_clear,31.47,55.78,139,137,219,251,0.8948,0.0119,0.8606,ready,False,0,False
BH-LAT-023-000,HIVE-023,ESP32-1023,2026-01-27T00:00:00,108,15,0.7863,late_stage_nearly_ready,inter_monsoon,humid_rain,30.1,66.99,148,135,218,243,0.7961,0.0,0.7786,nearly_ready,False,0,False
BH-LAT-023-001,HIVE-023,ESP32-1023,2026-01-27T06:00:00,108,13,0.7912,late_stage_nearly_ready,inter_monsoon,humid_rain,29.75,69.56,156,134,230,257,0.8094,0.0064,0.7864,nearly_ready,False,0,False
BH-LAT-023-002,HIVE-023,ESP32-1023,2026-01-27T12:00:00,108,17,0.7761,late_stage_nearly_ready,inter_monsoon,humid_rain,30.23,71.09,168,136,238,270,0.8037,0.0191,0.7746,nearly_ready,False,0,False
BH-LAT-023-003,HIVE-023,ESP32-1023,2026-01-27T18:00:00,108,15,0.8112,late_stage_nearly_ready,inter_monsoon,stable_clear,31.03,67.55,165,134,233,259,0.7889,0.0,0.7707,nearly_ready,False,0,False
BH-LAT-023-004,HIVE-023,ESP32-1023,2026-01-28T00:00:00,108,11,0.7894,late_stage_nearly_ready,inter_monsoon,stable_clear,31.47,64.24,155,132,229,249,0.8208,0.0,0.7995,nearly_ready,False,0,False
BH-LAT-023-005,HIVE-023,ESP32-1023,2026-01-28T06:00:00,108,15,0.8155,late_stage_nearly_ready,inter_monsoon,cloudy_stable,31.52,65.06,158,134,228,246,0.8201,0.0035,0.7991,nearly_ready,False,0,False
BH-LAT-023-006,HIVE-023,ESP32-1023,2026-01-28T12:00:00,108,8,0.7797,late_stage_nearly_ready,inter_monsoon,cloudy_stable,31.91,64.83,168,131,226,253,0.8429,0.0,0.8205,ready,False,0,False
BH-LAT-023-007,HIVE-023,ESP32-1023,2026-01-28T18:00:00,108,14,0.7887,late_stage_nearly_ready,inter_monsoon,stable_clear,31.61,63.9,164,136,224,238,0.836,0.0,0.8143,ready,False,0,False
BH-LAT-023-008,HIVE-023,ESP32-1023,2026-01-29T00:00:00,109,18,0.8135,late_stage_nearly_ready,inter_monsoon,stable_clear,31.69,63.45,158,137,225,226,0.8031,0.0,0.7861,nearly_ready,False,0,False
BH-LAT-023-009,HIVE-023,ESP32-1023,2026-01-29T06:00:00,109,9,0.7921,late_stage_nearly_ready,inter_monsoon,post_rain,31.24,66.4,159,138,225,239,0.7994,0.0,0.781,nearly_ready,False,0,False
BH-LAT-023-010,HIVE-023,ESP32-1023,2026-01-29T12:00:00,109,17,0.8175,late_stage_nearly_ready,inter_monsoon,post_rain,30.58,66.92,159,135,225,248,0.8298,0.0009,0.808,ready,False,0,False
BH-LAT-023-011,HIVE-023,ESP32-1023,2026-01-29T18:00:00,109,19,0.8151,late_stage_nearly_ready,inter_monsoon,stable_clear,31.12,65.6,154,134,224,251,0.8071,0.0,0.7884,nearly_ready,False,0,False
BH-LAT-023-012,HIVE-023,ESP32-1023,2026-01-30T00:00:00,109,12,0.8007,late_stage_nearly_ready,inter_monsoon,stable_clear,31.44,64.9,148,132,227,247,0.8401,0.0,0.8181,ready,False,0,False
BH-LAT-023-013,HIVE-023,ESP32-1023,2026-01-30T06:00:00,110,18,0.8145,late_stage_nearly_ready,inter_monsoon,stable_clear,31.33,63.22,144,135,220,257,0.8253,0.0,0.805,ready,False,0,False
BH-LAT-023-014,HIVE-023,ESP32-1023,2026-01-30T12:00:00,110,11,0.794,late_stage_nearly_ready,inter_monsoon,stable_clear,31.02,63.32,153,138,216,261,0.8153,0.0,0.7964,nearly_ready,False,0,False
BH-LAT-023-015,HIVE-023,ESP32-1023,2026-01-30T18:00:00,110,19,0.7909,late_stage_nearly_ready,inter_monsoon,stable_clear,31.19,62.78,157,133,211,263,0.8264,0.0,0.8064,ready,False,0,False
BH-LAT-023-016,HIVE-023,ESP32-1023,2026-01-31T00:00:00,110,20,0.8183,late_stage_nearly_ready,inter_monsoon,post_rain,30.73,65.25,155,138,225,258,0.8188,0.0,0.7981,nearly_ready,False,0,False
BH-LAT-023-017,HIVE-023,ESP32-1023,2026-01-31T06:00:00,111,11,0.8237,late_stage_nearly_ready,inter_monsoon,stable_clear,30.94,63.6,155,139,221,244,0.8266,0.0147,0.7979,nearly_ready,False,0,False
BH-LAT-023-018,HIVE-023,ESP32-1023,2026-01-31T12:00:00,111,21,0.8264,late_stage_nearly_ready,inter_monsoon,stable_clear,31.15,64.01,153,135,221,234,0.8244,0.005,0.8019,ready,False,0,False
BH-LAT-023-019,HIVE-023,ESP32-1023,2026-01-31T18:00:00,111,18,0.8082,late_stage_nearly_ready,inter_monsoon,stable_clear,31.3,63.06,151,128,218,242,0.8267,0.0027,0.8049,ready,False,0,False
BH-LAT-023-020,HIVE-023,ESP32-1023,2026-02-01T00:00:00,111,15,0.8232,late_stage_nearly_ready,inter_monsoon,stable_clear,31.54,63.08,153,130,216,235,0.8707,0.0,0.8455,ready,False,0,False
BH-LAT-023-021,HIVE-023,ESP32-1023,2026-02-01T06:00:00,112,14,0.8067,late_stage_nearly_ready,inter_monsoon,stable_clear,30.95,61.64,155,124,218,232,0.8623,0.0,0.8368,ready,False,0,False
BH-LAT-023-022,HIVE-023,ESP32-1023,2026-02-01T12:00:00,112,14,0.8181,late_stage_nearly_ready,inter_monsoon,stable_clear,30.8,60.83,145,130,216,234,0.8315,0.0,0.8106,ready,False,0,False
BH-LAT-023-023,HIVE-023,ESP32-1023,2026-02-01T18:00:00,112,22,0.8357,late_stage_nearly_ready,inter_monsoon,stable_clear,31.39,61.46,146,123,213,247,0.8265,0.0,0.8055,ready,False,0,False
BH-LAT-023-024,HIVE-023,ESP32-1023,2026-02-02T00:00:00,113,20,0.8126,late_stage_nearly_ready,inter_monsoon,stable_clear,31.45,61.96,147,125,216,238,0.8707,0.0,0.8457,ready,False,0,False
BH-LAT-023-026,HIVE-023,ESP32-1023,2026-02-02T12:00:00,114,21,0.8255,late_stage_nearly_ready,inter_monsoon,stable_clear,30.02,66.86,158,109,234,304,0.8476,0.0247,0.8053,ready,False,0,False
BH-LAT-023-027,HIVE-023,ESP32-1023,2026-02-02T18:00:00,114,21,0.8525,late_stage_nearly_ready,inter_monsoon,stable_clear,31.41,65.39,159,130,228,279,0.8344,0.0,0.81,ready,False,0,False
BH-LAT-023-028,HIVE-023,ESP32-1023,2026-02-03T00:00:00,114,21,0.8528,late_stage_nearly_ready,inter_monsoon,stable_clear,31.41,63.9,160,129,224,271,0.8552,0.0,0.8317,ready,False,0,False
BH-LAT-023-029,HIVE-023,ESP32-1023,2026-02-03T06:00:00,115,23,0.8348,late_stage_nearly_ready,inter_monsoon,stable_clear,31.36,63.33,165,127,226,260,0.8828,0.0,0.8562,ready,False,0,False
BH-LAT-023-030,HIVE-023,ESP32-1023,2026-02-03T12:00:00,115,19,0.8432,late_stage_nearly_ready,inter_monsoon,stable_clear,31.24,63.38,158,134,226,253,0.8766,0.0,0.8509,ready,False,0,False
BH-LAT-023-031,HIVE-023,ESP32-1023,2026-02-03T18:00:00,116,20,0.867,late_stage_nearly_ready,inter_monsoon,stable_clear,31.44,63.79,158,129,224,248,0.86,0.0,0.836,ready,False,0,False
BH-LAT-023-032,HIVE-023,ESP32-1023,2026-02-04T00:00:00,116,16,0.8406,late_stage_nearly_ready,inter_monsoon,stable_clear,31.55,64.06,154,128,225,243,0.8781,0.0,0.8522,ready,False,0,False
BH-LAT-023-033,HIVE-023,ESP32-1023,2026-02-04T06:00:00,116,26,0.8512,late_stage_nearly_ready,inter_monsoon,stable_clear,31.37,61.68,152,133,224,242,0.8224,0.0011,0.8015,ready,False,0,False
BH-LAT-023-034,HIVE-023,ESP32-1023,2026-02-04T12:00:00,117,25,0.8587,late_stage_nearly_ready,inter_monsoon,stable_clear,31.24,62.26,152,133,217,249,0.8888,0.0,0.8614,ready,False,0,False
BH-LAT-023-035,HIVE-023,ESP32-1023,2026-02-04T18:00:00,117,17,0.8547,late_stage_nearly_ready,inter_monsoon,stable_clear,31.36,62.45,159,135,221,247,0.846,0.0,0.8239,ready,False,0,False
BH-LAT-023-036,HIVE-023,ESP32-1023,2026-02-05T00:00:00,118,24,0.8553,late_stage_nearly_ready,inter_monsoon,stable_clear,31.22,63.49,162,131,221,254,0.8944,0.0043,0.8637,ready,False,0,False
BH-LAT-023-037,HIVE-023,ESP32-1023,2026-02-05T06:00:00,118,21,0.8718,late_stage_nearly_ready,inter_monsoon,stable_clear,31.0,63.67,164,138,222,260,0.8826,0.0,0.8559,ready,False,0,False
BH-LAT-023-038,HIVE-023,ESP32-1023,2026-02-05T12:00:00,119,19,0.8799,late_stage_nearly_ready,inter_monsoon,stable_clear,31.47,64.22,171,142,230,262,0.9012,0.0,0.8715,ready,False,0,False
BH-LAT-023-039,HIVE-023,ESP32-1023,2026-02-05T18:00:00,119,19,0.8645,late_stage_nearly_ready,inter_monsoon,stable_clear,31.52,63.13,168,133,231,260,0.8905,0.0,0.8628,ready,False,0,False
BH-LAT-023-040,HIVE-023,ESP32-1023,2026-02-06T00:00:00,119,25,0.8844,late_stage_nearly_ready,inter_monsoon,stable_clear,31.72,63.3,163,138,236,249,0.9099,0.0,0.8799,ready,False,0,False
BH-LAT-023-041,HIVE-023,ESP32-1023,2026-02-06T06:00:00,120,24,0.8805,late_stage_nearly_ready,inter_monsoon,stable_clear,31.94,63.32,159,129,231,243,0.893,0.0,0.865,ready,False,0,False
BH-LAT-023-042,HIVE-023,ESP32-1023,2026-02-06T12:00:00,120,30,0.8677,late_stage_nearly_ready,inter_monsoon,stable_clear,31.72,63.06,160,130,239,261,0.8836,0.0,0.8567,ready,False,0,False
BH-LAT-023-043,HIVE-023,ESP32-1023,2026-02-06T18:00:00,121,29,0.8771,late_stage_nearly_ready,inter_monsoon,stable_clear,31.98,62.54,161,135,238,256,0.8816,0.0203,0.8437,ready,False,0,False
BH-LAT-023-044,HIVE-023,ESP32-1023,2026-02-07T00:00:00,121,23,0.8896,late_stage_nearly_ready,inter_monsoon,stable_clear,31.67,62.87,157,137,235,249,0.8906,0.0,0.8627,ready,False,0,False
BH-LAT-023-045,HIVE-023,ESP32-1023,2026-02-07T06:00:00,122,27,0.9,late_stage_nearly_ready,inter_monsoon,stable_clear,32.03,63.36,165,135,226,250,0.8808,0.013,0.8468,ready,False,0,False
BH-LAT-023-046,HIVE-023,ESP32-1023,2026-02-07T12:00:00,122,29,0.8941,late_stage_nearly_ready,inter_monsoon,stable_clear,32.02,63.55,168,136,228,260,0.919,0.0,0.8884,ready,False,0,False
BH-LAT-023-047,HIVE-023,ESP32-1023,2026-02-07T18:00:00,123,28,0.901,late_stage_nearly_ready,inter_monsoon,stable_clear,31.86,64.91,167,138,238,274,0.8805,0.0,0.8536,ready,False,0,False
BH-LAT-023-048,HIVE-023,ESP32-1023,2026-02-08T00:00:00,123,28,0.9072,late_stage_nearly_ready,inter_monsoon,stable_clear,32.15,64.04,159,133,229,259,0.9187,0.0114,0.8807,ready,False,0,False
BH-LAT-023-049,HIVE-023,ESP32-1023,2026-02-08T06:00:00,124,27,0.8881,late_stage_nearly_ready,inter_monsoon,stable_clear,31.26,63.54,151,137,227,261,0.9156,0.0169,0.8741,ready,False,0,False
BH-LAT-023-050,HIVE-023,ESP32-1023,2026-02-08T12:00:00,124,29,0.8962,late_stage_nearly_ready,inter_monsoon,stable_clear,31.69,63.47,153,138,226,250,0.8726,0.0,0.8468,ready,False,0,False
BH-LAT-023-051,HIVE-023,ESP32-1023,2026-02-08T18:00:00,125,31,0.9233,late_stage_nearly_ready,inter_monsoon,stable_clear,32.12,62.95,154,132,224,250,0.9265,0.0,0.894,ready,False,0,False
BH-LAT-023-052,HIVE-023,ESP32-1023,2026-02-09T00:00:00,125,27,0.9325,late_stage_nearly_ready,inter_monsoon,stable_clear,31.89,63.22,158,134,224,255,0.9391,0.0,0.9056,ready,False,0,False
BH-LAT-023-053,HIVE-023,ESP32-1023,2026-02-09T06:00:00,125,31,0.9212,late_stage_nearly_ready,inter_monsoon,stable_clear,31.64,61.98,161,137,220,253,0.9208,0.0,0.889,ready,False,0,False
BH-LAT-023-054,HIVE-023,ESP32-1023,2026-02-09T12:00:00,126,26,0.9292,late_stage_nearly_ready,inter_monsoon,humid_rain,31.1,66.71,166,139,222,252,0.8769,0.0,0.8482,ready,False,0,False
BH-LAT-023-055,HIVE-023,ESP32-1023,2026-02-09T18:00:00,126,36,0.9171,late_stage_nearly_ready,inter_monsoon,humid_rain,30.73,69.22,166,144,219,242,0.8804,0.0258,0.8384,ready,False,0,False
BH-LAT-023-056,HIVE-023,ESP32-1023,2026-02-10T00:00:00,127,32,0.943,late_stage_nearly_ready,inter_monsoon,post_rain,30.69,68.54,166,141,233,253,0.9009,0.0042,0.8697,ready,False,0,False
BH-LAT-023-057,HIVE-023,ESP32-1023,2026-02-10T06:00:00,127,33,0.9472,late_stage_nearly_ready,inter_monsoon,stable_clear,31.24,65.51,167,134,235,255,0.9149,0.0,0.8824,ready,False,0,False
BH-LAT-023-058,HIVE-023,ESP32-1023,2026-02-10T12:00:00,128,31,0.9323,late_stage_nearly_ready,inter_monsoon,stable_clear,31.57,64.1,165,138,232,245,0.8898,0.0,0.8614,ready,False,0,False
BH-LAT-023-059,HIVE-023,ESP32-1023,2026-02-10T18:00:00,128,32,0.9256,late_stage_nearly_ready,inter_monsoon,stable_clear,31.37,62.82,159,132,230,236,0.8963,0.0,0.8673,ready,False,0,False
BH-LAT-023-060,HIVE-023,ESP32-1023,2026-02-11T00:00:00,128,28,0.9344,late_stage_nearly_ready,inter_monsoon,stable_clear,31.63,62.48,152,135,236,239,0.9308,0.0,0.8981,ready,False,0,False
BH-LAT-023-061,HIVE-023,ESP32-1023,2026-02-11T06:00:00,129,33,0.9391,late_stage_nearly_ready,inter_monsoon,cloudy_stable,31.19,64.62,153,132,232,242,0.8974,0.0199,0.8567,ready,False,0,False
BH-LAT-023-062,HIVE-023,ESP32-1023,2026-02-11T12:00:00,129,33,0.9283,late_stage_nearly_ready,inter_monsoon,stable_clear,31.62,63.77,159,135,223,257,0.9034,0.0,0.8732,ready,False,0,False
BH-LAT-023-063,HIVE-023,ESP32-1023,2026-02-11T18:00:00,130,38,0.9561,late_stage_nearly_ready,inter_monsoon,stable_clear,31.48,62.92,160,139,218,257,0.9571,0.0,0.9215,ready,False,0,False
BH-LAT-023-064,HIVE-023,ESP32-1023,2026-02-12T00:00:00,130,36,0.9645,late_stage_nearly_ready,inter_monsoon,stable_clear,31.46,62.7,158,139,223,243,0.9113,0.0,0.8815,ready,False,0,False
BH-LAT-023-065,HIVE-023,ESP32-1023,2026-02-12T06:00:00,130,38,0.9426,late_stage_nearly_ready,inter_monsoon,stable_clear,31.35,63.2,154,140,229,250,0.9368,0.0,0.9037,ready,False,0,False
BH-LAT-023-066,HIVE-023,ESP32-1023,2026-02-12T12:00:00,131,41,0.9619,late_stage_nearly_ready,inter_monsoon,humid_rain,30.96,66.83,167,143,234,263,0.9182,0.0,0.885,ready,False,0,False
BH-LAT-023-067,HIVE-023,ESP32-1023,2026-02-12T18:00:00,131,35,0.9684,late_stage_nearly_ready,inter_monsoon,humid_rain,30.67,68.57,168,142,243,271,0.9171,0.0,0.8854,ready,False,0,False
BH-LAT-023-068,HIVE-023,ESP32-1023,2026-02-13T00:00:00,132,42,0.9693,late_stage_nearly_ready,inter_monsoon,humid_rain,30.24,69.39,175,152,242,278,0.908,0.0184,0.8673,ready,False,0,False
BH-LAT-023-069,HIVE-023,ESP32-1023,2026-02-13T06:00:00,132,34,0.972,late_stage_nearly_ready,inter_monsoon,post_rain,30.78,69.4,176,145,241,273,0.9301,0.0,0.8972,ready,False,0,False
BH-LAT-023-070,HIVE-023,ESP32-1023,2026-02-13T12:00:00,132,38,0.9642,late_stage_nearly_ready,inter_monsoon,post_rain,30.49,68.72,169,145,238,278,0.9479,0.0098,0.9077,ready,False,0,False
BH-LAT-023-071,HIVE-023,ESP32-1023,2026-02-13T18:00:00,133,41,0.9786,late_stage_nearly_ready,inter_monsoon,post_rain,30.34,68.97,165,142,230,271,0.9775,0.0,0.9394,ready,False,0,False
BH-LAT-023-072,HIVE-023,ESP32-1023,2026-02-14T00:00:00,133,35,0.9569,late_stage_nearly_ready,inter_monsoon,post_rain,30.58,68.76,167,141,223,283,0.9543,0.0,0.9189,ready,False,0,False
BH-LAT-023-073,HIVE-023,ESP32-1023,2026-02-14T06:00:00,133,35,0.9603,late_stage_nearly_ready,inter_monsoon,stable_clear,31.47,66.25,169,145,233,266,0.9384,0.0,0.9024,ready,False,0,False
BH-LAT-023-074,HIVE-023,ESP32-1023,2026-02-14T12:00:00,133,37,0.9775,late_stage_nearly_ready,inter_monsoon,stable_clear,32.17,66.15,163,143,244,267,0.9096,0.0,0.8787,ready,False,0,False
BH-LAT-023-075,HIVE-023,ESP32-1023,2026-02-14T18:00:00,134,35,0.9856,late_stage_nearly_ready,inter_monsoon,stable_clear,32.81,65.27,161,144,244,254,0.9631,0.033,0.9074,ready,False,0,False
BH-LAT-023-076,HIVE-023,ESP32-1023,2026-02-15T00:00:00,134,44,0.9955,late_stage_nearly_ready,inter_monsoon,stable_clear,32.79,64.14,162,146,247,268,0.9277,0.0221,0.8834,ready,False,0,False
BH-LAT-023-077,HIVE-023,ESP32-1023,2026-02-15T06:00:00,134,44,0.9671,late_stage_nearly_ready,inter_monsoon,stable_clear,32.58,64.15,164,140,240,262,0.9433,0.0,0.9094,ready,False,0,False
BH-LAT-023-078,HIVE-023,ESP32-1023,2026-02-15T12:00:00,134,41,0.9939,late_stage_nearly_ready,inter_monsoon,stable_clear,32.74,63.73,166,145,243,263,0.9649,0.0498,0.901,ready,False,0,False
BH-LAT-023-079,HIVE-023,ESP32-1023,2026-02-15T18:00:00,135,39,0.9948,late_stage_nearly_ready,inter_monsoon,stable_clear,32.14,63.11,161,145,237,257,0.9774,0.0056,0.9353,ready,False,0,False
BH-LAT-023-080,HIVE-023,ESP32-1023,2026-02-16T00:00:00,135,35,0.9915,late_stage_nearly_ready,inter_monsoon,stable_clear,31.98,62.9,160,136,231,259,0.9465,0.0,0.9122,ready,False,0,False
BH-LAT-023-082,HIVE-023,ESP32-1023,2026-02-16T12:00:00,135,37,0.9725,late_stage_nearly_ready,inter_monsoon,cloudy_stable,33.66,57.56,180,137,240,246,0.927,0.1674,0.7976,nearly_ready,False,1,False
BH-LAT-023-083,HIVE-023,ESP32-1023,2026-02-16T18:00:00,135,44,0.9781,late_stage_nearly_ready,inter_monsoon,post_rain,32.93,62.86,174,148,252,266,0.9183,0.0652,0.8476,ready,False,0,False
BH-LAT-023-084,HIVE-023,ESP32-1023,2026-02-17T00:00:00,136,36,1.0,late_stage_nearly_ready,inter_monsoon,post_rain,32.47,65.68,175,156,251,270,0.9311,0.0584,0.8648,ready,False,0,False
BH-LAT-023-085,HIVE-023,ESP32-1023,2026-02-17T06:00:00,136,44,0.9992,late_stage_nearly_ready,inter_monsoon,post_rain,32.29,67.14,172,155,255,274,0.9788,0.0034,0.9383,ready,False,0,False
BH-LAT-023-086,HIVE-023,ESP32-1023,2026-02-17T12:00:00,136,36,0.9984,late_stage_nearly_ready,inter_monsoon,post_rain,32.06,68.24,181,151,250,279,0.977,0.0282,0.9229,ready,False,1,False
BH-LAT-023-087,HIVE-023,ESP32-1023,2026-02-17T18:00:00,136,39,0.9808,late_stage_nearly_ready,inter_monsoon,stable_clear,32.49,64.4,177,153,240,277,0.9722,0.008,0.9282,ready,False,0,False
BH-LAT-023-088,HIVE-023,ESP32-1023,2026-02-18T00:00:00,136,41,0.9795,late_stage_nearly_ready,inter_monsoon,stable_clear,32.06,63.68,172,137,229,269,0.9534,0.0,0.9171,ready,False,0,False
BH-LAT-023-089,HIVE-023,ESP32-1023,2026-02-18T06:00:00,136,36,0.9837,late_stage_nearly_ready,inter_monsoon,cloudy_stable,31.47,64.61,170,138,225,259,0.9389,0.0,0.9044,ready,False,0,False
BH-LAT-023-090,HIVE-023,ESP32-1023,2026-02-18T12:00:00,136,37,0.9863,late_stage_nearly_ready,inter_monsoon,cloudy_stable,30.98,65.45,162,133,232,249,0.9215,0.0186,0.8788,ready,False,0,False
BH-LAT-023-091,HIVE-023,ESP32-1023,2026-02-18T18:00:00,136,41,1.0,late_stage_nearly_ready,inter_monsoon,cloudy_stable,31.3,65.39,162,135,219,262,0.9592,0.0178,0.9133,ready,False,0,False
BH-LAT-024-000,HIVE-024,ESP32-1024,2026-04-14T04:00:00,82,10,0.6535,late_stage_nearly_ready,dry,midday_heat,33.38,58.77,136,120,210,246,0.6955,0.0541,0.6603,nearly_ready,False,0,False
BH-LAT-024-001,HIVE-024,ESP32-1024,2026-04-14T10:00:00,82,8,0.6263,late_stage_nearly_ready,dry,midday_heat,33.92,56.75,140,124,206,253,0.7009,0.1095,0.6343,nearly_ready,False,1,False
BH-LAT-024-002,HIVE-024,ESP32-1024,2026-04-14T16:00:00,82,9,0.6276,late_stage_nearly_ready,dry,midday_heat,34.55,55.01,146,123,213,250,0.7076,0.2058,0.5871,approaching,False,1,False
BH-LAT-024-003,HIVE-024,ESP32-1024,2026-04-14T22:00:00,82,11,0.6539,late_stage_nearly_ready,dry,midday_heat,34.84,54.55,149,138,229,244,0.7442,0.2405,0.6012,nearly_ready,False,1,False
BH-LAT-024-004,HIVE-024,ESP32-1024,2026-04-15T04:00:00,82,8,0.6269,late_stage_nearly_ready,dry,midday_heat,34.7,54.69,141,146,234,247,0.7373,0.2457,0.5929,approaching,False,1,False
BH-LAT-024-005,HIVE-024,ESP32-1024,2026-04-15T10:00:00,82,9,0.6598,late_stage_nearly_ready,dry,midday_heat,34.87,54.87,147,138,228,260,0.7365,0.2458,0.5921,approaching,False,1,False
BH-LAT-024-006,HIVE-024,ESP32-1024,2026-04-15T16:00:00,82,14,0.6515,late_stage_nearly_ready,dry,midday_heat,35.03,54.46,155,135,233,257,0.6935,0.2528,0.5504,approaching,False,1,False
BH-LAT-024-007,HIVE-024,ESP32-1024,2026-04-15T22:00:00,82,10,0.6467,late_stage_nearly_ready,dry,midday_heat,34.92,54.49,148,129,228,268,0.7134,0.27,0.5586,approaching,False,1,False
BH-LAT-024-008,HIVE-024,ESP32-1024,2026-04-16T04:00:00,83,16,0.6529,late_stage_nearly_ready,dry,midday_heat,34.89,54.23,149,132,228,269,0.7319,0.2233,0.601,nearly_ready,False,1,False
BH-LAT-024-009,HIVE-024,ESP32-1024,2026-04-16T10:00:00,83,13,0.657,late_stage_nearly_ready,dry,midday_heat,34.99,55.63,145,133,236,257,0.7339,0.2365,0.5946,approaching,False,1,False
BH-LAT-024-011,HIVE-024,ESP32-1024,2026-04-16T22:00:00,83,17,0.6384,late_stage_nearly_ready,dry,midday_heat,36.81,58.83,140,127,245,280,0.6602,0.4743,0.3348,not_ready,False,1,True
BH-LAT-024-012,HIVE-024,ESP32-1024,2026-04-17T04:00:00,83,9,0.661,late_stage_nearly_ready,dry,midday_heat,35.9,56.68,142,130,227,259,0.7296,0.4418,0.4157,approaching,False,1,True
BH-LAT-024-013,HIVE-024,ESP32-1024,2026-04-17T10:00:00,84,11,0.6581,late_stage_nearly_ready,dry,midday_heat,35.86,55.84,146,132,226,252,0.7201,0.3852,0.4411,approaching,False,1,True
BH-LAT-024-015,HIVE-024,ESP32-1024,2026-04-17T22:00:00,84,11,0.6521,late_stage_nearly_ready,dry,midday_heat,35.82,59.1,128,150,270,231,0.6741,0.4329,0.3717,approaching,False,2,True
BH-LAT-024-016,HIVE-024,ESP32-1024,2026-04-18T04:00:00,84,18,0.6712,late_stage_nearly_ready,dry,midday_heat,35.67,56.96,140,138,245,240,0.7302,0.4034,0.4385,approaching,False,1,True
BH-LAT-024-017,HIVE-024,ESP32-1024,2026-04-18T10:00:00,85,11,0.6433,late_stage_nearly_ready,dry,midday_heat,35.39,56.25,135,134,240,250,0.7298,0.234,0.5923,approaching,False,1,False
BH-LAT-024-018,HIVE-024,ESP32-1024,2026-04-18T16:00:00,85,14,0.6628,late_stage_nearly_ready,dry,midday_heat,35.47,56.62,143,132,228,239,0.7561,0.2616,0.6007,nearly_ready,False,1,False
BH-LAT-024-019,HIVE-024,ESP32-1024,2026-04-18T22:00:00,85,15,0.6581,late_stage_nearly_ready,dry,midday_heat,35.24,55.9,144,133,227,240,0.6985,0.2651,0.5479,approaching,False,1,False
BH-LAT-024-020,HIVE-024,ESP32-1024,2026-04-19T04:00:00,86,15,0.6606,late_stage_nearly_ready,dry,stable_clear,34.62,56.3,144,127,224,247,0.6991,0.1802,0.5944,approaching,False,1,False
BH-LAT-024-021,HIVE-024,ESP32-1024,2026-04-19T10:00:00,86,22,0.6548,late_stage_nearly_ready,dry,stable_clear,34.24,57.56,142,121,212,252,0.7229,0.1473,0.6334,nearly_ready,False,1,False
BH-LAT-024-022,HIVE-024,ESP32-1024,2026-04-19T16:00:00,86,13,0.6721,late_stage_nearly_ready,dry,stable_clear,33.85,56.86,139,127,211,237,0.7237,0.0994,0.6607,nearly_ready,False,1,False
BH-LAT-024-023,HIVE-024,ESP32-1024,2026-04-19T22:00:00,87,13,0.6488,late_stage_nearly_ready,dry,stable_clear,33.5,56.5,140,125,210,231,0.7306,0.0541,0.6922,nearly_ready,False,0,False
BH-LAT-024-024,HIVE-024,ESP32-1024,2026-04-20T04:00:00,87,21,0.6734,late_stage_nearly_ready,dry,stable_clear,33.46,56.74,141,125,203,239,0.7135,0.0819,0.6625,nearly_ready,False,0,False
BH-LAT-024-025,HIVE-024,ESP32-1024,2026-04-20T10:00:00,87,19,0.6641,late_stage_nearly_ready,dry,stable_clear,33.42,57.3,144,118,202,250,0.7054,0.0407,0.6777,nearly_ready,False,0,False
BH-LAT-024-026,HIVE-024,ESP32-1024,2026-04-20T16:00:00,88,24,0.6861,late_stage_nearly_ready,dry,stable_clear,33.54,57.35,144,125,200,241,0.7319,0.0873,0.6755,nearly_ready,False,1,False
BH-LAT-024-027,HIVE-024,ESP32-1024,2026-04-20T22:00:00,88,21,0.6733,late_stage_nearly_ready,dry,stable_clear,33.43,57.55,145,117,201,238,0.7299,0.083,0.6761,nearly_ready,False,0,False
BH-LAT-024-029,HIVE-024,ESP32-1024,2026-04-21T10:00:00,89,16,0.6654,late_stage_nearly_ready,dry,midday_heat,34.54,50.11,168,126,217,249,0.6991,0.3032,0.5237,approaching,False,1,False
BH-LAT-024-030,HIVE-024,ESP32-1024,2026-04-21T16:00:00,89,23,0.6875,late_stage_nearly_ready,dry,midday_heat,35.25,51.38,162,136,221,248,0.7556,0.3399,0.5556,approaching,False,1,False
BH-LAT-024-031,HIVE-024,ESP32-1024,2026-04-21T22:00:00,90,23,0.6694,late_stage_nearly_ready,dry,midday_heat,35.23,52.92,162,135,228,253,0.7208,0.2903,0.5537,approaching,False,1,False
BH-LAT-024-032,HIVE-024,ESP32-1024,2026-04-22T04:00:00,90,16,0.6948,late_stage_nearly_ready,dry,stable_clear,35.26,52.97,150,135,234,255,0.7187,0.3105,0.5412,approaching,False,1,False
BH-LAT-024-033,HIVE-024,ESP32-1024,2026-04-22T10:00:00,91,21,0.6728,late_stage_nearly_ready,dry,stable_clear,34.88,53.04,158,132,237,253,0.7087,0.2563,0.5616,approaching,False,1,False
BH-LAT-024-034,HIVE-024,ESP32-1024,2026-04-22T16:00:00,91,25,0.6785,late_stage_nearly_ready,dry,stable_clear,34.79,54.48,152,129,238,255,0.7486,0.225,0.614,nearly_ready,False,1,False
BH-LAT-024-035,HIVE-024,ESP32-1024,2026-04-22T22:00:00,92,25,0.7069,late_stage_nearly_ready,dry,midday_heat,35.95,53.16,153,133,237,259,0.7286,0.4636,0.4031,approaching,False,1,True
BH-LAT-024-036,HIVE-024,ESP32-1024,2026-04-23T04:00:00,92,23,0.7115,late_stage_nearly_ready,dry,midday_heat,36.11,52.33,144,136,241,260,0.7806,0.5305,0.4141,approaching,False,1,True
BH-LAT-024-037,HIVE-024,ESP32-1024,2026-04-23T10:00:00,92,20,0.6964,late_stage_nearly_ready,dry,midday_heat,36.29,51.57,150,143,236,261,0.7298,0.4994,0.3865,approaching,False,1,True
BH-LAT-024-038,HIVE-024,ESP32-1024,2026-04-23T16:00:00,93,23,0.6985,late_stage_nearly_ready,dry,cloudy_stable,34.57,55.03,148,130,222,247,0.7279,0.2184,0.5947,approaching,False,1,False
BH-LAT-024-039,HIVE-024,ESP32-1024,2026-04-23T22:00:00,93,28,0.702,late_stage_nearly_ready,dry,stable_clear,34.7,56.15,151,125,211,248,0.7499,0.2006,0.6285,nearly_ready,False,1,False
BH-LAT-024-040,HIVE-024,ESP32-1024,2026-04-24T04:00:00,94,29,0.7098,late_stage_nearly_ready,dry,stable_clear,34.0,56.17,145,130,223,244,0.7612,0.1178,0.6832,nearly_ready,False,1,False
BH-LAT-024-041,HIVE-024,ESP32-1024,2026-04-24T10:00:00,94,29,0.7184,late_stage_nearly_ready,dry,stable_clear,33.68,55.73,141,131,221,244,0.7707,0.1384,0.6811,nearly_ready,False,1,False
BH-LAT-024-042,HIVE-024,ESP32-1024,2026-04-24T16:00:00,95,29,0.7033,late_stage_nearly_ready,dry,stable_clear,33.51,57.29,137,137,216,251,0.7808,0.1218,0.6987,nearly_ready,False,1,False
BH-LAT-024-043,HIVE-024,ESP32-1024,2026-04-24T22:00:00,95,28,0.7075,late_stage_nearly_ready,dry,stable_clear,33.62,57.23,138,127,210,245,0.7804,0.0917,0.7157,nearly_ready,False,1,False
BH-LAT-024-044,HIVE-024,ESP32-1024,2026-04-25T04:00:00,96,24,0.6933,late_stage_nearly_ready,dry,stable_clear,33.49,56.57,137,124,216,249,0.7597,0.0512,0.7196,nearly_ready,False,0,False
BH-LAT-024-045,HIVE-024,ESP32-1024,2026-04-25T10:00:00,96,24,0.6994,late_stage_nearly_ready,dry,stable_clear,33.78,56.57,135,125,211,252,0.7397,0.1195,0.6645,nearly_ready,False,1,False
BH-LAT-024-046,HIVE-024,ESP32-1024,2026-04-25T16:00:00,97,25,0.7253,late_stage_nearly_ready,dry,stable_clear,33.99,56.69,142,125,221,246,0.7542,0.1255,0.6739,nearly_ready,False,1,False
BH-LAT-024-047,HIVE-024,ESP32-1024,2026-04-25T22:00:00,97,30,0.7308,late_stage_nearly_ready,dry,stable_clear,34.13,56.14,142,129,220,250,0.777,0.1596,0.6753,nearly_ready,False,1,False
BH-LAT-024-048,HIVE-024,ESP32-1024,2026-04-26T04:00:00,98,28,0.7312,late_stage_nearly_ready,dry,stable_clear,33.61,56.15,142,125,218,244,0.7414,0.1334,0.6579,nearly_ready,False,1,False
BH-LAT-024-049,HIVE-024,ESP32-1024,2026-04-26T10:00:00,98,24,0.7281,late_stage_nearly_ready,dry,stable_clear,33.71,56.99,138,120,217,241,0.7962,0.134,0.7061,nearly_ready,False,1,False
BH-LAT-024-050,HIVE-024,ESP32-1024,2026-04-26T16:00:00,99,27,0.7369,late_stage_nearly_ready,dry,stable_clear,33.75,56.41,136,124,223,247,0.7918,0.1228,0.7086,nearly_ready,False,1,False
BH-LAT-024-052,HIVE-024,ESP32-1024,2026-04-27T04:00:00,100,28,0.7484,late_stage_nearly_ready,dry,stable_clear,33.33,53.78,166,116,246,310,0.7894,0.1217,0.7039,nearly_ready,False,0,False
BH-LAT-024-053,HIVE-024,ESP32-1024,2026-04-27T10:00:00,100,33,0.7272,late_stage_nearly_ready,dry,stable_clear,33.49,54.67,157,119,230,284,0.7617,0.0997,0.694,nearly_ready,False,0,False
BH-LAT-024-054,HIVE-024,ESP32-1024,2026-04-27T16:00:00,101,34,0.7378,late_stage_nearly_ready,dry,midday_heat,33.95,54.18,147,128,232,277,0.792,0.1959,0.6675,nearly_ready,False,1,False
BH-LAT-024-055,HIVE-024,ESP32-1024,2026-04-27T22:00:00,101,33,0.7434,late_stage_nearly_ready,dry,midday_heat,34.57,54.75,147,131,224,258,0.8091,0.2217,0.6682,nearly_ready,False,1,False
BH-LAT-024-056,HIVE-024,ESP32-1024,2026-04-28T04:00:00,101,27,0.7458,late_stage_nearly_ready,dry,cloudy_stable,34.1,56.67,146,127,219,258,0.7934,0.1646,0.6857,nearly_ready,False,1,False
BH-LAT-024-057,HIVE-024,ESP32-1024,2026-04-28T10:00:00,102,29,0.7406,late_stage_nearly_ready,dry,cloudy_stable,33.69,58.5,153,124,223,248,0.8144,0.1426,0.7162,nearly_ready,False,1,False
BH-LAT-024-058,HIVE-024,ESP32-1024,2026-04-28T16:00:00,102,30,0.7453,late_stage_nearly_ready,dry,cloudy_stable,33.46,58.65,144,129,225,234,0.7622,0.0904,0.7001,nearly_ready,False,0,False
BH-LAT-024-059,HIVE-024,ESP32-1024,2026-04-28T22:00:00,103,31,0.7536,late_stage_nearly_ready,dry,cloudy_stable,33.16,59.07,143,127,231,241,0.8196,0.027,0.7854,nearly_ready,False,0,False
BH-LAT-024-060,HIVE-024,ESP32-1024,2026-04-29T04:00:00,103,30,0.7634,late_stage_nearly_ready,dry,stable_clear,33.57,56.35,152,128,217,252,0.7826,0.1312,0.6939,nearly_ready,False,1,False
BH-LAT-024-061,HIVE-024,ESP32-1024,2026-04-29T10:00:00,104,36,0.763,late_stage_nearly_ready,dry,midday_heat,34.32,55.13,152,129,220,244,0.7605,0.2069,0.6332,nearly_ready,False,1,False
BH-LAT-024-063,HIVE-024,ESP32-1024,2026-04-29T22:00:00,104,31,0.7688,late_stage_nearly_ready,dry,midday_heat,33.07,56.64,144,154,254,292,0.7598,0.0624,0.7079,nearly_ready,False,0,False
BH-LAT-024-064,HIVE-024,ESP32-1024,2026-04-30T04:00:00,105,31,0.7565,late_stage_nearly_ready,dry,midday_heat,34.49,56.05,145,153,242,275,0.7657,0.1973,0.6418,nearly_ready,False,1,False
BH-LAT-024-065,HIVE-024,ESP32-1024,2026-04-30T10:00:00,105,39,0.771,late_stage_nearly_ready,dry,midday_heat,34.88,55.13,149,149,241,267,0.7801,0.2438,0.6309,nearly_ready,False,1,False
BH-LAT-024-066,HIVE-024,ESP32-1024,2026-04-30T16:00:00,106,34,0.768,late_stage_nearly_ready,dry,midday_heat,34.73,55.08,154,141,239,258,0.7828,0.1994,0.6585,nearly_ready,False,1,False
BH-LAT-024-067,HIVE-024,ESP32-1024,2026-04-30T22:00:00,106,32,0.7515,late_stage_nearly_ready,dry,stable_clear,34.59,55.79,153,139,229,240,0.8156,0.1799,0.6978,nearly_ready,False,1,False
BH-LAT-024-068,HIVE-024,ESP32-1024,2026-05-01T04:00:00,106,36,0.7566,late_stage_nearly_ready,dry,cloudy_stable,34.21,56.69,147,141,229,249,0.8217,0.1722,0.7069,nearly_ready,False,1,False
BH-LAT-024-069,HIVE-024,ESP32-1024,2026-05-01T10:00:00,107,36,0.7653,late_stage_nearly_ready,dry,cloudy_stable,34.07,57.19,147,139,230,265,0.8156,0.1334,0.7236,nearly_ready,False,1,False
BH-LAT-024-070,HIVE-024,ESP32-1024,2026-05-01T16:00:00,107,42,0.7866,late_stage_nearly_ready,dry,cloudy_stable,34.06,58.22,153,139,235,260,0.7818,0.1611,0.6786,nearly_ready,False,1,False
BH-LAT-024-071,HIVE-024,ESP32-1024,2026-05-01T22:00:00,107,34,0.7531,late_stage_nearly_ready,dry,cloudy_stable,33.43,59.03,153,129,235,252,0.7957,0.0989,0.7239,nearly_ready,False,0,False
BH-LAT-024-072,HIVE-024,ESP32-1024,2026-05-02T04:00:00,108,37,0.7677,late_stage_nearly_ready,dry,cloudy_stable,33.37,59.79,145,130,224,232,0.8069,0.0911,0.7389,nearly_ready,False,0,False
BH-LAT-024-073,HIVE-024,ESP32-1024,2026-05-02T10:00:00,108,40,0.7713,late_stage_nearly_ready,dry,cloudy_stable,33.52,58.66,140,131,223,226,0.8432,0.1113,0.7598,nearly_ready,False,1,False
BH-LAT-024-074,HIVE-024,ESP32-1024,2026-05-02T16:00:00,108,42,0.79,late_stage_nearly_ready,dry,midday_heat,33.95,55.96,152,126,225,242,0.8254,0.1153,0.7403,nearly_ready,False,1,False
BH-LAT-024-075,HIVE-024,ESP32-1024,2026-05-02T22:00:00,109,45,0.7581,late_stage_nearly_ready,dry,midday_heat,34.61,54.88,147,131,230,252,0.7816,0.2057,0.6525,nearly_ready,False,1,False
BH-LAT-024-076,HIVE-024,ESP32-1024,2026-05-03T04:00:00,109,42,0.7687,late_stage_nearly_ready,dry,midday_heat,35.09,51.81,155,142,242,260,0.7744,0.3446,0.5689,approaching,False,1,False
BH-LAT-024-077,HIVE-024,ESP32-1024,2026-05-03T10:00:00,109,43,0.7888,late_stage_nearly_ready,dry,midday_heat,35.88,52.01,158,134,237,273,0.8126,0.5261,0.4437,approaching,False,1,True
BH-LAT-024-078,HIVE-024,ESP32-1024,2026-05-03T16:00:00,109,40,0.7664,late_stage_nearly_ready,dry,midday_heat,35.71,52.22,157,142,229,264,0.8025,0.4545,0.4754,approaching,False,1,True
BH-LAT-024-079,HIVE-024,ESP32-1024,2026-05-03T22:00:00,110,42,0.7709,late_stage_nearly_ready,dry,midday_heat,35.69,52.23,152,136,224,261,0.7866,0.4766,0.4497,approaching,False,1,True
BH-LAT-024-080,HIVE-024,ESP32-1024,2026-05-04T04:00:00,110,45,0.7634,late_stage_nearly_ready,dry,midday_heat,35.81,52.56,159,135,228,261,0.8246,0.5039,0.4679,approaching,False,1,True
BH-LAT-024-081,HIVE-024,ESP32-1024,2026-05-04T10:00:00,110,45,0.7694,late_stage_nearly_ready,dry,stable_clear,35.08,53.62,151,129,227,250,0.793,0.305,0.6077,nearly_ready,False,1,False
BH-LAT-024-082,HIVE-024,ESP32-1024,2026-05-04T16:00:00,110,38,0.7627,late_stage_nearly_ready,dry,stable_clear,34.53,55.33,141,128,222,243,0.7843,0.1977,0.6592,nearly_ready,False,1,False
BH-LAT-024-083,HIVE-024,ESP32-1024,2026-05-04T22:00:00,110,36,0.7991,late_stage_nearly_ready,dry,stable_clear,34.11,55.47,138,132,213,241,0.8422,0.1743,0.7241,nearly_ready,False,1,False
BH-LAT-024-084,HIVE-024,ESP32-1024,2026-05-05T04:00:00,111,42,0.7727,late_stage_nearly_ready,dry,stable_clear,33.97,56.49,135,126,213,250,0.8313,0.1095,0.7502,nearly_ready,False,1,False
BH-LAT-024-086,HIVE-024,ESP32-1024,2026-05-05T16:00:00,111,40,0.7734,late_stage_nearly_ready,dry,cloudy_stable,31.8,55.31,166,116,236,241,0.7589,0.035,0.7225,nearly_ready,False,0,False
BH-LAT-024-087,HIVE-024,ESP32-1024,2026-05-05T22:00:00,111,41,0.786,late_stage_nearly_ready,dry,cloudy_stable,32.78,58.45,151,119,224,240,0.8185,0.0343,0.7774,nearly_ready,False,0,False
BH-LAT-024-088,HIVE-024,ESP32-1024,2026-05-06T04:00:00,111,44,0.7681,late_stage_nearly_ready,dry,cloudy_stable,32.83,58.45,149,130,212,232,0.8361,0.0,0.8152,ready,False,0,False
BH-LAT-024-089,HIVE-024,ESP32-1024,2026-05-06T10:00:00,111,46,0.7701,late_stage_nearly_ready,dry,cloudy_stable,33.08,59.19,149,127,226,247,0.8381,0.0542,0.7864,nearly_ready,False,0,False
BH-LAT-024-090,HIVE-024,ESP32-1024,2026-05-06T16:00:00,111,39,0.7961,late_stage_nearly_ready,dry,cloudy_stable,33.26,59.03,152,127,230,254,0.8609,0.0886,0.7882,nearly_ready,False,0,False
BH-LAT-024-091,HIVE-024,ESP32-1024,2026-05-06T22:00:00,111,39,0.8011,late_stage_nearly_ready,dry,midday_heat,33.85,55.94,153,129,237,250,0.842,0.1127,0.7562,nearly_ready,False,1,False
BH-LAT-025-000,HIVE-025,ESP32-1025,2026-04-22T08:00:00,90,9,0.6188,late_stage_nearly_ready,dry,stable_clear,32.78,67.04,121,138,210,232,0.6915,0.036,0.6667,nearly_ready,False,0,False
BH-LAT-025-001,HIVE-025,ESP32-1025,2026-04-22T14:00:00,90,11,0.6262,late_stage_nearly_ready,dry,stable_clear,33.23,65.79,124,150,222,242,0.7344,0.073,0.6841,nearly_ready,False,0,False
BH-LAT-025-002,HIVE-025,ESP32-1025,2026-04-22T20:00:00,90,13,0.6196,late_stage_nearly_ready,dry,stable_clear,33.54,64.0,136,153,215,254,0.6941,0.0829,0.6432,nearly_ready,False,1,False
BH-LAT-025-003,HIVE-025,ESP32-1025,2026-04-23T02:00:00,90,17,0.6354,late_stage_nearly_ready,dry,stable_clear,33.51,64.14,135,156,223,244,0.7134,0.11,0.6468,nearly_ready,False,1,False
BH-LAT-025-004,HIVE-025,ESP32-1025,2026-04-23T08:00:00,90,17,0.6458,late_stage_nearly_ready,dry,stable_clear,33.73,63.94,132,154,222,245,0.7233,0.1324,0.643,nearly_ready,False,1,False
BH-LAT-025-005,HIVE-025,ESP32-1025,2026-04-23T14:00:00,90,8,0.6309,late_stage_nearly_ready,dry,stable_clear,33.57,63.94,130,149,232,247,0.6878,0.1197,0.6188,nearly_ready,False,1,False
BH-LAT-025-006,HIVE-025,ESP32-1025,2026-04-23T20:00:00,90,11,0.6356,late_stage_nearly_ready,dry,stable_clear,33.92,65.11,136,155,228,234,0.734,0.1145,0.6612,nearly_ready,False,1,False
BH-LAT-025-007,HIVE-025,ESP32-1025,2026-04-24T02:00:00,90,16,0.6385,late_stage_nearly_ready,dry,midday_heat,34.7,65.49,139,163,241,245,0.6998,0.1916,0.5882,approaching,False,1,False
BH-LAT-025-008,HIVE-025,ESP32-1025,2026-04-24T08:00:00,91,14,0.6364,late_stage_nearly_ready,dry,midday_heat,35.15,64.04,138,162,248,261,0.7367,0.2747,0.5753,approaching,False,1,False
BH-LAT-025-009,HIVE-025,ESP32-1025,2026-04-24T14:00:00,91,17,0.6466,late_stage_nearly_ready,dry,stable_clear,34.66,65.46,134,163,243,248,0.7201,0.1819,0.6117,nearly_ready,False,1,False
BH-LAT-025-010,HIVE-025,ESP32-1025,2026-04-24T20:00:00,91,19,0.6302,late_stage_nearly_ready,dry,cloudy_stable,33.92,67.42,135,161,238,250,0.7194,0.1709,0.6165,nearly_ready,False,1,False
BH-LAT-025-011,HIVE-025,ESP32-1025,2026-04-25T02:00:00,91,13,0.6153,late_stage_nearly_ready,dry,cloudy_stable,33.54,67.79,135,165,236,247,0.7186,0.1406,0.6339,nearly_ready,False,1,False
BH-LAT-025-012,HIVE-025,ESP32-1025,2026-04-25T08:00:00,91,18,0.6284,late_stage_nearly_ready,dry,cloudy_stable,32.99,66.17,138,156,236,252,0.6788,0.0526,0.6462,nearly_ready,False,0,False
BH-LAT-025-013,HIVE-025,ESP32-1025,2026-04-25T14:00:00,92,17,0.6503,late_stage_nearly_ready,dry,midday_heat,33.71,64.0,136,161,232,258,0.6863,0.1357,0.6066,nearly_ready,False,1,False
BH-LAT-025-014,HIVE-025,ESP32-1025,2026-04-25T20:00:00,92,17,0.6311,late_stage_nearly_ready,dry,midday_heat,34.5,62.07,135,166,235,272,0.715,0.1958,0.5987,approaching,False,1,False
BH-LAT-025-015,HIVE-025,ESP32-1025,2026-04-26T02:00:00,92,11,0.6525,late_stage_nearly_ready,dry,midday_heat,34.7,61.93,134,164,236,260,0.7394,0.176,0.6332,nearly_ready,False,1,False
BH-LAT-025-016,HIVE-025,ESP32-1025,2026-04-26T08:00:00,92,16,0.6379,late_stage_nearly_ready,dry,midday_heat,34.85,61.63,144,161,231,254,0.702,0.235,0.5677,approaching,False,1,False
BH-LAT-025-017,HIVE-025,ESP32-1025,2026-04-26T14:00:00,93,14,0.6324,late_stage_nearly_ready,dry,midday_heat,34.96,61.47,146,160,232,248,0.729,0.2012,0.6105,nearly_ready,False,1,False
BH-LAT-025-018,HIVE-025,ESP32-1025,2026-04-26T20:00:00,93,15,0.6556,late_stage_nearly_ready,dry,stable_clear,33.96,61.95,140,156,222,245,0.7577,0.1583,0.6571,nearly_ready,False,1,False
BH-LAT-025-019,HIVE-025,ESP32-1025,2026-04-27T02:00:00,93,16,0.6216,late_stage_nearly_ready,dry,stable_clear,33.93,62.78,142,148,226,244,0.7294,0.1069,0.6624,nearly_ready,False,1,False
BH-LAT-025-020,HIVE-025,ESP32-1025,2026-04-27T08:00:00,94,15,0.633,late_stage_nearly_ready,dry,stable_clear,33.93,63.54,138,146,227,242,0.7582,0.1137,0.6842,nearly_ready,False,1,False
BH-LAT-025-021,HIVE-025,ESP32-1025,2026-04-27T14:00:00,94,17,0.6299,late_stage_nearly_ready,dry,stable_clear,33.84,64.12,134,149,233,256,0.7291,0.1104,0.6601,nearly_ready,False,1,False
BH-LAT-025-022,HIVE-025,ESP32-1025,2026-04-27T20:00:00,94,16,0.6501,late_stage_nearly_ready,dry,stable_clear,33.34,63.96,129,151,229,250,0.7355,0.0941,0.6741,nearly_ready,False,0,False
BH-LAT-025-023,HIVE-025,ESP32-1025,2026-04-28T02:00:00,95,15,0.6622,late_stage_nearly_ready,dry,stable_clear,33.77,61.88,140,155,234,253,0.7404,0.1157,0.6657,nearly_ready,False,1,False
BH-LAT-025-024,HIVE-025,ESP32-1025,2026-04-28T08:00:00,95,13,0.6537,late_stage_nearly_ready,dry,stable_clear,34.19,61.37,134,160,231,256,0.7398,0.1821,0.6295,nearly_ready,False,1,False
BH-LAT-025-025,HIVE-025,ESP32-1025,2026-04-28T14:00:00,95,15,0.6386,late_stage_nearly_ready,dry,stable_clear,33.98,60.97,135,163,237,246,0.7456,0.1673,0.6432,nearly_ready,False,1,False
BH-LAT-025-026,HIVE-025,ESP32-1025,2026-04-28T20:00:00,96,19,0.6432,late_stage_nearly_ready,dry,midday_heat,35.39,60.8,143,167,242,257,0.7534,0.2862,0.5823,approaching,False,1,False
BH-LAT-025-027,HIVE-025,ESP32-1025,2026-04-29T02:00:00,96,14,0.6627,late_stage_nearly_ready,dry,midday_heat,35.47,61.86,141,170,243,268,0.7362,0.2836,0.5709,approaching,False,1,False
BH-LAT-025-028,HIVE-025,ESP32-1025,2026-04-29T08:00:00,97,20,0.674,late_stage_nearly_ready,dry,midday_heat,35.38,61.9,140,166,242,261,0.7815,0.2775,0.6147,nearly_ready,False,1,False
BH-LAT-025-029,HIVE-025,ESP32-1025,2026-04-29T14:00:00,97,17,0.6604,late_stage_nearly_ready,dry,midday_heat,35.6,60.68,145,163,243,253,0.7661,0.3771,0.4855,approaching,False,1,True
BH-LAT-025-030,HIVE-025,ESP32-1025,2026-04-29T20:00:00,97,21,0.663,late_stage_nearly_ready,dry,midday_heat,35.27,61.51,149,171,243,258,0.7449,0.2589,0.5918,approaching,False,1,False
BH-LAT-025-031,HIVE-025,ESP32-1025,2026-04-30T02:00:00,98,22,0.67,late_stage_nearly_ready,dry,midday_heat,35.24,62.22,147,172,234,261,0.7669,0.225,0.6306,nearly_ready,False,1,False
BH-LAT-025-032,HIVE-025,ESP32-1025,2026-04-30T08:00:00,98,22,0.6613,late_stage_nearly_ready,dry,midday_heat,35.28,62.02,145,167,233,270,0.7122,0.2582,0.5643,approaching,False,1,False
BH-LAT-025-033,HIVE-025,ESP32-1025,2026-04-30T14:00:00,99,26,0.6751,late_stage_nearly_ready,dry,midday_heat,34.87,61.96,146,164,243,267,0.7835,0.2299,0.6419,nearly_ready,False,1,False
BH-LAT-025-034,HIVE-025,ESP32-1025,2026-04-30T20:00:00,99,26,0.6875,late_stage_nearly_ready,dry,stable_clear,34.09,63.1,138,157,232,254,0.7295,0.1295,0.6481,nearly_ready,False,1,False
BH-LAT-025-035,HIVE-025,ESP32-1025,2026-05-01T02:00:00,100,27,0.6618,late_stage_nearly_ready,dry,midday_heat,35.01,62.43,142,158,239,253,0.7044,0.2185,0.5774,approaching,False,1,False
BH-LAT-025-037,HIVE-025,ESP32-1025,2026-05-01T14:00:00,100,26,0.67,late_stage_nearly_ready,dry,cloudy_stable,31.28,71.31,157,187,236,230,0.7393,0.0664,0.6885,nearly_ready,False,1,False
BH-LAT-025-038,HIVE-025,ESP32-1025,2026-05-01T20:00:00,101,21,0.667,late_stage_nearly_ready,dry,cloudy_stable,32.07,69.13,156,169,231,235,0.757,0.0,0.7431,nearly_ready,False,0,False
BH-LAT-025-039,HIVE-025,ESP32-1025,2026-05-02T02:00:00,101,21,0.6907,late_stage_nearly_ready,dry,cloudy_stable,32.5,67.37,147,160,230,244,0.7488,0.0,0.7367,nearly_ready,False,0,False
BH-LAT-025-041,HIVE-025,ESP32-1025,2026-05-02T14:00:00,102,20,0.6698,late_stage_nearly_ready,dry,cloudy_stable,32.32,64.06,125,131,288,236,0.7209,0.0768,0.6679,nearly_ready,False,1,False
BH-LAT-025-042,HIVE-025,ESP32-1025,2026-05-02T20:00:00,103,24,0.7015,late_stage_nearly_ready,dry,stable_clear,32.73,63.7,127,141,256,237,0.768,0.047,0.7284,nearly_ready,False,0,False
BH-LAT-025-043,HIVE-025,ESP32-1025,2026-05-03T02:00:00,103,25,0.7013,late_stage_nearly_ready,dry,midday_heat,34.32,62.97,125,150,249,249,0.7653,0.2035,0.6375,nearly_ready,False,1,False
BH-LAT-025-044,HIVE-025,ESP32-1025,2026-05-03T08:00:00,104,26,0.6795,late_stage_nearly_ready,dry,stable_clear,34.08,62.84,135,153,237,244,0.7743,0.1588,0.6729,nearly_ready,False,1,False
BH-LAT-025-045,HIVE-025,ESP32-1025,2026-05-03T14:00:00,104,28,0.7137,late_stage_nearly_ready,dry,stable_clear,33.64,63.22,131,155,226,229,0.7534,0.108,0.6821,nearly_ready,False,1,False
BH-LAT-025-046,HIVE-025,ESP32-1025,2026-05-03T20:00:00,105,31,0.6861,late_stage_nearly_ready,dry,stable_clear,34.13,63.67,132,149,219,241,0.762,0.1232,0.6812,nearly_ready,False,1,False
BH-LAT-025-047,HIVE-025,ESP32-1025,2026-05-04T02:00:00,105,29,0.7026,late_stage_nearly_ready,dry,midday_heat,34.36,63.75,139,155,224,249,0.7396,0.1793,0.6313,nearly_ready,False,1,False
BH-LAT-025-048,HIVE-025,ESP32-1025,2026-05-04T08:00:00,106,26,0.7094,late_stage_nearly_ready,dry,midday_heat,34.74,63.05,142,160,234,257,0.7519,0.2027,0.6287,nearly_ready,False,1,False
BH-LAT-025-049,HIVE-025,ESP32-1025,2026-05-04T14:00:00,106,32,0.7175,late_stage_nearly_ready,dry,stable_clear,34.25,64.05,139,158,235,256,0.783,0.1546,0.6824,nearly_ready,False,1,False
BH-LAT-025-050,HIVE-025,ESP32-1025,2026-05-04T20:00:00,107,35,0.715,late_stage_nearly_ready,dry,midday_heat,34.75,64.1,142,158,240,259,0.7445,0.2226,0.6115,nearly_ready,False,1,False
BH-LAT-025-051,HIVE-025,ESP32-1025,2026-05-05T02:00:00,107,30,0.7009,late_stage_nearly_ready,dry,midday_heat,34.89,62.73,143,166,239,250,0.7389,0.2514,0.5908,approaching,False,1,False
BH-LAT-025-052,HIVE-025,ESP32-1025,2026-05-05T08:00:00,108,35,0.7191,late_stage_nearly_ready,dry,midday_heat,35.08,62.29,146,158,248,250,0.8154,0.2204,0.6754,nearly_ready,False,1,False
BH-LAT-025-053,HIVE-025,ESP32-1025,2026-05-05T14:00:00,108,32,0.722,late_stage_nearly_ready,dry,midday_heat,35.1,62.44,144,161,253,251,0.772,0.263,0.6144,nearly_ready,False,1,False
BH-LAT-025-054,HIVE-025,ESP32-1025,2026-05-05T20:00:00,109,36,0.7284,late_stage_nearly_ready,dry,midday_heat,34.88,61.76,142,162,245,251,0.7775,0.2201,0.6422,nearly_ready,False,1,False
BH-LAT-025-055,HIVE-025,ESP32-1025,2026-05-06T02:00:00,109,36,0.7176,late_stage_nearly_ready,dry,midday_heat,34.51,62.58,139,170,249,260,0.7717,0.2243,0.6342,nearly_ready,False,1,False
BH-LAT-025-056,HIVE-025,ESP32-1025,2026-05-06T08:00:00,109,33,0.7278,late_stage_nearly_ready,dry,stable_clear,33.92,62.95,139,174,249,259,0.8086,0.1696,0.6968,nearly_ready,False,1,False
BH-LAT-025-057,HIVE-025,ESP32-1025,2026-05-06T14:00:00,110,38,0.7067,late_stage_nearly_ready,dry,midday_heat,34.08,62.49,144,167,253,262,0.7706,0.1736,0.6618,nearly_ready,False,1,False
BH-LAT-025-058,HIVE-025,ESP32-1025,2026-05-06T20:00:00,110,34,0.7308,late_stage_nearly_ready,dry,midday_heat,34.45,63.46,144,176,246,266,0.799,0.2258,0.6574,nearly_ready,False,1,False
BH-LAT-025-059,HIVE-025,ESP32-1025,2026-05-07T02:00:00,111,33,0.7414,late_stage_nearly_ready,dry,midday_heat,34.79,62.77,144,172,243,261,0.7921,0.2283,0.6503,nearly_ready,False,1,False
BH-LAT-025-060,HIVE-025,ESP32-1025,2026-05-07T08:00:00,111,34,0.7121,late_stage_nearly_ready,dry,midday_heat,34.88,63.02,138,172,247,245,0.8192,0.2318,0.6727,nearly_ready,False,1,False
BH-LAT-025-061,HIVE-025,ESP32-1025,2026-05-07T14:00:00,112,35,0.7496,late_stage_nearly_ready,dry,stable_clear,34.5,63.17,129,162,236,237,0.7713,0.202,0.6462,nearly_ready,False,1,False
BH-LAT-025-062,HIVE-025,ESP32-1025,2026-05-07T20:00:00,112,30,0.7259,late_stage_nearly_ready,dry,stable_clear,34.48,63.94,128,159,240,245,0.7814,0.2012,0.6564,nearly_ready,False,1,False
BH-LAT-025-063,HIVE-025,ESP32-1025,2026-05-08T02:00:00,112,34,0.7552,late_stage_nearly_ready,dry,stable_clear,34.04,63.76,133,158,236,251,0.8355,0.175,0.7177,nearly_ready,False,1,False
BH-LAT-025-064,HIVE-025,ESP32-1025,2026-05-08T08:00:00,113,33,0.7331,late_stage_nearly_ready,dry,stable_clear,33.98,63.96,133,159,230,256,0.7958,0.109,0.7199,nearly_ready,False,1,False
BH-LAT-025-065,HIVE-025,ESP32-1025,2026-05-08T14:00:00,113,34,0.7463,late_stage_nearly_ready,dry,stable_clear,33.99,63.08,134,161,236,243,0.7829,0.1384,0.6921,nearly_ready,False,1,False
BH-LAT-025-066,HIVE-025,ESP32-1025,2026-05-08T20:00:00,114,34,0.7338,late_stage_nearly_ready,dry,stable_clear,33.84,62.99,127,160,237,232,0.8245,0.132,0.7323,nearly_ready,False,1,False
BH-LAT-025-067,HIVE-025,ESP32-1025,2026-05-09T02:00:00,114,41,0.7543,late_stage_nearly_ready,dry,stable_clear,33.97,63.6,125,159,234,233,0.8096,0.1615,0.703,nearly_ready,False,1,False
BH-LAT-025-068,HIVE-025,ESP32-1025,2026-05-09T08:00:00,114,32,0.7407,late_stage_nearly_ready,dry,cloudy_stable,33.42,64.27,130,157,227,230,0.8053,0.0809,0.7424,nearly_ready,False,0,False
BH-LAT-025-069,HIVE-025,ESP32-1025,2026-05-09T14:00:00,115,37,0.744,late_stage_nearly_ready,dry,cloudy_stable,33.12,65.47,133,158,223,236,0.8208,0.0245,0.7875,nearly_ready,False,0,False
BH-LAT-025-070,HIVE-025,ESP32-1025,2026-05-09T20:00:00,115,38,0.7647,late_stage_nearly_ready,dry,cloudy_stable,33.22,65.38,133,158,232,253,0.8469,0.0685,0.7871,nearly_ready,False,0,False
BH-LAT-025-071,HIVE-025,ESP32-1025,2026-05-10T02:00:00,115,33,0.7613,late_stage_nearly_ready,dry,cloudy_stable,33.46,65.91,136,160,240,242,0.81,0.1063,0.7333,nearly_ready,False,0,False
BH-LAT-025-072,HIVE-025,ESP32-1025,2026-05-10T08:00:00,116,44,0.7332,late_stage_nearly_ready,dry,cloudy_stable,33.54,66.24,135,165,236,234,0.8265,0.1309,0.7348,nearly_ready,False,1,False
BH-LAT-025-073,HIVE-025,ESP32-1025,2026-05-10T14:00:00,116,37,0.734,late_stage_nearly_ready,dry,cloudy_stable,33.64,66.28,133,160,235,236,0.8179,0.1369,0.724,nearly_ready,False,1,False
BH-LAT-025-074,HIVE-025,ESP32-1025,2026-05-10T20:00:00,116,43,0.7533,late_stage_nearly_ready,dry,cloudy_stable,33.21,66.76,134,159,238,238,0.7885,0.0474,0.7466,nearly_ready,False,0,False
BH-LAT-025-075,HIVE-025,ESP32-1025,2026-05-11T02:00:00,117,40,0.7569,late_stage_nearly_ready,dry,cloudy_stable,32.86,66.4,138,153,243,244,0.8084,0.0463,0.7647,nearly_ready,False,0,False
BH-LAT-025-076,HIVE-025,ESP32-1025,2026-05-11T08:00:00,117,39,0.7439,late_stage_nearly_ready,dry,cloudy_stable,32.91,66.64,130,156,235,235,0.8417,0.0547,0.7899,nearly_ready,False,0,False
BH-LAT-025-077,HIVE-025,ESP32-1025,2026-05-11T14:00:00,117,39,0.7483,late_stage_nearly_ready,dry,stable_clear,33.47,67.2,138,159,241,243,0.82,0.0924,0.7491,nearly_ready,False,0,False
BH-LAT-025-078,HIVE-025,ESP32-1025,2026-05-11T20:00:00,117,39,0.7486,late_stage_nearly_ready,dry,stable_clear,33.67,67.44,139,166,245,261,0.7848,0.1204,0.7035,nearly_ready,False,1,False
BH-LAT-025-079,HIVE-025,ESP32-1025,2026-05-12T02:00:00,118,42,0.7709,late_stage_nearly_ready,dry,cloudy_stable,33.77,68.62,139,161,235,252,0.7982,0.1424,0.703,nearly_ready,False,1,False
BH-LAT-025-080,HIVE-025,ESP32-1025,2026-05-12T08:00:00,118,40,0.7685,late_stage_nearly_ready,dry,cloudy_stable,33.53,68.99,138,163,234,252,0.8475,0.1156,0.7615,nearly_ready,False,1,False
BH-LAT-025-081,HIVE-025,ESP32-1025,2026-05-12T14:00:00,118,37,0.7479,late_stage_nearly_ready,dry,cloudy_stable,32.86,68.05,130,158,232,248,0.8181,0.0085,0.7931,nearly_ready,False,0,False
BH-LAT-025-082,HIVE-025,ESP32-1025,2026-05-12T20:00:00,118,46,0.7443,late_stage_nearly_ready,dry,stable_clear,33.42,67.55,133,166,241,254,0.8318,0.1046,0.7527,nearly_ready,False,0,False
BH-LAT-025-083,HIVE-025,ESP32-1025,2026-05-13T02:00:00,118,46,0.7827,late_stage_nearly_ready,dry,stable_clear,33.86,66.57,141,165,247,257,0.8041,0.1382,0.71,nearly_ready,False,1,False
BH-LAT-025-084,HIVE-025,ESP32-1025,2026-05-13T08:00:00,119,37,0.7794,late_stage_nearly_ready,dry,stable_clear,34.32,66.72,142,166,231,259,0.851,0.1861,0.7253,nearly_ready,False,1,False
BH-LAT-025-085,HIVE-025,ESP32-1025,2026-05-13T14:00:00,119,44,0.7858,late_stage_nearly_ready,dry,midday_heat,34.84,66.72,144,169,231,267,0.8277,0.1998,0.6973,nearly_ready,False,1,False
BH-LAT-025-086,HIVE-025,ESP32-1025,2026-05-13T20:00:00,119,40,0.7599,late_stage_nearly_ready,dry,midday_heat,35.29,66.62,151,177,242,263,0.8384,0.2735,0.6659,nearly_ready,False,1,False
BH-LAT-025-087,HIVE-025,ESP32-1025,2026-05-14T02:00:00,119,45,0.7829,late_stage_nearly_ready,dry,midday_heat,35.42,65.38,160,176,237,263,0.8555,0.2797,0.6778,nearly_ready,False,1,False
BH-LAT-025-088,HIVE-025,ESP32-1025,2026-05-14T08:00:00,119,41,0.7557,late_stage_nearly_ready,dry,midday_heat,35.66,64.76,157,168,237,266,0.8376,0.4002,0.536,approaching,False,1,True
BH-LAT-025-089,HIVE-025,ESP32-1025,2026-05-14T14:00:00,119,39,0.778,late_stage_nearly_ready,dry,midday_heat,35.17,63.4,152,165,238,261,0.8347,0.2166,0.6936,nearly_ready,False,1,False
BH-LAT-025-090,HIVE-025,ESP32-1025,2026-05-14T20:00:00,119,43,0.7576,late_stage_nearly_ready,dry,stable_clear,34.71,63.77,148,158,235,261,0.827,0.1984,0.6973,nearly_ready,False,1,False
BH-LAT-025-091,HIVE-025,ESP32-1025,2026-05-15T02:00:00,119,46,0.784,late_stage_nearly_ready,dry,stable_clear,33.81,63.5,143,157,237,256,0.8468,0.1582,0.7361,nearly_ready,False,1,False
BH-LAT-026-000,HIVE-026,ESP32-1026,2026-03-09T12:00:00,109,17,0.8039,late_stage_nearly_ready,dry,stable_clear,29.89,65.86,133,113,212,238,0.7981,0.0,0.7804,nearly_ready,False,0,False
BH-LAT-026-001,HIVE-026,ESP32-1026,2026-03-09T18:00:00,109,15,0.7943,late_stage_nearly_ready,dry,stable_clear,30.41,65.72,134,115,218,252,0.7957,0.0,0.7788,nearly_ready,False,0,False
BH-LAT-026-002,HIVE-026,ESP32-1026,2026-03-10T00:00:00,109,9,0.8075,late_stage_nearly_ready,dry,stable_clear,30.72,64.55,142,122,224,242,0.8274,0.0,0.8065,ready,False,0,False
BH-LAT-026-003,HIVE-026,ESP32-1026,2026-03-10T06:00:00,109,10,0.8104,late_stage_nearly_ready,dry,stable_clear,31.2,63.69,140,125,233,245,0.8627,0.0,0.8376,ready,False,0,False
BH-LAT-026-004,HIVE-026,ESP32-1026,2026-03-10T12:00:00,109,18,0.7818,late_stage_nearly_ready,dry,cloudy_stable,30.68,64.94,139,122,233,237,0.779,0.0,0.7638,nearly_ready,False,0,False
BH-LAT-026-005,HIVE-026,ESP32-1026,2026-03-10T18:00:00,109,14,0.8119,late_stage_nearly_ready,dry,stable_clear,30.68,64.41,135,129,227,238,0.8592,0.0,0.8355,ready,False,0,False
BH-LAT-026-006,HIVE-026,ESP32-1026,2026-03-11T00:00:00,109,13,0.8044,late_stage_nearly_ready,dry,stable_clear,31.0,64.57,130,124,229,237,0.8032,0.0,0.7859,nearly_ready,False,0,False
BH-LAT-026-007,HIVE-026,ESP32-1026,2026-03-11T06:00:00,110,18,0.7817,late_stage_nearly_ready,dry,stable_clear,31.13,63.89,136,127,222,252,0.8171,0.0,0.798,nearly_ready,False,0,False
BH-LAT-026-008,HIVE-026,ESP32-1026,2026-03-11T12:00:00,110,18,0.8031,late_stage_nearly_ready,dry,stable_clear,31.2,63.17,136,129,227,251,0.855,0.0021,0.8307,ready,False,0,False
BH-LAT-026-009,HIVE-026,ESP32-1026,2026-03-11T18:00:00,110,19,0.809,late_stage_nearly_ready,dry,midday_heat,31.58,63.38,144,131,239,258,0.8576,0.0012,0.8328,ready,False,0,False
BH-LAT-026-010,HIVE-026,ESP32-1026,2026-03-12T00:00:00,110,16,0.82,late_stage_nearly_ready,dry,midday_heat,32.14,62.3,153,138,238,254,0.8029,0.0226,0.7721,nearly_ready,False,0,False
BH-LAT-026-011,HIVE-026,ESP32-1026,2026-03-12T06:00:00,110,16,0.821,late_stage_nearly_ready,dry,midday_heat,32.05,62.81,147,131,239,263,0.8702,0.0059,0.8417,ready,False,0,False
BH-LAT-026-012,HIVE-026,ESP32-1026,2026-03-12T12:00:00,111,20,0.8047,late_stage_nearly_ready,dry,midday_heat,32.06,62.51,143,136,240,265,0.8514,0.0,0.8289,ready,False,0,False
BH-LAT-026-013,HIVE-026,ESP32-1026,2026-03-12T18:00:00,111,17,0.7949,late_stage_nearly_ready,dry,cloudy_stable,31.56,65.29,142,130,242,261,0.8091,0.0242,0.7762,nearly_ready,False,0,False
BH-LAT-026-014,HIVE-026,ESP32-1026,2026-03-13T00:00:00,111,12,0.8165,late_stage_nearly_ready,dry,cloudy_stable,30.89,66.38,150,135,232,253,0.8167,0.0165,0.7873,nearly_ready,False,0,False
BH-LAT-026-015,HIVE-026,ESP32-1026,2026-03-13T06:00:00,111,14,0.8264,late_stage_nearly_ready,dry,cloudy_stable,30.73,66.9,151,128,236,242,0.865,0.0,0.8403,ready,False,0,False
BH-LAT-026-016,HIVE-026,ESP32-1026,2026-03-13T12:00:00,112,21,0.8243,late_stage_nearly_ready,dry,cloudy_stable,30.59,66.8,150,126,236,249,0.84,0.0,0.8187,ready,False,0,False
BH-LAT-026-017,HIVE-026,ESP32-1026,2026-03-13T18:00:00,112,20,0.8272,late_stage_nearly_ready,dry,cloudy_stable,30.59,66.45,148,128,230,255,0.8301,0.0,0.8101,ready,False,0,False
BH-LAT-026-018,HIVE-026,ESP32-1026,2026-03-14T00:00:00,112,19,0.8056,late_stage_nearly_ready,dry,cloudy_stable,30.56,67.21,145,130,227,260,0.8035,0.0,0.7865,nearly_ready,False,0,False
BH-LAT-026-019,HIVE-026,ESP32-1026,2026-03-14T06:00:00,113,13,0.8239,late_stage_nearly_ready,dry,cloudy_stable,30.37,67.55,146,136,225,251,0.8295,0.0075,0.8051,ready,False,0,False
BH-LAT-026-021,HIVE-026,ESP32-1026,2026-03-14T18:00:00,113,19,0.8392,late_stage_nearly_ready,dry,midday_heat,32.18,59.3,192,167,253,243,0.8327,0.0643,0.7741,nearly_ready,False,1,False
BH-LAT-026-022,HIVE-026,ESP32-1026,2026-03-15T00:00:00,114,22,0.808,late_stage_nearly_ready,dry,midday_heat,32.18,60.51,174,148,249,247,0.8189,0.0,0.7992,nearly_ready,False,0,False
BH-LAT-026-023,HIVE-026,ESP32-1026,2026-03-15T06:00:00,114,19,0.823,late_stage_nearly_ready,dry,midday_heat,32.15,61.75,159,144,244,247,0.8639,0.0,0.8391,ready,False,0,False
BH-LAT-026-024,HIVE-026,ESP32-1026,2026-03-15T12:00:00,115,20,0.8128,late_stage_nearly_ready,dry,midday_heat,32.2,62.42,151,141,252,255,0.8104,0.0,0.7923,nearly_ready,False,0,False
BH-LAT-026-025,HIVE-026,ESP32-1026,2026-03-15T18:00:00,115,15,0.8549,late_stage_nearly_ready,dry,midday_heat,32.29,61.89,145,135,250,264,0.8795,0.0175,0.8435,ready,False,0,False
BH-LAT-026-026,HIVE-026,ESP32-1026,2026-03-16T00:00:00,116,17,0.8412,late_stage_nearly_ready,dry,midday_heat,32.47,62.72,146,141,243,264,0.8504,0.0286,0.8117,ready,False,0,False
BH-LAT-026-027,HIVE-026,ESP32-1026,2026-03-16T06:00:00,116,22,0.8594,late_stage_nearly_ready,dry,midday_heat,32.6,62.9,144,140,239,263,0.8877,0.0143,0.8529,ready,False,0,False
BH-LAT-026-028,HIVE-026,ESP32-1026,2026-03-16T12:00:00,116,16,0.846,late_stage_nearly_ready,dry,midday_heat,32.52,62.47,145,141,246,272,0.8806,0.0091,0.8493,ready,False,0,False
BH-LAT-026-029,HIVE-026,ESP32-1026,2026-03-16T18:00:00,117,17,0.8538,late_stage_nearly_ready,dry,midday_heat,32.33,62.45,151,138,243,269,0.8937,0.0,0.8658,ready,False,0,False
BH-LAT-026-030,HIVE-026,ESP32-1026,2026-03-17T00:00:00,117,21,0.8379,late_stage_nearly_ready,dry,midday_heat,32.32,61.65,152,144,243,272,0.8502,0.0,0.8277,ready,False,0,False
BH-LAT-026-031,HIVE-026,ESP32-1026,2026-03-17T06:00:00,118,19,0.8706,late_stage_nearly_ready,dry,midday_heat,32.2,62.68,149,137,247,276,0.8922,0.0,0.8641,ready,False,0,False
BH-LAT-026-032,HIVE-026,ESP32-1026,2026-03-17T12:00:00,118,17,0.8427,late_stage_nearly_ready,dry,midday_heat,31.81,62.34,151,145,240,264,0.8573,0.0,0.833,ready,False,0,False
BH-LAT-026-033,HIVE-026,ESP32-1026,2026-03-17T18:00:00,119,27,0.8444,late_stage_nearly_ready,dry,stable_clear,31.49,63.11,141,132,239,259,0.8677,0.0021,0.8409,ready,False,0,False
BH-LAT-026-034,HIVE-026,ESP32-1026,2026-03-18T00:00:00,119,24,0.8469,late_stage_nearly_ready,dry,stable_clear,31.39,64.29,139,129,230,258,0.8457,0.0,0.8233,ready,False,0,False
BH-LAT-026-035,HIVE-026,ESP32-1026,2026-03-18T06:00:00,120,28,0.8677,late_stage_nearly_ready,dry,stable_clear,31.74,62.89,148,128,238,257,0.8831,0.0061,0.8521,ready,False,0,False
BH-LAT-026-036,HIVE-026,ESP32-1026,2026-03-18T12:00:00,120,24,0.8545,late_stage_nearly_ready,dry,stable_clear,31.1,63.92,145,127,229,261,0.8313,0.0,0.8095,ready,False,0,False
BH-LAT-026-037,HIVE-026,ESP32-1026,2026-03-18T18:00:00,121,30,0.862,late_stage_nearly_ready,dry,stable_clear,31.01,64.25,143,124,233,251,0.8565,0.0,0.8331,ready,False,0,False
BH-LAT-026-038,HIVE-026,ESP32-1026,2026-03-19T00:00:00,121,22,0.8733,late_stage_nearly_ready,dry,stable_clear,30.99,63.82,140,124,231,246,0.8822,0.0,0.856,ready,False,0,False
BH-LAT-026-039,HIVE-026,ESP32-1026,2026-03-19T06:00:00,122,29,0.868,late_stage_nearly_ready,dry,midday_heat,31.9,63.23,147,130,240,265,0.8913,0.0,0.8616,ready,False,0,False
BH-LAT-026-040,HIVE-026,ESP32-1026,2026-03-19T12:00:00,123,23,0.8684,late_stage_nearly_ready,dry,midday_heat,32.72,63.69,160,136,245,269,0.8954,0.0264,0.8511,ready,False,0,False
BH-LAT-026-041,HIVE-026,ESP32-1026,2026-03-19T18:00:00,123,27,0.8647,late_stage_nearly_ready,dry,midday_heat,32.23,62.95,163,137,251,276,0.891,0.0,0.8625,ready,False,0,False
BH-LAT-026-042,HIVE-026,ESP32-1026,2026-03-20T00:00:00,124,30,0.9031,late_stage_nearly_ready,dry,midday_heat,32.76,62.57,159,140,253,269,0.8911,0.0146,0.8546,ready,False,0,False
BH-LAT-026-043,HIVE-026,ESP32-1026,2026-03-20T06:00:00,124,27,0.8752,late_stage_nearly_ready,dry,midday_heat,32.61,62.29,153,134,247,266,0.9106,0.0,0.8805,ready,False,0,False
BH-LAT-026-044,HIVE-026,ESP32-1026,2026-03-20T12:00:00,125,25,0.9137,late_stage_nearly_ready,dry,midday_heat,32.83,61.91,151,137,247,260,0.8879,0.0353,0.8411,ready,False,0,False
BH-LAT-026-045,HIVE-026,ESP32-1026,2026-03-20T18:00:00,125,33,0.9051,late_stage_nearly_ready,dry,stable_clear,31.68,63.28,148,135,245,248,0.8597,0.0,0.8334,ready,False,0,False
BH-LAT-026-046,HIVE-026,ESP32-1026,2026-03-21T00:00:00,126,35,0.9198,late_stage_nearly_ready,dry,midday_heat,32.07,62.96,145,138,242,252,0.9354,0.0,0.9021,ready,False,0,False
BH-LAT-026-047,HIVE-026,ESP32-1026,2026-03-21T06:00:00,126,31,0.9206,late_stage_nearly_ready,dry,stable_clear,31.53,63.81,146,131,238,242,0.8843,0.0126,0.8495,ready,False,0,False
BH-LAT-026-048,HIVE-026,ESP32-1026,2026-03-21T12:00:00,127,33,0.9125,late_stage_nearly_ready,dry,stable_clear,31.69,64.31,149,124,232,248,0.9335,0.0,0.9006,ready,False,0,False
BH-LAT-026-049,HIVE-026,ESP32-1026,2026-03-21T18:00:00,127,35,0.9211,late_stage_nearly_ready,dry,cloudy_stable,30.82,66.34,149,126,235,247,0.9086,0.0241,0.8635,ready,False,0,False
BH-LAT-026-050,HIVE-026,ESP32-1026,2026-03-22T00:00:00,128,32,0.914,late_stage_nearly_ready,dry,stable_clear,31.11,65.96,150,122,238,242,0.9072,0.0,0.8774,ready,False,0,False
BH-LAT-026-051,HIVE-026,ESP32-1026,2026-03-22T06:00:00,128,28,0.9008,late_stage_nearly_ready,dry,stable_clear,31.13,64.7,144,131,232,250,0.8696,0.0,0.8441,ready,False,0,False
BH-LAT-026-052,HIVE-026,ESP32-1026,2026-03-22T12:00:00,129,36,0.9143,late_stage_nearly_ready,dry,midday_heat,31.77,63.49,147,134,229,255,0.8839,0.0,0.8558,ready,False,0,False
BH-LAT-026-053,HIVE-026,ESP32-1026,2026-03-22T18:00:00,130,38,0.9318,late_stage_nearly_ready,dry,midday_heat,32.22,62.98,152,141,238,262,0.9011,0.0,0.8714,ready,False,0,False
BH-LAT-026-054,HIVE-026,ESP32-1026,2026-03-23T00:00:00,130,34,0.9213,late_stage_nearly_ready,dry,midday_heat,32.13,63.05,152,144,237,255,0.9297,0.0,0.8977,ready,False,0,False
BH-LAT-026-055,HIVE-026,ESP32-1026,2026-03-23T06:00:00,131,35,0.9225,late_stage_nearly_ready,dry,stable_clear,31.59,63.05,145,141,239,255,0.9396,0.0,0.9055,ready,False,0,False
BH-LAT-026-056,HIVE-026,ESP32-1026,2026-03-23T12:00:00,131,31,0.9226,late_stage_nearly_ready,dry,stable_clear,31.61,63.31,144,130,233,244,0.9072,0.0,0.8777,ready,False,0,False
BH-LAT-026-057,HIVE-026,ESP32-1026,2026-03-23T18:00:00,132,41,0.9341,late_stage_nearly_ready,dry,stable_clear,31.09,64.28,145,125,237,259,0.8944,0.0,0.8652,ready,False,0,False
BH-LAT-026-058,HIVE-026,ESP32-1026,2026-03-24T00:00:00,132,38,0.9452,late_stage_nearly_ready,dry,stable_clear,31.29,64.11,146,133,236,261,0.933,0.0,0.9003,ready,False,0,False
BH-LAT-026-059,HIVE-026,ESP32-1026,2026-03-24T06:00:00,133,40,0.9518,late_stage_nearly_ready,dry,midday_heat,31.71,64.55,152,142,235,265,0.9301,0.0,0.8971,ready,False,0,False
BH-LAT-026-060,HIVE-026,ESP32-1026,2026-03-24T12:00:00,133,36,0.9539,late_stage_nearly_ready,dry,cloudy_stable,31.07,67.19,156,148,249,267,0.9511,0.0225,0.9016,ready,False,0,False
BH-LAT-026-061,HIVE-026,ESP32-1026,2026-03-24T18:00:00,134,36,0.94,late_stage_nearly_ready,dry,stable_clear,31.08,67.49,147,140,249,263,0.9377,0.0123,0.8979,ready,False,0,False
BH-LAT-026-062,HIVE-026,ESP32-1026,2026-03-25T00:00:00,134,42,0.9502,late_stage_nearly_ready,dry,stable_clear,31.03,65.68,146,137,242,264,0.899,0.018,0.86,ready,False,0,False
BH-LAT-026-063,HIVE-026,ESP32-1026,2026-03-25T06:00:00,135,40,0.9507,late_stage_nearly_ready,dry,stable_clear,31.17,65.63,143,130,239,264,0.9237,0.0,0.8923,ready,False,0,False
BH-LAT-026-064,HIVE-026,ESP32-1026,2026-03-25T12:00:00,135,40,0.9766,late_stage_nearly_ready,dry,midday_heat,32.34,64.77,148,137,240,264,0.9091,0.006,0.8737,ready,False,0,False
BH-LAT-026-065,HIVE-026,ESP32-1026,2026-03-25T18:00:00,135,38,0.9656,late_stage_nearly_ready,dry,midday_heat,32.52,64.15,150,138,233,269,0.93,0.0,0.8975,ready,False,0,False
BH-LAT-026-066,HIVE-026,ESP32-1026,2026-03-26T00:00:00,136,37,0.9501,late_stage_nearly_ready,dry,midday_heat,32.32,63.14,150,139,235,264,0.9138,0.0022,0.8819,ready,False,0,False
BH-LAT-026-067,HIVE-026,ESP32-1026,2026-03-26T06:00:00,136,42,0.9612,late_stage_nearly_ready,dry,midday_heat,32.35,62.49,157,134,238,274,0.9526,0.0237,0.9045,ready,False,0,False
BH-LAT-026-068,HIVE-026,ESP32-1026,2026-03-26T12:00:00,137,42,0.9778,late_stage_nearly_ready,dry,midday_heat,32.71,61.72,151,139,241,272,0.9727,0.0094,0.9294,ready,False,0,False
BH-LAT-026-069,HIVE-026,ESP32-1026,2026-03-26T18:00:00,137,36,0.9521,late_stage_nearly_ready,dry,midday_heat,32.79,61.93,147,136,247,268,0.9369,0.0382,0.8829,ready,False,0,False
BH-LAT-026-070,HIVE-026,ESP32-1026,2026-03-27T00:00:00,138,38,0.9902,late_stage_nearly_ready,dry,midday_heat,32.69,61.96,145,132,251,267,0.9681,0.032,0.914,ready,False,0,False
BH-LAT-026-071,HIVE-026,ESP32-1026,2026-03-27T06:00:00,138,42,0.9792,late_stage_nearly_ready,dry,midday_heat,32.77,61.78,150,137,249,271,0.9446,0.0377,0.89,ready,False,0,False
BH-LAT-026-072,HIVE-026,ESP32-1026,2026-03-27T12:00:00,138,47,0.9603,late_stage_nearly_ready,dry,midday_heat,32.99,62.2,154,145,250,275,0.9563,0.0572,0.8891,ready,False,0,False
BH-LAT-026-073,HIVE-026,ESP32-1026,2026-03-27T18:00:00,139,39,0.9814,late_stage_nearly_ready,dry,midday_heat,32.96,62.32,151,146,249,265,0.9369,0.0395,0.8824,ready,False,0,False
BH-LAT-026-074,HIVE-026,ESP32-1026,2026-03-28T00:00:00,139,38,0.9724,late_stage_nearly_ready,dry,midday_heat,32.71,60.39,153,147,250,266,0.9244,0.0352,0.8726,ready,False,0,False
BH-LAT-026-075,HIVE-026,ESP32-1026,2026-03-28T06:00:00,139,38,0.9745,late_stage_nearly_ready,dry,cloudy_stable,31.55,62.65,154,137,249,270,0.9749,0.0096,0.929,ready,False,0,False
BH-LAT-026-076,HIVE-026,ESP32-1026,2026-03-28T12:00:00,140,46,0.9946,late_stage_nearly_ready,dry,cloudy_stable,30.8,63.34,155,135,244,272,0.9537,0.0,0.9173,ready,False,0,False
BH-LAT-026-077,HIVE-026,ESP32-1026,2026-03-28T18:00:00,140,42,0.9869,late_stage_nearly_ready,dry,cloudy_stable,30.77,63.28,151,139,247,267,0.9636,0.0,0.9277,ready,False,0,False
BH-LAT-026-078,HIVE-026,ESP32-1026,2026-03-29T00:00:00,140,45,0.9761,late_stage_nearly_ready,dry,stable_clear,30.69,62.78,151,135,236,246,0.989,0.0014,0.9487,ready,False,0,False
BH-LAT-026-079,HIVE-026,ESP32-1026,2026-03-29T06:00:00,140,42,0.9736,late_stage_nearly_ready,dry,midday_heat,31.78,61.74,154,142,236,252,0.9557,0.0077,0.9139,ready,False,0,False
BH-LAT-026-080,HIVE-026,ESP32-1026,2026-03-29T12:00:00,141,45,0.9858,late_stage_nearly_ready,dry,stable_clear,31.42,63.48,146,140,229,246,0.9307,0.0189,0.8868,ready,False,0,False
BH-LAT-026-081,HIVE-026,ESP32-1026,2026-03-29T18:00:00,141,49,0.9887,late_stage_nearly_ready,dry,midday_heat,31.78,62.73,153,144,229,255,0.9359,0.0059,0.8989,ready,False,0,False
BH-LAT-026-082,HIVE-026,ESP32-1026,2026-03-30T00:00:00,141,40,1.0,late_stage_nearly_ready,dry,midday_heat,32.22,62.74,154,135,229,257,0.9654,0.0,0.9285,ready,False,0,False
BH-LAT-026-083,HIVE-026,ESP32-1026,2026-03-30T06:00:00,141,49,0.9786,late_stage_nearly_ready,dry,cloudy_stable,31.67,65.62,150,140,232,258,0.9505,0.007,0.9099,ready,False,0,False
BH-LAT-026-084,HIVE-026,ESP32-1026,2026-03-30T12:00:00,141,42,1.0,late_stage_nearly_ready,dry,cloudy_stable,31.17,66.38,150,131,231,257,0.9623,0.0124,0.9184,ready,False,0,False
BH-LAT-026-085,HIVE-026,ESP32-1026,2026-03-30T18:00:00,142,51,1.0,late_stage_nearly_ready,dry,midday_heat,31.91,63.81,148,139,238,262,0.9668,0.0,0.9277,ready,False,0,False
BH-LAT-026-086,HIVE-026,ESP32-1026,2026-03-31T00:00:00,142,50,0.9855,late_stage_nearly_ready,dry,midday_heat,32.25,62.53,152,145,240,267,0.9535,0.0184,0.9074,ready,False,0,False
BH-LAT-026-087,HIVE-026,ESP32-1026,2026-03-31T06:00:00,142,50,0.9822,late_stage_nearly_ready,dry,stable_clear,31.92,63.33,150,138,235,254,0.9794,0.0074,0.9364,ready,False,0,False
BH-LAT-026-088,HIVE-026,ESP32-1026,2026-03-31T12:00:00,142,48,0.9796,late_stage_nearly_ready,dry,stable_clear,31.52,63.93,154,135,238,260,0.9238,0.0002,0.8915,ready,False,0,False
BH-LAT-026-089,HIVE-026,ESP32-1026,2026-03-31T18:00:00,142,51,0.9827,late_stage_nearly_ready,dry,stable_clear,31.25,65.33,152,127,230,255,0.9485,0.0,0.9131,ready,False,0,False
BH-LAT-026-090,HIVE-026,ESP32-1026,2026-04-01T00:00:00,142,51,1.0,late_stage_nearly_ready,dry,stable_clear,31.42,65.2,148,133,231,246,0.9846,0.0,0.9458,ready,False,0,False
BH-LAT-026-091,HIVE-026,ESP32-1026,2026-04-01T06:00:00,142,42,1.0,late_stage_nearly_ready,dry,stable_clear,32.25,62.72,149,138,238,255,0.9825,0.0,0.9414,ready,False,0,False
BH-LAT-027-000,HIVE-027,ESP32-1027,2026-04-07T16:00:00,116,16,0.7471,late_stage_nearly_ready,inter_monsoon,stable_clear,31.12,67.76,137,114,187,259,0.7771,0.0,0.7619,nearly_ready,False,0,False
BH-LAT-027-001,HIVE-027,ESP32-1027,2026-04-07T22:00:00,116,18,0.7711,late_stage_nearly_ready,inter_monsoon,stable_clear,31.16,68.24,138,127,180,274,0.823,0.0,0.8034,ready,False,0,False
BH-LAT-027-002,HIVE-027,ESP32-1027,2026-04-08T04:00:00,116,16,0.774,late_stage_nearly_ready,inter_monsoon,stable_clear,31.11,67.98,134,129,183,276,0.8402,0.0,0.819,ready,False,0,False
BH-LAT-027-003,HIVE-027,ESP32-1027,2026-04-08T10:00:00,116,11,0.7787,late_stage_nearly_ready,inter_monsoon,stable_clear,30.93,67.92,138,131,190,270,0.8426,0.0,0.8208,ready,False,0,False
BH-LAT-027-004,HIVE-027,ESP32-1027,2026-04-08T16:00:00,116,11,0.7771,late_stage_nearly_ready,inter_monsoon,stable_clear,31.93,65.92,139,134,198,283,0.7904,0.0,0.7723,nearly_ready,False,0,False
BH-LAT-027-005,HIVE-027,ESP32-1027,2026-04-08T22:00:00,116,8,0.7748,late_stage_nearly_ready,inter_monsoon,humid_rain,31.42,68.92,150,148,195,290,0.8023,0.018,0.7731,nearly_ready,False,0,False
BH-LAT-027-006,HIVE-027,ESP32-1027,2026-04-09T04:00:00,116,8,0.7555,late_stage_nearly_ready,inter_monsoon,humid_rain,30.7,72.1,150,149,195,295,0.7958,0.0,0.7773,nearly_ready,False,0,False
BH-LAT-027-007,HIVE-027,ESP32-1027,2026-04-09T10:00:00,117,9,0.7682,late_stage_nearly_ready,inter_monsoon,humid_rain,30.55,73.84,146,146,203,293,0.8302,0.0,0.8092,ready,False,0,False
BH-LAT-027-008,HIVE-027,ESP32-1027,2026-04-09T16:00:00,117,11,0.7881,late_stage_nearly_ready,inter_monsoon,humid_rain,30.42,74.95,158,148,204,293,0.8434,0.0,0.8212,ready,False,0,False
BH-LAT-027-009,HIVE-027,ESP32-1027,2026-04-09T22:00:00,117,13,0.7628,late_stage_nearly_ready,inter_monsoon,humid_rain,30.33,75.26,157,146,206,300,0.8018,0.0186,0.7749,nearly_ready,False,0,False
BH-LAT-027-010,HIVE-027,ESP32-1027,2026-04-10T04:00:00,117,16,0.7698,late_stage_nearly_ready,inter_monsoon,humid_rain,30.4,73.8,161,149,214,311,0.7977,0.021,0.7693,nearly_ready,False,0,False
BH-LAT-027-011,HIVE-027,ESP32-1027,2026-04-10T10:00:00,117,19,0.7848,late_stage_nearly_ready,inter_monsoon,stable_clear,30.79,69.89,154,150,214,300,0.8549,0.0,0.8295,ready,False,0,False
BH-LAT-027-012,HIVE-027,ESP32-1027,2026-04-10T16:00:00,118,17,0.775,late_stage_nearly_ready,inter_monsoon,post_rain,30.31,71.2,163,147,218,310,0.8468,0.0,0.8232,ready,False,0,False
BH-LAT-027-013,HIVE-027,ESP32-1027,2026-04-10T22:00:00,118,13,0.7722,late_stage_nearly_ready,inter_monsoon,post_rain,30.09,72.2,155,149,204,311,0.8423,0.0,0.8199,ready,False,0,False
BH-LAT-027-014,HIVE-027,ESP32-1027,2026-04-11T04:00:00,118,13,0.7579,late_stage_nearly_ready,inter_monsoon,cloudy_stable,30.55,69.99,153,151,210,307,0.8283,0.0198,0.7958,nearly_ready,False,0,False
BH-LAT-027-015,HIVE-027,ESP32-1027,2026-04-11T10:00:00,119,21,0.7897,late_stage_nearly_ready,inter_monsoon,cloudy_stable,30.94,69.37,144,142,195,294,0.8349,0.0092,0.8079,ready,False,0,False
BH-LAT-027-016,HIVE-027,ESP32-1027,2026-04-11T16:00:00,119,17,0.792,late_stage_nearly_ready,inter_monsoon,humid_rain,30.41,74.25,151,137,201,279,0.8156,0.0,0.7939,nearly_ready,False,0,False
BH-LAT-027-018,HIVE-027,ESP32-1027,2026-04-12T04:00:00,120,17,0.8002,late_stage_nearly_ready,inter_monsoon,humid_rain,32.92,72.19,149,146,232,305,0.8444,0.0725,0.7754,nearly_ready,False,0,False
BH-LAT-027-019,HIVE-027,ESP32-1027,2026-04-12T10:00:00,120,22,0.7826,late_stage_nearly_ready,inter_monsoon,cloudy_stable,31.74,70.71,147,141,207,284,0.7927,0.0,0.7738,nearly_ready,False,0,False
BH-LAT-027-020,HIVE-027,ESP32-1027,2026-04-12T16:00:00,120,18,0.7958,late_stage_nearly_ready,inter_monsoon,cloudy_stable,31.36,70.29,147,141,198,283,0.8149,0.0,0.796,nearly_ready,False,0,False
BH-LAT-027-021,HIVE-027,ESP32-1027,2026-04-12T22:00:00,121,17,0.7924,late_stage_nearly_ready,inter_monsoon,cloudy_stable,30.84,70.55,145,139,197,274,0.8414,0.0013,0.8184,ready,False,0,False
BH-LAT-027-022,HIVE-027,ESP32-1027,2026-04-13T04:00:00,121,18,0.7731,late_stage_nearly_ready,inter_monsoon,post_rain,30.46,71.78,141,138,185,282,0.8322,0.0,0.8106,ready,False,0,False
BH-LAT-027-023,HIVE-027,ESP32-1027,2026-04-13T10:00:00,122,14,0.7967,late_stage_nearly_ready,inter_monsoon,post_rain,30.45,72.14,138,138,199,278,0.8336,0.0072,0.8091,ready,False,0,False
BH-LAT-027-024,HIVE-027,ESP32-1027,2026-04-13T16:00:00,122,14,0.8081,late_stage_nearly_ready,inter_monsoon,post_rain,30.33,72.85,144,148,197,282,0.8601,0.0,0.8359,ready,False,0,False
BH-LAT-027-025,HIVE-027,ESP32-1027,2026-04-13T22:00:00,122,14,0.7928,late_stage_nearly_ready,inter_monsoon,post_rain,30.54,72.81,147,145,198,281,0.8372,0.0,0.8162,ready,False,0,False
BH-LAT-027-026,HIVE-027,ESP32-1027,2026-04-14T04:00:00,123,22,0.7927,late_stage_nearly_ready,inter_monsoon,post_rain,30.29,72.88,145,146,199,288,0.809,0.0082,0.7867,nearly_ready,False,0,False
BH-LAT-027-027,HIVE-027,ESP32-1027,2026-04-14T10:00:00,123,23,0.8012,late_stage_nearly_ready,inter_monsoon,post_rain,30.52,74.11,146,150,199,296,0.8653,0.0,0.8402,ready,False,0,False
BH-LAT-027-028,HIVE-027,ESP32-1027,2026-04-14T16:00:00,124,21,0.7968,late_stage_nearly_ready,inter_monsoon,post_rain,30.76,74.22,152,147,205,279,0.8471,0.0,0.8245,ready,False,0,False
BH-LAT-027-029,HIVE-027,ESP32-1027,2026-04-14T22:00:00,124,22,0.7976,late_stage_nearly_ready,inter_monsoon,post_rain,30.54,75.33,150,152,208,281,0.8192,0.0082,0.7953,nearly_ready,False,0,False
BH-LAT-027-030,HIVE-027,ESP32-1027,2026-04-15T04:00:00,125,18,0.8285,late_stage_nearly_ready,inter_monsoon,post_rain,30.55,74.93,150,150,209,289,0.8492,0.0,0.827,ready,False,0,False
BH-LAT-027-031,HIVE-027,ESP32-1027,2026-04-15T10:00:00,125,25,0.7971,late_stage_nearly_ready,inter_monsoon,cloudy_stable,30.72,72.17,147,137,200,281,0.8444,0.0108,0.815,ready,False,0,False
BH-LAT-027-033,HIVE-027,ESP32-1027,2026-04-15T22:00:00,126,22,0.8266,late_stage_nearly_ready,inter_monsoon,stable_clear,29.41,75.14,163,168,212,262,0.8632,0.0424,0.8079,ready,False,0,False
BH-LAT-027-034,HIVE-027,ESP32-1027,2026-04-16T04:00:00,127,29,0.8202,late_stage_nearly_ready,inter_monsoon,stable_clear,30.0,72.4,153,151,201,276,0.8416,0.0142,0.8095,ready,False,0,False
BH-LAT-027-035,HIVE-027,ESP32-1027,2026-04-16T10:00:00,128,22,0.839,late_stage_nearly_ready,inter_monsoon,stable_clear,30.46,69.86,140,141,201,300,0.8749,0.0,0.8471,ready,False,0,False
BH-LAT-027-036,HIVE-027,ESP32-1027,2026-04-16T16:00:00,128,30,0.8079,late_stage_nearly_ready,inter_monsoon,stable_clear,30.81,68.9,144,139,208,285,0.8205,0.0,0.8005,ready,False,0,False
BH-LAT-027-037,HIVE-027,ESP32-1027,2026-04-16T22:00:00,129,31,0.8484,late_stage_nearly_ready,inter_monsoon,stable_clear,30.78,67.59,144,146,209,281,0.8538,0.0,0.8305,ready,False,0,False
BH-LAT-027-038,HIVE-027,ESP32-1027,2026-04-17T04:00:00,129,23,0.8427,late_stage_nearly_ready,inter_monsoon,stable_clear,30.99,67.04,147,147,203,281,0.8645,0.014,0.8322,ready,False,0,False
BH-LAT-027-039,HIVE-027,ESP32-1027,2026-04-17T10:00:00,130,22,0.8448,late_stage_nearly_ready,inter_monsoon,stable_clear,30.56,67.47,154,145,207,298,0.9077,0.0074,0.8732,ready,False,0,False
BH-LAT-027-041,HIVE-027,ESP32-1027,2026-04-17T22:00:00,131,25,0.8254,late_stage_nearly_ready,inter_monsoon,cloudy_stable,31.42,74.86,186,125,244,274,0.8394,0.0163,0.8054,ready,False,1,False
BH-LAT-027-042,HIVE-027,ESP32-1027,2026-04-18T04:00:00,131,26,0.8355,late_stage_nearly_ready,inter_monsoon,cloudy_stable,31.74,71.82,161,130,217,276,0.8725,0.0217,0.8328,ready,False,0,False
BH-LAT-027-043,HIVE-027,ESP32-1027,2026-04-18T10:00:00,132,34,0.8621,late_stage_nearly_ready,inter_monsoon,cloudy_stable,31.67,70.13,154,132,196,284,0.8585,0.0,0.834,ready,False,0,False
BH-LAT-027-044,HIVE-027,ESP32-1027,2026-04-18T16:00:00,133,27,0.8354,late_stage_nearly_ready,inter_monsoon,cloudy_stable,31.16,69.45,149,136,189,278,0.8682,0.0162,0.8335,ready,False,0,False
BH-LAT-027-045,HIVE-027,ESP32-1027,2026-04-18T22:00:00,133,30,0.8383,late_stage_nearly_ready,inter_monsoon,post_rain,30.65,70.9,152,136,199,290,0.863,0.0074,0.8334,ready,False,0,False
BH-LAT-027-046,HIVE-027,ESP32-1027,2026-04-19T04:00:00,134,32,0.8586,late_stage_nearly_ready,inter_monsoon,post_rain,30.78,72.0,149,138,199,286,0.9112,0.0,0.8809,ready,False,0,False
BH-LAT-027-047,HIVE-027,ESP32-1027,2026-04-19T10:00:00,134,29,0.878,late_stage_nearly_ready,inter_monsoon,stable_clear,31.02,69.92,146,134,196,282,0.9171,0.0,0.8854,ready,False,0,False
BH-LAT-027-048,HIVE-027,ESP32-1027,2026-04-19T16:00:00,135,32,0.8706,late_stage_nearly_ready,inter_monsoon,stable_clear,31.0,68.82,140,136,191,285,0.8974,0.0,0.8689,ready,False,0,False
BH-LAT-027-049,HIVE-027,ESP32-1027,2026-04-19T22:00:00,136,35,0.8525,late_stage_nearly_ready,inter_monsoon,stable_clear,30.99,67.56,137,136,182,275,0.8698,0.0,0.8445,ready,False,0,False
BH-LAT-027-050,HIVE-027,ESP32-1027,2026-04-20T04:00:00,136,35,0.8652,late_stage_nearly_ready,inter_monsoon,stable_clear,31.84,68.99,145,135,194,288,0.8697,0.0,0.8425,ready,False,0,False
BH-LAT-027-051,HIVE-027,ESP32-1027,2026-04-20T10:00:00,137,29,0.8724,late_stage_nearly_ready,inter_monsoon,stable_clear,32.17,68.43,150,136,200,283,0.8874,0.0,0.8597,ready,False,0,False
BH-LAT-027-052,HIVE-027,ESP32-1027,2026-04-20T16:00:00,137,39,0.8762,late_stage_nearly_ready,inter_monsoon,stable_clear,31.86,68.19,148,134,199,273,0.9236,0.0,0.8919,ready,False,0,False
BH-LAT-027-053,HIVE-027,ESP32-1027,2026-04-20T22:00:00,138,34,0.8935,late_stage_nearly_ready,inter_monsoon,stable_clear,31.44,68.38,141,133,202,268,0.8747,0.0034,0.8467,ready,False,0,False
BH-LAT-027-054,HIVE-027,ESP32-1027,2026-04-21T04:00:00,138,36,0.8677,late_stage_nearly_ready,inter_monsoon,cloudy_stable,31.25,69.69,152,133,200,270,0.9077,0.015,0.8693,ready,False,0,False
BH-LAT-027-055,HIVE-027,ESP32-1027,2026-04-21T10:00:00,139,35,0.8893,late_stage_nearly_ready,inter_monsoon,cloudy_stable,31.17,69.72,149,134,194,284,0.9174,0.0,0.8868,ready,False,0,False
BH-LAT-027-056,HIVE-027,ESP32-1027,2026-04-21T16:00:00,139,34,0.8713,late_stage_nearly_ready,inter_monsoon,stable_clear,32.27,69.46,153,131,187,275,0.915,0.0,0.8825,ready,False,0,False
BH-LAT-027-057,HIVE-027,ESP32-1027,2026-04-21T22:00:00,140,32,0.89,late_stage_nearly_ready,inter_monsoon,stable_clear,32.04,69.69,151,139,191,286,0.9377,0.0,0.9042,ready,False,0,False
BH-LAT-027-058,HIVE-027,ESP32-1027,2026-04-22T04:00:00,141,41,0.8802,late_stage_nearly_ready,inter_monsoon,stable_clear,32.29,69.39,155,137,195,292,0.8887,0.0068,0.8574,ready,False,0,False
BH-LAT-027-059,HIVE-027,ESP32-1027,2026-04-22T10:00:00,141,37,0.8737,late_stage_nearly_ready,inter_monsoon,stable_clear,32.21,68.67,149,137,199,287,0.8784,0.0,0.8523,ready,False,0,False
BH-LAT-027-060,HIVE-027,ESP32-1027,2026-04-22T16:00:00,142,40,0.8757,late_stage_nearly_ready,inter_monsoon,humid_rain,31.75,73.29,155,145,205,295,0.9247,0.0,0.8902,ready,False,0,False
BH-LAT-027-061,HIVE-027,ESP32-1027,2026-04-22T22:00:00,142,41,0.9141,late_stage_nearly_ready,inter_monsoon,humid_rain,31.56,74.74,161,143,215,300,0.9109,0.0093,0.8751,ready,False,0,False
BH-LAT-027-062,HIVE-027,ESP32-1027,2026-04-23T04:00:00,143,44,0.9177,late_stage_nearly_ready,inter_monsoon,humid_rain,31.06,75.26,164,142,212,303,0.9602,0.0,0.9236,ready,False,0,False
BH-LAT-027-063,HIVE-027,ESP32-1027,2026-04-23T10:00:00,143,35,0.8921,late_stage_nearly_ready,inter_monsoon,humid_rain,30.59,76.28,164,146,210,305,0.9167,0.015,0.8768,ready,False,0,False
BH-LAT-027-064,HIVE-027,ESP32-1027,2026-04-23T16:00:00,144,41,0.9086,late_stage_nearly_ready,inter_monsoon,humid_rain,30.18,76.63,162,137,213,293,0.9547,0.0025,0.9174,ready,False,0,False
BH-LAT-027-065,HIVE-027,ESP32-1027,2026-04-23T22:00:00,144,46,0.9169,late_stage_nearly_ready,inter_monsoon,humid_rain,30.11,76.06,162,142,217,285,0.95,0.0021,0.9141,ready,False,0,False
BH-LAT-027-066,HIVE-027,ESP32-1027,2026-04-24T04:00:00,145,40,0.905,late_stage_nearly_ready,inter_monsoon,humid_rain,30.43,75.46,160,151,215,282,0.927,0.0044,0.8921,ready,False,0,False
BH-LAT-027-067,HIVE-027,ESP32-1027,2026-04-24T10:00:00,145,44,0.9237,late_stage_nearly_ready,inter_monsoon,stable_clear,31.0,71.31,149,136,208,282,0.9327,0.0138,0.8895,ready,False,0,False
BH-LAT-027-068,HIVE-027,ESP32-1027,2026-04-24T16:00:00,145,42,0.9031,late_stage_nearly_ready,inter_monsoon,post_rain,30.69,73.69,149,135,203,282,0.9002,0.0,0.8704,ready,False,0,False
BH-LAT-027-069,HIVE-027,ESP32-1027,2026-04-24T22:00:00,146,42,0.9267,late_stage_nearly_ready,inter_monsoon,post_rain,31.04,73.65,152,137,196,295,0.9139,0.0,0.8832,ready,False,0,False
BH-LAT-027-070,HIVE-027,ESP32-1027,2026-04-25T04:00:00,146,44,0.9141,late_stage_nearly_ready,inter_monsoon,cloudy_stable,31.23,71.49,147,137,200,285,0.9211,0.0,0.8888,ready,False,0,False
BH-LAT-027-071,HIVE-027,ESP32-1027,2026-04-25T10:00:00,147,47,0.9178,late_stage_nearly_ready,inter_monsoon,humid_rain,30.9,73.29,154,141,204,280,0.908,0.0112,0.871,ready,False,0,False
BH-LAT-027-072,HIVE-027,ESP32-1027,2026-04-25T16:00:00,147,47,0.9318,late_stage_nearly_ready,inter_monsoon,stable_clear,31.58,70.52,155,143,209,297,0.9261,0.0193,0.8814,ready,False,0,False
BH-LAT-027-073,HIVE-027,ESP32-1027,2026-04-25T22:00:00,147,43,0.9135,late_stage_nearly_ready,inter_monsoon,stable_clear,32.01,68.16,157,144,198,295,0.9424,0.0,0.9072,ready,False,0,False
BH-LAT-027-074,HIVE-027,ESP32-1027,2026-04-26T04:00:00,148,44,0.9199,late_stage_nearly_ready,inter_monsoon,post_rain,32.12,70.7,160,149,212,280,0.9486,0.0,0.9129,ready,False,0,False
BH-LAT-027-075,HIVE-027,ESP32-1027,2026-04-26T10:00:00,148,46,0.9371,late_stage_nearly_ready,inter_monsoon,post_rain,32.01,72.14,160,150,213,298,0.9174,0.0181,0.8763,ready,False,0,False
BH-LAT-027-076,HIVE-027,ESP32-1027,2026-04-26T16:00:00,148,47,0.9258,late_stage_nearly_ready,inter_monsoon,post_rain,32.13,72.57,165,148,220,296,0.9531,0.0,0.918,ready,False,0,False
BH-LAT-027-077,HIVE-027,ESP32-1027,2026-04-26T22:00:00,149,51,0.9336,late_stage_nearly_ready,inter_monsoon,post_rain,31.36,73.03,163,138,214,293,0.9276,0.0065,0.8906,ready,False,0,False
BH-LAT-027-078,HIVE-027,ESP32-1027,2026-04-27T04:00:00,149,49,0.9425,late_stage_nearly_ready,inter_monsoon,post_rain,31.01,73.03,159,140,212,287,0.9551,0.0,0.9196,ready,False,0,False
BH-LAT-027-079,HIVE-027,ESP32-1027,2026-04-27T10:00:00,149,49,0.9422,late_stage_nearly_ready,inter_monsoon,post_rain,30.49,73.41,153,133,193,288,0.9698,0.0,0.9316,ready,False,0,False
BH-LAT-027-080,HIVE-027,ESP32-1027,2026-04-27T16:00:00,150,49,0.9495,late_stage_nearly_ready,inter_monsoon,stable_clear,31.0,70.6,145,136,201,285,0.9335,0.0184,0.8886,ready,False,0,False
BH-LAT-027-081,HIVE-027,ESP32-1027,2026-04-27T22:00:00,150,50,0.9486,late_stage_nearly_ready,inter_monsoon,post_rain,30.73,73.57,147,137,203,286,0.9152,0.0182,0.8734,ready,False,0,False
BH-LAT-027-082,HIVE-027,ESP32-1027,2026-04-28T04:00:00,150,50,0.92,late_stage_nearly_ready,inter_monsoon,post_rain,31.17,73.22,154,129,211,292,0.9562,0.0,0.9199,ready,False,0,False
BH-LAT-027-083,HIVE-027,ESP32-1027,2026-04-28T10:00:00,150,49,0.9569,late_stage_nearly_ready,inter_monsoon,post_rain,31.13,73.53,150,133,208,288,0.9846,0.0,0.946,ready,False,0,False
BH-LAT-027-084,HIVE-027,ESP32-1027,2026-04-28T16:00:00,150,42,0.9522,late_stage_nearly_ready,inter_monsoon,stable_clear,31.45,70.75,150,132,200,285,0.9199,0.0163,0.8785,ready,False,0,False
BH-LAT-027-085,HIVE-027,ESP32-1027,2026-04-28T22:00:00,151,43,0.9553,late_stage_nearly_ready,inter_monsoon,stable_clear,31.67,69.67,155,131,193,281,0.9365,0.0055,0.8999,ready,False,0,False
BH-LAT-027-086,HIVE-027,ESP32-1027,2026-04-29T04:00:00,151,50,0.9207,late_stage_nearly_ready,inter_monsoon,stable_clear,31.56,68.05,154,133,188,285,0.97,0.0,0.9324,ready,False,0,False
BH-LAT-027-087,HIVE-027,ESP32-1027,2026-04-29T10:00:00,151,53,0.9318,late_stage_nearly_ready,inter_monsoon,stable_clear,31.68,67.71,151,129,186,288,0.9693,0.0,0.9324,ready,False,0,False
BH-LAT-027-088,HIVE-027,ESP32-1027,2026-04-29T16:00:00,151,43,0.9443,late_stage_nearly_ready,inter_monsoon,stable_clear,31.65,67.0,152,132,200,285,0.9336,0.0,0.9009,ready,False,0,False
BH-LAT-027-089,HIVE-027,ESP32-1027,2026-04-29T22:00:00,151,48,0.9454,late_stage_nearly_ready,inter_monsoon,post_rain,31.23,70.24,155,135,206,290,0.9401,0.0076,0.9004,ready,False,0,False
BH-LAT-027-090,HIVE-027,ESP32-1027,2026-04-30T04:00:00,151,50,0.9528,late_stage_nearly_ready,inter_monsoon,post_rain,30.52,72.53,155,141,208,289,0.9267,0.0232,0.8801,ready,False,0,False
BH-LAT-027-091,HIVE-027,ESP32-1027,2026-04-30T10:00:00,151,48,0.938,late_stage_nearly_ready,inter_monsoon,post_rain,31.31,75.65,157,147,218,292,0.9278,0.0,0.8931,ready,False,0,False
BH-LAT-028-000,HIVE-028,ESP32-1028,2026-01-20T08:00:00,83,11,0.6882,late_stage_nearly_ready,inter_monsoon,post_rain,30.81,70.74,129,118,209,264,0.7353,0.0098,0.7197,nearly_ready,False,0,False
BH-LAT-028-001,HIVE-028,ESP32-1028,2026-01-20T14:00:00,83,15,0.6901,late_stage_nearly_ready,inter_monsoon,post_rain,30.92,72.73,138,120,210,279,0.748,0.0055,0.7337,nearly_ready,False,0,False
BH-LAT-028-002,HIVE-028,ESP32-1028,2026-01-20T20:00:00,83,15,0.7247,late_stage_nearly_ready,inter_monsoon,post_rain,30.89,73.55,134,121,205,274,0.7774,0.0,0.7634,nearly_ready,False,0,False
BH-LAT-028-003,HIVE-028,ESP32-1028,2026-01-21T02:00:00,83,10,0.6946,late_stage_nearly_ready,inter_monsoon,stable_clear,31.32,70.96,130,117,206,279,0.719,0.0,0.7105,nearly_ready,False,0,False
BH-LAT-028-004,HIVE-028,ESP32-1028,2026-01-21T08:00:00,83,13,0.7176,late_stage_nearly_ready,inter_monsoon,stable_clear,31.36,69.9,130,118,193,275,0.7656,0.0,0.7529,nearly_ready,False,0,False
BH-LAT-028-005,HIVE-028,ESP32-1028,2026-01-21T14:00:00,83,15,0.6932,late_stage_nearly_ready,inter_monsoon,stable_clear,31.02,69.37,127,121,206,275,0.7105,0.0,0.704,nearly_ready,False,0,False
BH-LAT-028-006,HIVE-028,ESP32-1028,2026-01-21T20:00:00,83,9,0.7138,late_stage_nearly_ready,inter_monsoon,stable_clear,31.0,69.21,134,113,205,265,0.7488,0.0,0.7384,nearly_ready,False,0,False
BH-LAT-028-007,HIVE-028,ESP32-1028,2026-01-22T02:00:00,83,9,0.7167,late_stage_nearly_ready,inter_monsoon,stable_clear,31.21,68.16,132,111,210,256,0.7564,0.0,0.7445,nearly_ready,False,0,False
BH-LAT-028-008,HIVE-028,ESP32-1028,2026-01-22T08:00:00,83,14,0.7262,late_stage_nearly_ready,inter_monsoon,stable_clear,31.36,67.57,134,118,207,266,0.7505,0.0,0.7395,nearly_ready,False,0,False
BH-LAT-028-009,HIVE-028,ESP32-1028,2026-01-22T14:00:00,84,19,0.7111,late_stage_nearly_ready,inter_monsoon,stable_clear,31.35,67.88,132,115,206,260,0.7596,0.0,0.7481,nearly_ready,False,0,False
BH-LAT-028-010,HIVE-028,ESP32-1028,2026-01-22T20:00:00,84,18,0.7093,late_stage_nearly_ready,inter_monsoon,post_rain,31.0,70.82,131,122,213,272,0.7556,0.0035,0.7405,nearly_ready,False,0,False
BH-LAT-028-012,HIVE-028,ESP32-1028,2026-01-23T08:00:00,84,14,0.7037,late_stage_nearly_ready,inter_monsoon,post_rain,32.26,77.64,160,148,207,253,0.7199,0.0132,0.6983,nearly_ready,False,0,False
BH-LAT-028-013,HIVE-028,ESP32-1028,2026-01-23T14:00:00,84,15,0.7187,late_stage_nearly_ready,inter_monsoon,cloudy_stable,31.33,73.0,147,135,212,276,0.7364,0.0198,0.7123,nearly_ready,False,0,False
BH-LAT-028-014,HIVE-028,ESP32-1028,2026-01-23T20:00:00,84,10,0.6965,late_stage_nearly_ready,inter_monsoon,cloudy_stable,31.63,72.52,143,127,219,278,0.7424,0.0146,0.7241,nearly_ready,False,0,False
BH-LAT-028-015,HIVE-028,ESP32-1028,2026-01-24T02:00:00,85,10,0.7125,late_stage_nearly_ready,inter_monsoon,cloudy_stable,32.03,71.33,146,125,228,283,0.7772,0.0147,0.7542,nearly_ready,False,0,False
BH-LAT-028-016,HIVE-028,ESP32-1028,2026-01-24T08:00:00,85,12,0.7309,late_stage_nearly_ready,inter_monsoon,cloudy_stable,32.15,71.31,146,126,221,280,0.7776,0.0,0.7639,nearly_ready,False,0,False
BH-LAT-028-017,HIVE-028,ESP32-1028,2026-01-24T14:00:00,85,15,0.7197,late_stage_nearly_ready,inter_monsoon,cloudy_stable,32.81,71.31,146,131,218,287,0.7232,0.0007,0.7145,nearly_ready,False,0,False
BH-LAT-028-018,HIVE-028,ESP32-1028,2026-01-24T20:00:00,85,20,0.7137,late_stage_nearly_ready,inter_monsoon,stable_clear,32.54,70.47,146,134,217,287,0.7836,0.0242,0.7552,nearly_ready,False,0,False
BH-LAT-028-019,HIVE-028,ESP32-1028,2026-01-25T02:00:00,85,17,0.7066,late_stage_nearly_ready,inter_monsoon,stable_clear,31.62,68.32,138,126,208,275,0.7447,0.0,0.7319,nearly_ready,False,0,False
BH-LAT-028-020,HIVE-028,ESP32-1028,2026-01-25T08:00:00,86,14,0.7294,late_stage_nearly_ready,inter_monsoon,post_rain,30.76,70.57,135,132,215,277,0.7729,0.0,0.7571,nearly_ready,False,0,False
BH-LAT-028-021,HIVE-028,ESP32-1028,2026-01-25T14:00:00,86,17,0.7181,late_stage_nearly_ready,inter_monsoon,cloudy_stable,31.15,70.34,139,125,208,280,0.7794,0.0029,0.7631,nearly_ready,False,0,False
BH-LAT-028-022,HIVE-028,ESP32-1028,2026-01-25T20:00:00,86,20,0.7189,late_stage_nearly_ready,inter_monsoon,stable_clear,31.27,68.35,136,127,212,273,0.7457,0.0,0.7348,nearly_ready,False,0,False
BH-LAT-028-023,HIVE-028,ESP32-1028,2026-01-26T02:00:00,87,21,0.7428,late_stage_nearly_ready,inter_monsoon,stable_clear,31.11,68.04,135,122,209,273,0.7562,0.0074,0.7407,nearly_ready,False,0,False
BH-LAT-028-024,HIVE-028,ESP32-1028,2026-01-26T08:00:00,87,13,0.7522,late_stage_nearly_ready,inter_monsoon,stable_clear,30.9,67.6,132,120,213,269,0.7955,0.0013,0.7786,nearly_ready,False,0,False
BH-LAT-028-025,HIVE-028,ESP32-1028,2026-01-26T14:00:00,87,15,0.7529,late_stage_nearly_ready,inter_monsoon,stable_clear,31.44,67.83,140,114,202,273,0.7643,0.0061,0.7476,nearly_ready,False,0,False
BH-LAT-028-026,HIVE-028,ESP32-1028,2026-01-26T20:00:00,87,12,0.7538,late_stage_nearly_ready,inter_monsoon,humid_rain,31.08,72.02,136,120,212,285,0.788,0.0,0.7703,nearly_ready,False,0,False
BH-LAT-028-027,HIVE-028,ESP32-1028,2026-01-27T02:00:00,88,13,0.7509,late_stage_nearly_ready,inter_monsoon,humid_rain,30.58,74.01,145,120,216,277,0.7749,0.0,0.7596,nearly_ready,False,0,False
BH-LAT-028-028,HIVE-028,ESP32-1028,2026-01-27T08:00:00,88,21,0.7423,late_stage_nearly_ready,inter_monsoon,post_rain,30.35,75.76,146,122,216,293,0.7837,0.0026,0.7667,nearly_ready,False,0,False
BH-LAT-028-029,HIVE-028,ESP32-1028,2026-01-27T14:00:00,88,15,0.7622,late_stage_nearly_ready,inter_monsoon,post_rain,30.02,76.67,145,125,218,284,0.7735,0.0068,0.7556,nearly_ready,False,0,False
BH-LAT-028-030,HIVE-028,ESP32-1028,2026-01-27T20:00:00,89,14,0.7336,late_stage_nearly_ready,inter_monsoon,post_rain,30.02,77.21,135,126,214,293,0.7815,0.0,0.7671,nearly_ready,False,0,False
BH-LAT-028-031,HIVE-028,ESP32-1028,2026-01-28T02:00:00,89,24,0.7297,late_stage_nearly_ready,inter_monsoon,post_rain,30.42,77.94,145,132,223,297,0.7863,0.0,0.7703,nearly_ready,False,0,False
BH-LAT-028-032,HIVE-028,ESP32-1028,2026-01-28T08:00:00,89,23,0.7527,late_stage_nearly_ready,inter_monsoon,post_rain,30.32,76.95,137,128,224,295,0.7853,0.0164,0.7611,nearly_ready,False,0,False
BH-LAT-028-033,HIVE-028,ESP32-1028,2026-01-28T14:00:00,90,18,0.7577,late_stage_nearly_ready,inter_monsoon,post_rain,30.36,75.94,142,123,222,289,0.7858,0.0,0.7707,nearly_ready,False,0,False
BH-LAT-028-034,HIVE-028,ESP32-1028,2026-01-28T20:00:00,90,17,0.7686,late_stage_nearly_ready,inter_monsoon,post_rain,30.69,75.22,145,121,218,287,0.773,0.0,0.759,nearly_ready,False,0,False
BH-LAT-028-035,HIVE-028,ESP32-1028,2026-01-29T02:00:00,90,15,0.7748,late_stage_nearly_ready,inter_monsoon,post_rain,30.44,75.11,152,121,216,287,0.7637,0.0034,0.7494,nearly_ready,False,0,False
BH-LAT-028-036,HIVE-028,ESP32-1028,2026-01-29T08:00:00,91,23,0.7502,late_stage_nearly_ready,inter_monsoon,post_rain,30.23,75.36,150,127,225,285,0.7596,0.0,0.7476,nearly_ready,False,0,False
BH-LAT-028-037,HIVE-028,ESP32-1028,2026-01-29T14:00:00,91,22,0.7665,late_stage_nearly_ready,inter_monsoon,post_rain,30.6,75.21,143,129,208,277,0.8106,0.0,0.7921,nearly_ready,False,0,False
BH-LAT-028-038,HIVE-028,ESP32-1028,2026-01-29T20:00:00,91,22,0.7496,late_stage_nearly_ready,inter_monsoon,stable_clear,30.81,70.62,136,132,206,267,0.7921,0.0,0.7741,nearly_ready,False,0,False
BH-LAT-028-039,HIVE-028,ESP32-1028,2026-01-30T02:00:00,92,24,0.7621,late_stage_nearly_ready,inter_monsoon,stable_clear,30.66,68.9,135,124,214,259,0.7983,0.0,0.781,nearly_ready,False,0,False
BH-LAT-028-040,HIVE-028,ESP32-1028,2026-01-30T08:00:00,92,25,0.7704,late_stage_nearly_ready,inter_monsoon,stable_clear,31.37,68.95,131,124,217,268,0.7901,0.015,0.7654,nearly_ready,False,0,False
BH-LAT-028-041,HIVE-028,ESP32-1028,2026-01-30T14:00:00,92,25,0.7823,late_stage_nearly_ready,inter_monsoon,stable_clear,31.0,67.48,139,125,220,280,0.8201,0.0,0.7999,nearly_ready,False,0,False
BH-LAT-028-042,HIVE-028,ESP32-1028,2026-01-30T20:00:00,93,23,0.758,late_stage_nearly_ready,inter_monsoon,stable_clear,31.13,66.54,140,121,219,277,0.7657,0.0,0.753,nearly_ready,False,0,False
BH-LAT-028-043,HIVE-028,ESP32-1028,2026-01-31T02:00:00,93,26,0.7789,late_stage_nearly_ready,inter_monsoon,stable_clear,31.22,66.11,137,124,217,282,0.7726,0.0082,0.7548,nearly_ready,False,0,False
BH-LAT-028-044,HIVE-028,ESP32-1028,2026-01-31T08:00:00,93,24,0.7642,late_stage_nearly_ready,inter_monsoon,humid_rain,30.6,70.58,143,122,210,288,0.7873,0.0054,0.7662,nearly_ready,False,0,False
BH-LAT-028-045,HIVE-028,ESP32-1028,2026-01-31T14:00:00,94,27,0.7768,late_stage_nearly_ready,inter_monsoon,humid_rain,30.38,73.91,140,133,205,288,0.7669,0.0,0.7526,nearly_ready,False,0,False
BH-LAT-028-046,HIVE-028,ESP32-1028,2026-01-31T20:00:00,94,27,0.8037,late_stage_nearly_ready,inter_monsoon,cloudy_stable,30.81,71.67,134,128,202,281,0.8075,0.0,0.7884,nearly_ready,False,0,False
BH-LAT-028-047,HIVE-028,ESP32-1028,2026-02-01T02:00:00,95,25,0.7795,late_stage_nearly_ready,inter_monsoon,cloudy_stable,30.86,70.95,131,126,213,276,0.8207,0.0,0.8015,ready,False,0,False
BH-LAT-028-048,HIVE-028,ESP32-1028,2026-02-01T08:00:00,95,24,0.796,late_stage_nearly_ready,inter_monsoon,cloudy_stable,30.72,71.13,133,122,209,271,0.79,0.0,0.7746,nearly_ready,False,0,False
BH-LAT-028-049,HIVE-028,ESP32-1028,2026-02-01T14:00:00,95,21,0.8085,late_stage_nearly_ready,inter_monsoon,stable_clear,31.3,69.19,132,127,201,269,0.8367,0.0,0.8139,ready,False,0,False
BH-LAT-028-050,HIVE-028,ESP32-1028,2026-02-01T20:00:00,96,25,0.8079,late_stage_nearly_ready,inter_monsoon,stable_clear,31.54,69.14,132,121,197,276,0.8425,0.0007,0.8203,ready,False,0,False
BH-LAT-028-051,HIVE-028,ESP32-1028,2026-02-02T02:00:00,96,24,0.7834,late_stage_nearly_ready,inter_monsoon,stable_clear,30.91,69.23,127,124,203,261,0.8148,0.0,0.7953,nearly_ready,False,0,False
BH-LAT-028-052,HIVE-028,ESP32-1028,2026-02-02T08:00:00,96,26,0.7918,late_stage_nearly_ready,inter_monsoon,stable_clear,31.13,68.43,133,118,203,270,0.8154,0.0,0.7964,nearly_ready,False,0,False
BH-LAT-028-053,HIVE-028,ESP32-1028,2026-02-02T14:00:00,97,26,0.8002,late_stage_nearly_ready,inter_monsoon,stable_clear,31.1,67.81,130,119,206,280,0.8408,0.0,0.8193,ready,False,0,False
BH-LAT-028-054,HIVE-028,ESP32-1028,2026-02-02T20:00:00,97,26,0.8112,late_stage_nearly_ready,inter_monsoon,stable_clear,31.44,66.74,137,125,203,280,0.7798,0.0,0.7648,nearly_ready,False,0,False
BH-LAT-028-055,HIVE-028,ESP32-1028,2026-02-03T02:00:00,97,24,0.8044,late_stage_nearly_ready,inter_monsoon,stable_clear,31.21,67.55,148,121,198,277,0.8202,0.0073,0.7965,nearly_ready,False,0,False
BH-LAT-028-056,HIVE-028,ESP32-1028,2026-02-03T08:00:00,98,28,0.8278,late_stage_nearly_ready,inter_monsoon,stable_clear,31.67,67.99,137,117,201,277,0.8332,0.0,0.8117,ready,False,0,False
BH-LAT-028-057,HIVE-028,ESP32-1028,2026-02-03T14:00:00,98,24,0.8164,late_stage_nearly_ready,inter_monsoon,stable_clear,31.49,68.82,142,122,207,281,0.8315,0.0077,0.8064,ready,False,0,False
BH-LAT-028-058,HIVE-028,ESP32-1028,2026-02-03T20:00:00,98,32,0.834,late_stage_nearly_ready,inter_monsoon,stable_clear,30.91,68.9,144,119,207,281,0.829,0.0154,0.7998,nearly_ready,False,0,False
BH-LAT-028-059,HIVE-028,ESP32-1028,2026-02-04T02:00:00,99,25,0.8244,late_stage_nearly_ready,inter_monsoon,cloudy_stable,30.36,70.29,148,119,209,268,0.8241,0.0,0.8032,ready,False,0,False
BH-LAT-028-060,HIVE-028,ESP32-1028,2026-02-04T08:00:00,99,25,0.8024,late_stage_nearly_ready,inter_monsoon,cloudy_stable,30.16,72.12,146,128,206,284,0.8416,0.0,0.8189,ready,False,0,False
BH-LAT-028-061,HIVE-028,ESP32-1028,2026-02-04T14:00:00,99,28,0.8042,late_stage_nearly_ready,inter_monsoon,cloudy_stable,30.69,71.86,148,133,207,282,0.7783,0.0,0.7635,nearly_ready,False,0,False
BH-LAT-028-062,HIVE-028,ESP32-1028,2026-02-04T20:00:00,100,33,0.8081,late_stage_nearly_ready,inter_monsoon,cloudy_stable,30.58,72.01,142,129,217,286,0.8305,0.0,0.8102,ready,False,0,False
BH-LAT-028-063,HIVE-028,ESP32-1028,2026-02-05T02:00:00,100,27,0.8208,late_stage_nearly_ready,inter_monsoon,cloudy_stable,30.77,70.99,139,121,207,274,0.7934,0.0,0.7768,nearly_ready,False,0,False
BH-LAT-028-064,HIVE-028,ESP32-1028,2026-02-05T08:00:00,100,35,0.836,late_stage_nearly_ready,inter_monsoon,cloudy_stable,30.8,70.43,130,121,210,267,0.8153,0.0,0.7968,nearly_ready,False,0,False
BH-LAT-028-065,HIVE-028,ESP32-1028,2026-02-05T14:00:00,101,29,0.8217,late_stage_nearly_ready,inter_monsoon,post_rain,30.8,72.34,139,123,222,276,0.842,0.0071,0.8157,ready,False,0,False
BH-LAT-028-066,HIVE-028,ESP32-1028,2026-02-05T20:00:00,101,36,0.84,late_stage_nearly_ready,inter_monsoon,post_rain,30.7,72.49,145,132,223,279,0.8184,0.0,0.7996,nearly_ready,False,0,False
BH-LAT-028-067,HIVE-028,ESP32-1028,2026-02-06T02:00:00,101,30,0.8326,late_stage_nearly_ready,inter_monsoon,cloudy_stable,31.17,70.72,141,130,213,280,0.7922,0.0097,0.7697,nearly_ready,False,0,False
BH-LAT-028-068,HIVE-028,ESP32-1028,2026-02-06T08:00:00,101,28,0.8452,late_stage_nearly_ready,inter_monsoon,cloudy_stable,31.22,70.41,145,134,221,282,0.8718,0.0126,0.8397,ready,False,0,False
BH-LAT-028-069,HIVE-028,ESP32-1028,2026-02-06T14:00:00,102,27,0.8231,late_stage_nearly_ready,inter_monsoon,cloudy_stable,31.22,70.45,146,128,218,274,0.833,0.0,0.8127,ready,False,0,False
BH-LAT-028-070,HIVE-028,ESP32-1028,2026-02-06T20:00:00,102,33,0.8369,late_stage_nearly_ready,inter_monsoon,post_rain,30.78,73.79,144,127,216,288,0.803,0.0079,0.7796,nearly_ready,False,0,False
BH-LAT-028-071,HIVE-028,ESP32-1028,2026-02-07T02:00:00,102,36,0.8264,late_stage_nearly_ready,inter_monsoon,post_rain,30.69,73.47,143,120,217,280,0.8232,0.0,0.8038,ready,False,0,False
BH-LAT-028-072,HIVE-028,ESP32-1028,2026-02-07T08:00:00,103,35,0.8315,late_stage_nearly_ready,inter_monsoon,post_rain,30.56,74.33,147,123,221,283,0.8579,0.0078,0.8298,ready,False,0,False
BH-LAT-028-073,HIVE-028,ESP32-1028,2026-02-07T14:00:00,103,38,0.8576,late_stage_nearly_ready,inter_monsoon,post_rain,30.13,73.96,137,130,215,292,0.8577,0.0,0.8332,ready,False,0,False
BH-LAT-028-074,HIVE-028,ESP32-1028,2026-02-07T20:00:00,103,37,0.8504,late_stage_nearly_ready,inter_monsoon,post_rain,30.0,74.81,141,127,213,285,0.8237,0.0,0.804,ready,False,0,False
BH-LAT-028-075,HIVE-028,ESP32-1028,2026-02-08T02:00:00,103,30,0.8449,late_stage_nearly_ready,inter_monsoon,stable_clear,30.75,70.94,143,120,210,287,0.8275,0.0,0.8047,ready,False,0,False
BH-LAT-028-076,HIVE-028,ESP32-1028,2026-02-08T08:00:00,103,33,0.8675,late_stage_nearly_ready,inter_monsoon,post_rain,31.36,74.21,145,130,213,293,0.8305,0.0,0.8077,ready,False,0,False
BH-LAT-028-077,HIVE-028,ESP32-1028,2026-02-08T14:00:00,104,31,0.8625,late_stage_nearly_ready,inter_monsoon,post_rain,31.28,75.83,153,134,218,306,0.8212,0.0,0.8013,ready,False,0,False
BH-LAT-028-078,HIVE-028,ESP32-1028,2026-02-08T20:00:00,104,33,0.8571,late_stage_nearly_ready,inter_monsoon,stable_clear,32.23,73.41,147,133,221,297,0.8414,0.0218,0.8052,ready,False,0,False
BH-LAT-028-079,HIVE-028,ESP32-1028,2026-02-09T02:00:00,104,30,0.8702,late_stage_nearly_ready,inter_monsoon,post_rain,32.19,74.7,146,133,226,302,0.8515,0.0,0.8285,ready,False,0,False
BH-LAT-028-080,HIVE-028,ESP32-1028,2026-02-09T08:00:00,104,33,0.8344,late_stage_nearly_ready,inter_monsoon,post_rain,31.99,76.11,147,136,228,299,0.8105,0.0,0.792,nearly_ready,False,0,False
BH-LAT-028-081,HIVE-028,ESP32-1028,2026-02-09T14:00:00,104,31,0.838,late_stage_nearly_ready,inter_monsoon,post_rain,31.81,77.11,149,135,226,292,0.8573,0.0,0.8335,ready,False,0,False
BH-LAT-028-082,HIVE-028,ESP32-1028,2026-02-09T20:00:00,104,33,0.8428,late_stage_nearly_ready,inter_monsoon,post_rain,31.16,75.76,148,137,220,288,0.8065,0.0026,0.7862,nearly_ready,False,0,False
BH-LAT-028-083,HIVE-028,ESP32-1028,2026-02-10T02:00:00,105,38,0.8506,late_stage_nearly_ready,inter_monsoon,post_rain,30.94,75.12,146,127,218,277,0.8515,0.0,0.8282,ready,False,0,False
BH-LAT-028-084,HIVE-028,ESP32-1028,2026-02-10T08:00:00,105,35,0.8528,late_stage_nearly_ready,inter_monsoon,post_rain,30.93,74.45,146,125,220,287,0.8282,0.0,0.8083,ready,False,0,False
BH-LAT-028-085,HIVE-028,ESP32-1028,2026-02-10T14:00:00,105,30,0.8604,late_stage_nearly_ready,inter_monsoon,cloudy_stable,30.87,71.64,134,116,216,283,0.8367,0.0,0.8143,ready,False,0,False
BH-LAT-028-086,HIVE-028,ESP32-1028,2026-02-10T20:00:00,105,35,0.851,late_stage_nearly_ready,inter_monsoon,cloudy_stable,30.96,70.55,141,124,217,276,0.8128,0.0,0.7942,nearly_ready,False,0,False
BH-LAT-028-087,HIVE-028,ESP32-1028,2026-02-11T02:00:00,105,37,0.8737,late_stage_nearly_ready,inter_monsoon,cloudy_stable,30.7,70.08,140,114,213,266,0.8847,0.0088,0.8525,ready,False,0,False
BH-LAT-028-088,HIVE-028,ESP32-1028,2026-02-11T08:00:00,105,31,0.8502,late_stage_nearly_ready,inter_monsoon,cloudy_stable,30.82,70.3,133,120,205,262,0.8567,0.0035,0.8313,ready,False,0,False
BH-LAT-028-089,HIVE-028,ESP32-1028,2026-02-11T14:00:00,105,34,0.878,late_stage_nearly_ready,inter_monsoon,stable_clear,30.9,69.32,137,112,206,270,0.891,0.0,0.8632,ready,False,0,False
BH-LAT-028-090,HIVE-028,ESP32-1028,2026-02-11T20:00:00,105,39,0.8797,late_stage_nearly_ready,inter_monsoon,stable_clear,30.68,68.48,136,119,207,268,0.8597,0.011,0.8294,ready,False,0,False
BH-LAT-028-091,HIVE-028,ESP32-1028,2026-02-12T02:00:00,105,33,0.8567,late_stage_nearly_ready,inter_monsoon,humid_rain,30.26,72.21,141,129,208,269,0.8509,0.0,0.8259,ready,False,0,False
BH-LAT-029-000,HIVE-029,ESP32-1029,2026-02-18T00:00:00,95,12,0.5593,late_stage_nearly_ready,dry,cloudy_stable,30.98,61.79,125,129,212,242,0.6484,0.0,0.6486,nearly_ready,False,0,False
BH-LAT-029-001,HIVE-029,ESP32-1029,2026-02-18T06:00:00,95,11,0.5918,late_stage_nearly_ready,dry,cloudy_stable,31.14,61.02,138,139,210,245,0.712,0.0011,0.7048,nearly_ready,False,0,False
BH-LAT-029-002,HIVE-029,ESP32-1029,2026-02-18T12:00:00,95,18,0.5724,late_stage_nearly_ready,dry,midday_heat,32.54,58.87,144,141,211,250,0.6467,0.0,0.6451,nearly_ready,False,0,False
BH-LAT-029-003,HIVE-029,ESP32-1029,2026-02-18T18:00:00,95,14,0.597,late_stage_nearly_ready,dry,midday_heat,33.11,59.51,148,152,224,268,0.6949,0.0765,0.6473,nearly_ready,False,0,False
BH-LAT-029-004,HIVE-029,ESP32-1029,2026-02-19T00:00:00,95,8,0.5796,late_stage_nearly_ready,dry,midday_heat,33.38,59.41,152,153,225,272,0.7045,0.0399,0.6773,nearly_ready,False,0,False
BH-LAT-029-005,HIVE-029,ESP32-1029,2026-02-19T06:00:00,95,8,0.5762,late_stage_nearly_ready,dry,stable_clear,32.85,59.88,148,154,222,262,0.674,0.0132,0.6643,nearly_ready,False,0,False
BH-LAT-029-006,HIVE-029,ESP32-1029,2026-02-19T12:00:00,95,14,0.5813,late_stage_nearly_ready,dry,midday_heat,33.23,60.51,153,154,226,263,0.6824,0.0362,0.6594,nearly_ready,False,0,False
BH-LAT-029-007,HIVE-029,ESP32-1029,2026-02-19T18:00:00,95,11,0.5928,late_stage_nearly_ready,dry,midday_heat,33.76,59.88,155,158,228,270,0.7152,0.1096,0.6475,nearly_ready,False,1,False
BH-LAT-029-008,HIVE-029,ESP32-1029,2026-02-20T00:00:00,96,14,0.5822,late_stage_nearly_ready,dry,midday_heat,33.9,59.67,151,156,232,279,0.7339,0.1617,0.6362,nearly_ready,False,1,False
BH-LAT-029-009,HIVE-029,ESP32-1029,2026-02-20T06:00:00,96,18,0.5934,late_stage_nearly_ready,dry,midday_heat,33.91,58.56,153,155,229,280,0.7084,0.1194,0.6371,nearly_ready,False,1,False
BH-LAT-029-010,HIVE-029,ESP32-1029,2026-02-20T12:00:00,96,19,0.5893,late_stage_nearly_ready,dry,midday_heat,33.99,56.22,154,150,232,274,0.6664,0.1147,0.6019,nearly_ready,False,1,False
BH-LAT-029-011,HIVE-029,ESP32-1029,2026-02-20T18:00:00,96,19,0.579,late_stage_nearly_ready,dry,stable_clear,33.04,57.18,150,144,225,258,0.7237,0.0771,0.6717,nearly_ready,False,0,False
BH-LAT-029-012,HIVE-029,ESP32-1029,2026-02-21T00:00:00,96,16,0.5766,late_stage_nearly_ready,dry,stable_clear,32.49,57.83,148,139,217,258,0.7142,0.0179,0.697,nearly_ready,False,0,False
BH-LAT-029-013,HIVE-029,ESP32-1029,2026-02-21T06:00:00,96,10,0.6024,late_stage_nearly_ready,dry,stable_clear,32.61,57.38,140,140,220,245,0.7016,0.0,0.6966,nearly_ready,False,0,False
BH-LAT-029-014,HIVE-029,ESP32-1029,2026-02-21T12:00:00,97,11,0.5814,late_stage_nearly_ready,dry,stable_clear,33.26,57.91,134,139,212,248,0.6729,0.0553,0.64,nearly_ready,False,0,False
BH-LAT-029-015,HIVE-029,ESP32-1029,2026-02-21T18:00:00,97,17,0.5964,late_stage_nearly_ready,dry,stable_clear,32.97,58.21,132,139,211,243,0.7263,0.0373,0.6978,nearly_ready,False,0,False
BH-LAT-029-016,HIVE-029,ESP32-1029,2026-02-22T00:00:00,97,15,0.5955,late_stage_nearly_ready,dry,stable_clear,32.64,58.61,140,140,214,251,0.7243,0.0201,0.7051,nearly_ready,False,0,False
BH-LAT-029-017,HIVE-029,ESP32-1029,2026-02-22T06:00:00,97,14,0.6077,late_stage_nearly_ready,dry,stable_clear,33.06,58.29,138,140,219,250,0.733,0.0406,0.7016,nearly_ready,False,0,False
BH-LAT-029-018,HIVE-029,ESP32-1029,2026-02-22T12:00:00,97,15,0.5742,late_stage_nearly_ready,dry,stable_clear,32.64,57.99,131,138,219,250,0.7259,0.0186,0.7074,nearly_ready,False,0,False
BH-LAT-029-019,HIVE-029,ESP32-1029,2026-02-22T18:00:00,98,18,0.5897,late_stage_nearly_ready,dry,stable_clear,32.51,57.92,132,137,213,245,0.691,0.0,0.6876,nearly_ready,False,0,False
BH-LAT-029-020,HIVE-029,ESP32-1029,2026-02-23T00:00:00,98,20,0.5982,late_stage_nearly_ready,dry,stable_clear,32.38,58.69,142,147,213,252,0.6962,0.0,0.6915,nearly_ready,False,0,False
BH-LAT-029-021,HIVE-029,ESP32-1029,2026-02-23T06:00:00,98,14,0.5901,late_stage_nearly_ready,dry,stable_clear,32.37,58.04,140,145,214,257,0.7285,0.0,0.7206,nearly_ready,False,0,False
BH-LAT-029-022,HIVE-029,ESP32-1029,2026-02-23T12:00:00,99,21,0.6124,late_stage_nearly_ready,dry,stable_clear,32.36,57.39,138,139,207,252,0.7414,0.0,0.7318,nearly_ready,False,0,False
BH-LAT-029-023,HIVE-029,ESP32-1029,2026-02-23T18:00:00,99,12,0.5909,late_stage_nearly_ready,dry,stable_clear,32.31,57.56,138,142,218,248,0.6911,0.0,0.6877,nearly_ready,False,0,False
BH-LAT-029-024,HIVE-029,ESP32-1029,2026-02-24T00:00:00,99,21,0.6099,late_stage_nearly_ready,dry,midday_heat,33.27,56.41,150,140,221,267,0.7188,0.0973,0.656,nearly_ready,False,0,False
BH-LAT-029-025,HIVE-029,ESP32-1029,2026-02-24T06:00:00,99,13,0.6141,late_stage_nearly_ready,dry,midday_heat,33.45,57.06,154,145,228,266,0.7045,0.085,0.6522,nearly_ready,False,0,False
BH-LAT-029-026,HIVE-029,ESP32-1029,2026-02-24T12:00:00,100,14,0.5876,late_stage_nearly_ready,dry,midday_heat,33.92,55.75,149,147,228,261,0.6864,0.1698,0.5889,approaching,False,1,False
BH-LAT-029-027,HIVE-029,ESP32-1029,2026-02-24T18:00:00,100,17,0.609,late_stage_nearly_ready,dry,midday_heat,33.97,56.16,143,150,230,264,0.7347,0.1434,0.6471,nearly_ready,False,1,False
BH-LAT-029-028,HIVE-029,ESP32-1029,2026-02-25T00:00:00,100,22,0.6158,late_stage_nearly_ready,dry,midday_heat,34.27,56.49,144,155,225,264,0.7317,0.1544,0.638,nearly_ready,False,1,False
BH-LAT-029-029,HIVE-029,ESP32-1029,2026-02-25T06:00:00,101,15,0.5971,late_stage_nearly_ready,dry,midday_heat,34.34,55.49,145,150,227,271,0.742,0.183,0.6315,nearly_ready,False,1,False
BH-LAT-029-030,HIVE-029,ESP32-1029,2026-02-25T12:00:00,101,22,0.6058,late_stage_nearly_ready,dry,midday_heat,34.0,55.48,158,148,233,280,0.748,0.1427,0.6586,nearly_ready,False,1,False
BH-LAT-029-031,HIVE-029,ESP32-1029,2026-02-25T18:00:00,101,17,0.5913,late_stage_nearly_ready,dry,midday_heat,33.76,55.15,154,153,231,264,0.7179,0.1542,0.6259,nearly_ready,False,1,False
BH-LAT-029-032,HIVE-029,ESP32-1029,2026-02-26T00:00:00,102,15,0.596,late_stage_nearly_ready,dry,midday_heat,33.26,55.64,151,154,228,261,0.729,0.0469,0.6944,nearly_ready,False,0,False
BH-LAT-029-033,HIVE-029,ESP32-1029,2026-02-26T06:00:00,102,16,0.6208,late_stage_nearly_ready,dry,midday_heat,33.33,54.96,149,159,237,258,0.7184,0.1012,0.6557,nearly_ready,False,0,False
BH-LAT-029-034,HIVE-029,ESP32-1029,2026-02-26T12:00:00,103,25,0.6012,late_stage_nearly_ready,dry,midday_heat,33.09,55.76,160,160,236,277,0.7274,0.0656,0.6827,nearly_ready,False,0,False
BH-LAT-029-035,HIVE-029,ESP32-1029,2026-02-26T18:00:00,103,19,0.6221,late_stage_nearly_ready,dry,stable_clear,32.92,56.32,146,150,221,279,0.7096,0.0081,0.6987,nearly_ready,False,0,False
BH-LAT-029-036,HIVE-029,ESP32-1029,2026-02-27T00:00:00,103,22,0.6261,late_stage_nearly_ready,dry,stable_clear,32.43,56.5,143,145,222,260,0.7042,0.0,0.6983,nearly_ready,False,0,False
BH-LAT-029-037,HIVE-029,ESP32-1029,2026-02-27T06:00:00,104,26,0.6122,late_stage_nearly_ready,dry,stable_clear,32.5,57.52,143,141,213,249,0.6906,0.0,0.6868,nearly_ready,False,0,False
BH-LAT-029-038,HIVE-029,ESP32-1029,2026-02-27T12:00:00,104,25,0.619,late_stage_nearly_ready,dry,stable_clear,32.26,58.28,140,138,217,260,0.7034,0.0,0.6979,nearly_ready,False,0,False
BH-LAT-029-039,HIVE-029,ESP32-1029,2026-02-27T18:00:00,104,22,0.644,late_stage_nearly_ready,dry,stable_clear,32.09,57.55,142,140,219,252,0.7568,0.0,0.7451,nearly_ready,False,0,False
BH-LAT-029-040,HIVE-029,ESP32-1029,2026-02-28T00:00:00,105,21,0.6094,late_stage_nearly_ready,dry,stable_clear,32.36,57.52,144,140,224,249,0.6971,0.0,0.6928,nearly_ready,False,0,False
BH-LAT-029-041,HIVE-029,ESP32-1029,2026-02-28T06:00:00,105,25,0.6346,late_stage_nearly_ready,dry,midday_heat,33.24,55.84,145,151,212,259,0.7369,0.0425,0.7021,nearly_ready,False,0,False
BH-LAT-029-042,HIVE-029,ESP32-1029,2026-02-28T12:00:00,106,26,0.6171,late_stage_nearly_ready,dry,midday_heat,33.47,55.12,145,153,218,265,0.7135,0.074,0.6662,nearly_ready,False,0,False
BH-LAT-029-043,HIVE-029,ESP32-1029,2026-02-28T18:00:00,106,23,0.6356,late_stage_nearly_ready,dry,stable_clear,32.83,56.03,146,146,221,261,0.7591,0.0524,0.7173,nearly_ready,False,0,False
BH-LAT-029-044,HIVE-029,ESP32-1029,2026-03-01T00:00:00,106,27,0.6279,late_stage_nearly_ready,dry,stable_clear,33.56,58.52,146,144,222,259,0.7395,0.1312,0.6559,nearly_ready,False,1,False
BH-LAT-029-045,HIVE-029,ESP32-1029,2026-03-01T06:00:00,107,27,0.6213,late_stage_nearly_ready,dry,cloudy_stable,33.64,61.31,150,145,227,258,0.7024,0.0865,0.6489,nearly_ready,False,1,False
BH-LAT-029-046,HIVE-029,ESP32-1029,2026-03-01T12:00:00,107,25,0.6572,late_stage_nearly_ready,dry,cloudy_stable,33.42,62.11,150,149,229,262,0.7541,0.0611,0.709,nearly_ready,False,0,False
BH-LAT-029-047,HIVE-029,ESP32-1029,2026-03-01T18:00:00,108,23,0.632,late_stage_nearly_ready,dry,cloudy_stable,33.47,63.28,148,147,221,264,0.7375,0.0616,0.6942,nearly_ready,False,0,False
BH-LAT-029-048,HIVE-029,ESP32-1029,2026-03-02T00:00:00,108,24,0.6575,late_stage_nearly_ready,dry,cloudy_stable,32.83,61.04,144,152,224,261,0.7366,0.0022,0.7244,nearly_ready,False,0,False
BH-LAT-029-049,HIVE-029,ESP32-1029,2026-03-02T06:00:00,108,27,0.6343,late_stage_nearly_ready,dry,midday_heat,33.02,58.57,154,150,225,257,0.7236,0.0419,0.6919,nearly_ready,False,0,False
BH-LAT-029-050,HIVE-029,ESP32-1029,2026-03-02T12:00:00,109,25,0.6651,late_stage_nearly_ready,dry,midday_heat,33.4,56.54,161,150,225,256,0.7656,0.0607,0.7185,nearly_ready,False,0,False
BH-LAT-029-051,HIVE-029,ESP32-1029,2026-03-02T18:00:00,109,22,0.6434,late_stage_nearly_ready,dry,midday_heat,34.2,57.14,163,151,224,269,0.7145,0.1547,0.6216,nearly_ready,False,1,False
BH-LAT-029-052,HIVE-029,ESP32-1029,2026-03-03T00:00:00,110,25,0.6649,late_stage_nearly_ready,dry,midday_heat,34.38,58.44,160,154,225,276,0.7431,0.197,0.6244,nearly_ready,False,1,False
BH-LAT-029-053,HIVE-029,ESP32-1029,2026-03-03T06:00:00,110,29,0.6471,late_stage_nearly_ready,dry,midday_heat,34.77,57.83,159,149,222,285,0.7633,0.2189,0.6299,nearly_ready,False,1,False
BH-LAT-029-054,HIVE-029,ESP32-1029,2026-03-03T12:00:00,110,26,0.6635,late_stage_nearly_ready,dry,midday_heat,34.78,57.41,159,154,223,280,0.7845,0.1869,0.6672,nearly_ready,False,1,False
BH-LAT-029-055,HIVE-029,ESP32-1029,2026-03-03T18:00:00,111,25,0.6501,late_stage_nearly_ready,dry,midday_heat,35.29,57.09,157,158,223,270,0.7431,0.2291,0.6065,nearly_ready,False,1,False
BH-LAT-029-056,HIVE-029,ESP32-1029,2026-03-04T00:00:00,111,24,0.6591,late_stage_nearly_ready,dry,stable_clear,34.55,58.75,156,149,224,270,0.7337,0.1925,0.6173,nearly_ready,False,1,False
BH-LAT-029-057,HIVE-029,ESP32-1029,2026-03-04T06:00:00,111,28,0.6463,late_stage_nearly_ready,dry,stable_clear,33.32,57.71,143,150,218,258,0.7192,0.0649,0.6737,nearly_ready,False,0,False
BH-LAT-029-058,HIVE-029,ESP32-1029,2026-03-04T12:00:00,112,28,0.6814,late_stage_nearly_ready,dry,cloudy_stable,32.57,57.96,143,140,215,251,0.7646,0.0,0.7509,nearly_ready,False,0,False
BH-LAT-029-059,HIVE-029,ESP32-1029,2026-03-04T18:00:00,112,25,0.6453,late_stage_nearly_ready,dry,midday_heat,33.29,57.11,152,143,223,258,0.759,0.0618,0.7117,nearly_ready,False,0,False
BH-LAT-029-061,HIVE-029,ESP32-1029,2026-03-05T06:00:00,113,33,0.6751,late_stage_nearly_ready,dry,midday_heat,32.95,53.59,160,162,229,273,0.778,0.1211,0.695,nearly_ready,False,0,False
BH-LAT-029-062,HIVE-029,ESP32-1029,2026-03-05T12:00:00,113,32,0.6832,late_stage_nearly_ready,dry,stable_clear,32.74,55.97,153,152,233,260,0.7828,0.0242,0.7535,nearly_ready,False,0,False
BH-LAT-029-063,HIVE-029,ESP32-1029,2026-03-05T18:00:00,114,36,0.6804,late_stage_nearly_ready,dry,stable_clear,32.33,56.93,150,150,221,238,0.7983,0.0101,0.7752,nearly_ready,False,0,False
BH-LAT-029-064,HIVE-029,ESP32-1029,2026-03-06T00:00:00,114,33,0.6818,late_stage_nearly_ready,dry,cloudy_stable,32.07,57.28,147,147,216,250,0.7668,0.0,0.7538,nearly_ready,False,0,False
BH-LAT-029-065,HIVE-029,ESP32-1029,2026-03-06T06:00:00,114,30,0.6684,late_stage_nearly_ready,dry,cloudy_stable,31.93,58.71,144,146,220,250,0.7456,0.0,0.735,nearly_ready,False,0,False
BH-LAT-029-066,HIVE-029,ESP32-1029,2026-03-06T12:00:00,115,30,0.673,late_stage_nearly_ready,dry,cloudy_stable,31.62,60.67,144,145,224,248,0.8011,0.0,0.7833,nearly_ready,False,0,False
BH-LAT-029-067,HIVE-029,ESP32-1029,2026-03-06T18:00:00,115,38,0.6846,late_stage_nearly_ready,dry,cloudy_stable,31.85,60.69,146,143,226,239,0.7452,0.0,0.7351,nearly_ready,False,0,False
BH-LAT-029-068,HIVE-029,ESP32-1029,2026-03-07T00:00:00,115,29,0.6823,late_stage_nearly_ready,dry,cloudy_stable,32.41,60.36,143,142,220,248,0.7926,0.0005,0.7757,nearly_ready,False,0,False
BH-LAT-029-069,HIVE-029,ESP32-1029,2026-03-07T06:00:00,115,28,0.6811,late_stage_nearly_ready,dry,cloudy_stable,32.25,60.92,145,140,217,255,0.7497,0.0,0.7389,nearly_ready,False,0,False
BH-LAT-029-070,HIVE-029,ESP32-1029,2026-03-07T12:00:00,116,30,0.677,late_stage_nearly_ready,dry,cloudy_stable,32.3,59.77,147,139,208,254,0.7937,0.0,0.7776,nearly_ready,False,0,False
BH-LAT-029-071,HIVE-029,ESP32-1029,2026-03-07T18:00:00,116,29,0.6878,late_stage_nearly_ready,dry,stable_clear,32.09,59.05,149,144,217,248,0.7761,0.0,0.7619,nearly_ready,False,0,False
BH-LAT-029-072,HIVE-029,ESP32-1029,2026-03-08T00:00:00,116,38,0.6644,late_stage_nearly_ready,dry,stable_clear,32.33,58.26,149,141,211,253,0.7339,0.0,0.7248,nearly_ready,False,0,False
BH-LAT-029-073,HIVE-029,ESP32-1029,2026-03-08T06:00:00,117,37,0.668,late_stage_nearly_ready,dry,stable_clear,32.93,59.05,153,148,223,252,0.7642,0.019,0.7401,nearly_ready,False,0,False
BH-LAT-029-074,HIVE-029,ESP32-1029,2026-03-08T12:00:00,117,39,0.6804,late_stage_nearly_ready,dry,stable_clear,33.2,60.75,143,142,218,254,0.7889,0.0601,0.7394,nearly_ready,False,0,False
BH-LAT-029-075,HIVE-029,ESP32-1029,2026-03-08T18:00:00,117,30,0.6911,late_stage_nearly_ready,dry,cloudy_stable,33.32,61.3,155,142,222,254,0.8002,0.0761,0.7415,nearly_ready,False,0,False
BH-LAT-029-076,HIVE-029,ESP32-1029,2026-03-09T00:00:00,117,35,0.6947,late_stage_nearly_ready,dry,cloudy_stable,33.09,61.87,158,148,220,267,0.7876,0.0407,0.7496,nearly_ready,False,0,False
BH-LAT-029-077,HIVE-029,ESP32-1029,2026-03-09T06:00:00,117,39,0.6773,late_stage_nearly_ready,dry,cloudy_stable,32.47,61.03,155,148,221,272,0.7741,0.0001,0.7593,nearly_ready,False,0,False
BH-LAT-029-078,HIVE-029,ESP32-1029,2026-03-09T12:00:00,118,31,0.692,late_stage_nearly_ready,dry,cloudy_stable,32.12,60.62,156,152,226,252,0.7814,0.0112,0.7602,nearly_ready,False,0,False
BH-LAT-029-079,HIVE-029,ESP32-1029,2026-03-09T18:00:00,118,39,0.681,late_stage_nearly_ready,dry,cloudy_stable,31.49,60.41,152,155,226,259,0.7873,0.0,0.7712,nearly_ready,False,0,False
BH-LAT-029-080,HIVE-029,ESP32-1029,2026-03-10T00:00:00,118,41,0.6774,late_stage_nearly_ready,dry,cloudy_stable,31.57,59.87,148,149,227,254,0.8005,0.0,0.7838,nearly_ready,False,0,False
BH-LAT-029-081,HIVE-029,ESP32-1029,2026-03-10T06:00:00,118,32,0.6958,late_stage_nearly_ready,dry,cloudy_stable,31.74,59.36,147,146,219,253,0.7887,0.008,0.7689,nearly_ready,False,0,False
BH-LAT-029-082,HIVE-029,ESP32-1029,2026-03-10T12:00:00,118,35,0.6799,late_stage_nearly_ready,dry,cloudy_stable,32.0,60.11,153,148,216,247,0.7959,0.0,0.7793,nearly_ready,False,0,False
BH-LAT-029-083,HIVE-029,ESP32-1029,2026-03-10T18:00:00,118,37,0.6852,late_stage_nearly_ready,dry,stable_clear,31.95,58.95,145,148,218,256,0.7668,0.0,0.7538,nearly_ready,False,0,False
BH-LAT-029-084,HIVE-029,ESP32-1029,2026-03-11T00:00:00,119,36,0.7111,late_stage_nearly_ready,dry,stable_clear,32.45,57.1,138,143,199,244,0.816,0.0026,0.7942,nearly_ready,False,0,False
BH-LAT-029-085,HIVE-029,ESP32-1029,2026-03-11T06:00:00,119,40,0.6763,late_stage_nearly_ready,dry,cloudy_stable,32.21,58.92,145,147,203,254,0.7508,0.0,0.739,nearly_ready,False,0,False
BH-LAT-029-086,HIVE-029,ESP32-1029,2026-03-11T12:00:00,119,36,0.701,late_stage_nearly_ready,dry,cloudy_stable,31.99,59.0,145,141,206,256,0.7908,0.0,0.7752,nearly_ready,False,0,False
BH-LAT-029-087,HIVE-029,ESP32-1029,2026-03-11T18:00:00,119,37,0.6944,late_stage_nearly_ready,dry,midday_heat,32.75,57.61,151,142,212,256,0.7509,0.0495,0.7112,nearly_ready,False,0,False
BH-LAT-029-088,HIVE-029,ESP32-1029,2026-03-12T00:00:00,119,36,0.6803,late_stage_nearly_ready,dry,midday_heat,33.15,55.89,150,148,221,251,0.7604,0.0805,0.703,nearly_ready,False,0,False
BH-LAT-029-089,HIVE-029,ESP32-1029,2026-03-12T06:00:00,119,42,0.7027,late_stage_nearly_ready,dry,midday_heat,33.34,55.17,150,149,229,262,0.7612,0.0843,0.7026,nearly_ready,False,0,False
BH-LAT-029-090,HIVE-029,ESP32-1029,2026-03-12T12:00:00,119,33,0.7069,late_stage_nearly_ready,dry,midday_heat,33.48,55.71,148,153,224,262,0.7594,0.0867,0.6999,nearly_ready,False,0,False
BH-LAT-029-091,HIVE-029,ESP32-1029,2026-03-12T18:00:00,119,38,0.7042,late_stage_nearly_ready,dry,midday_heat,33.76,55.33,154,147,219,263,0.8,0.1459,0.7027,nearly_ready,False,1,False
BH-LAT-030-000,HIVE-030,ESP32-1030,2026-04-15T12:00:00,126,11,0.9509,late_stage_ready,inter_monsoon,stable_clear,29.49,59.08,141,135,232,256,0.9702,0.0,0.9319,ready,False,0,False
BH-LAT-030-001,HIVE-030,ESP32-1030,2026-04-15T18:00:00,126,8,0.9499,late_stage_ready,inter_monsoon,stable_clear,30.15,59.36,145,145,244,272,1.0,0.0,0.9579,ready,False,0,False
BH-LAT-030-002,HIVE-030,ESP32-1030,2026-04-16T00:00:00,126,10,0.9446,late_stage_ready,inter_monsoon,stable_clear,30.41,59.83,145,143,244,273,1.0,0.0,0.9592,ready,False,0,False
BH-LAT-030-003,HIVE-030,ESP32-1030,2026-04-16T06:00:00,126,17,0.9365,late_stage_ready,inter_monsoon,stable_clear,30.29,60.39,146,148,253,287,1.0,0.0,0.9591,ready,False,0,False
BH-LAT-030-004,HIVE-030,ESP32-1030,2026-04-16T12:00:00,126,13,0.9454,late_stage_ready,inter_monsoon,stable_clear,30.93,60.32,149,153,252,283,0.9612,0.0,0.9243,ready,False,0,False
BH-LAT-030-005,HIVE-030,ESP32-1030,2026-04-16T18:00:00,126,10,0.9434,late_stage_ready,inter_monsoon,stable_clear,30.85,60.55,149,152,251,279,0.9739,0.0,0.9367,ready,False,0,False
BH-LAT-030-006,HIVE-030,ESP32-1030,2026-04-17T00:00:00,127,10,0.9534,late_stage_ready,inter_monsoon,stable_clear,30.55,60.67,140,150,255,280,0.9618,0.0,0.9255,ready,False,0,False
BH-LAT-030-007,HIVE-030,ESP32-1030,2026-04-17T06:00:00,127,17,0.965,late_stage_ready,inter_monsoon,stable_clear,30.64,59.96,141,148,259,277,0.9683,0.0,0.9314,ready,False,0,False
BH-LAT-030-008,HIVE-030,ESP32-1030,2026-04-17T12:00:00,127,16,0.9312,late_stage_ready,inter_monsoon,stable_clear,30.75,60.03,141,142,256,271,0.9975,0.0,0.9573,ready,False,0,False
BH-LAT-030-009,HIVE-030,ESP32-1030,2026-04-17T18:00:00,127,12,0.9289,late_stage_ready,inter_monsoon,stable_clear,30.61,60.33,144,137,244,256,0.9707,0.0,0.9333,ready,False,0,False
BH-LAT-030-010,HIVE-030,ESP32-1030,2026-04-18T00:00:00,127,17,0.948,late_stage_ready,inter_monsoon,stable_clear,30.85,60.09,144,147,240,259,1.0,0.0,0.9591,ready,False,0,False
BH-LAT-030-011,HIVE-030,ESP32-1030,2026-04-18T06:00:00,128,12,0.9564,late_stage_ready,inter_monsoon,humid_rain,30.35,63.44,151,148,242,271,0.9872,0.0,0.9458,ready,False,0,False
BH-LAT-030-012,HIVE-030,ESP32-1030,2026-04-18T12:00:00,128,20,0.9663,late_stage_ready,inter_monsoon,humid_rain,29.74,65.99,157,162,261,280,0.9852,0.0,0.9438,ready,False,1,False
BH-LAT-030-013,HIVE-030,ESP32-1030,2026-04-18T18:00:00,128,10,0.959,late_stage_ready,inter_monsoon,humid_rain,29.87,66.78,165,160,261,296,1.0,0.0,0.959,ready,False,1,False
BH-LAT-030-014,HIVE-030,ESP32-1030,2026-04-19T00:00:00,129,13,0.9371,late_stage_ready,inter_monsoon,post_rain,29.98,67.04,161,160,264,293,1.0,0.0,0.9595,ready,False,1,False
BH-LAT-030-015,HIVE-030,ESP32-1030,2026-04-19T06:00:00,129,21,0.9646,late_stage_ready,inter_monsoon,humid_rain,29.39,67.7,155,156,259,289,1.0,0.0,0.9582,ready,False,0,False
BH-LAT-030-016,HIVE-030,ESP32-1030,2026-04-19T12:00:00,129,19,0.9332,late_stage_ready,inter_monsoon,cloudy_stable,29.8,65.31,154,156,251,285,0.9568,0.0,0.9198,ready,False,0,False
BH-LAT-030-017,HIVE-030,ESP32-1030,2026-04-19T18:00:00,130,13,0.9328,late_stage_ready,inter_monsoon,cloudy_stable,29.7,64.02,149,152,245,274,1.0,0.0,0.9588,ready,False,0,False
BH-LAT-030-018,HIVE-030,ESP32-1030,2026-04-20T00:00:00,130,16,0.9437,late_stage_ready,inter_monsoon,cloudy_stable,29.96,62.87,150,142,250,276,0.9933,0.0,0.9527,ready,False,0,False
BH-LAT-030-019,HIVE-030,ESP32-1030,2026-04-20T06:00:00,131,22,0.9404,late_stage_ready,inter_monsoon,cloudy_stable,30.18,61.98,144,143,251,272,1.0,0.0,0.9589,ready,False,0,False
BH-LAT-030-020,HIVE-030,ESP32-1030,2026-04-20T12:00:00,131,22,0.9445,late_stage_ready,inter_monsoon,cloudy_stable,30.17,62.24,153,145,248,275,1.0,0.0,0.9596,ready,False,0,False
BH-LAT-030-021,HIVE-030,ESP32-1030,2026-04-20T18:00:00,131,23,0.9681,late_stage_ready,inter_monsoon,cloudy_stable,30.14,62.61,148,146,245,279,1.0,0.0,0.9596,ready,False,0,False
BH-LAT-030-022,HIVE-030,ESP32-1030,2026-04-21T00:00:00,132,23,0.9669,late_stage_ready,inter_monsoon,cloudy_stable,30.34,63.43,147,148,249,276,0.9833,0.0,0.9444,ready,False,0,False
BH-LAT-030-023,HIVE-030,ESP32-1030,2026-04-21T06:00:00,132,20,0.9511,late_stage_ready,inter_monsoon,stable_clear,30.52,62.33,147,147,243,278,1.0,0.0,0.959,ready,False,0,False
BH-LAT-030-024,HIVE-030,ESP32-1030,2026-04-21T12:00:00,133,17,0.9492,late_stage_ready,inter_monsoon,stable_clear,31.21,60.66,147,150,248,274,0.9663,0.0,0.9279,ready,False,0,False
BH-LAT-030-025,HIVE-030,ESP32-1030,2026-04-21T18:00:00,133,21,0.9635,late_stage_ready,inter_monsoon,stable_clear,31.17,60.4,147,149,254,270,1.0,0.0,0.9597,ready,False,0,False
BH-LAT-030-026,HIVE-030,ESP32-1030,2026-04-22T00:00:00,134,24,0.9519,late_stage_ready,inter_monsoon,stable_clear,30.95,58.98,155,146,257,264,1.0,0.0,0.9586,ready,False,0,False
BH-LAT-030-027,HIVE-030,ESP32-1030,2026-04-22T06:00:00,134,17,0.9437,late_stage_ready,inter_monsoon,stable_clear,31.16,59.38,159,149,260,260,0.9669,0.0,0.93,ready,False,1,False
BH-LAT-030-028,HIVE-030,ESP32-1030,2026-04-22T12:00:00,135,24,0.9494,late_stage_ready,inter_monsoon,cloudy_stable,30.65,61.73,147,145,250,278,1.0,0.0,0.9572,ready,False,0,False
BH-LAT-030-029,HIVE-030,ESP32-1030,2026-04-22T18:00:00,136,19,0.9428,late_stage_ready,inter_monsoon,stable_clear,30.94,60.8,156,143,256,269,0.9814,0.0,0.9422,ready,False,0,False
BH-LAT-030-030,HIVE-030,ESP32-1030,2026-04-23T00:00:00,136,18,0.9671,late_stage_ready,inter_monsoon,stable_clear,31.46,60.62,160,146,261,281,1.0,0.0,0.9585,ready,False,1,False
BH-LAT-030-031,HIVE-030,ESP32-1030,2026-04-23T06:00:00,137,21,0.9653,late_stage_ready,inter_monsoon,stable_clear,31.51,61.61,159,156,262,285,1.0,0.0,0.9591,ready,False,1,False
BH-LAT-030-032,HIVE-030,ESP32-1030,2026-04-23T12:00:00,137,24,0.9604,late_stage_ready,inter_monsoon,stable_clear,31.24,61.29,156,145,258,278,1.0,0.0,0.9589,ready,False,0,False
BH-LAT-030-033,HIVE-030,ESP32-1030,2026-04-23T18:00:00,138,21,0.9822,late_stage_ready,inter_monsoon,stable_clear,31.0,61.31,151,145,251,281,1.0,0.0,0.9593,ready,False,0,False
BH-LAT-030-034,HIVE-030,ESP32-1030,2026-04-24T00:00:00,138,26,0.9853,late_stage_ready,inter_monsoon,stable_clear,30.96,60.36,154,146,251,284,0.9966,0.0,0.9563,ready,False,0,False
BH-LAT-030-035,HIVE-030,ESP32-1030,2026-04-24T06:00:00,139,27,0.9709,late_stage_ready,inter_monsoon,cloudy_stable,30.92,61.4,156,146,252,276,0.9911,0.0,0.9515,ready,False,0,False
BH-LAT-030-036,HIVE-030,ESP32-1030,2026-04-24T12:00:00,140,23,0.9786,late_stage_ready,inter_monsoon,cloudy_stable,30.36,62.22,153,141,245,271,1.0,0.0,0.9582,ready,False,0,False
BH-LAT-030-037,HIVE-030,ESP32-1030,2026-04-24T18:00:00,140,22,0.9635,late_stage_ready,inter_monsoon,humid_rain,29.94,64.42,153,153,254,284,0.9941,0.0,0.9525,ready,False,0,False
BH-LAT-030-038,HIVE-030,ESP32-1030,2026-04-25T00:00:00,141,28,0.9772,late_stage_ready,inter_monsoon,humid_rain,29.72,65.45,154,152,250,287,1.0,0.0,0.959,ready,False,0,False
BH-LAT-030-039,HIVE-030,ESP32-1030,2026-04-25T06:00:00,141,30,0.9893,late_stage_ready,inter_monsoon,humid_rain,30.13,67.76,164,155,253,292,1.0,0.0,0.9578,ready,False,0,False
BH-LAT-030-040,HIVE-030,ESP32-1030,2026-04-25T12:00:00,142,24,0.9736,late_stage_ready,inter_monsoon,humid_rain,30.7,67.01,164,155,259,292,1.0,0.0,0.9584,ready,False,0,False
BH-LAT-030-041,HIVE-030,ESP32-1030,2026-04-25T18:00:00,143,31,0.9549,late_stage_ready,inter_monsoon,humid_rain,30.74,67.87,167,159,260,296,1.0,0.0,0.9593,ready,False,1,False
BH-LAT-030-042,HIVE-030,ESP32-1030,2026-04-26T00:00:00,143,28,0.9552,late_stage_ready,inter_monsoon,humid_rain,30.69,68.25,167,166,262,294,0.9915,0.0,0.952,ready,False,1,False
BH-LAT-030-043,HIVE-030,ESP32-1030,2026-04-26T06:00:00,144,27,0.9635,late_stage_ready,inter_monsoon,humid_rain,30.55,69.82,166,162,264,294,1.0,0.0,0.9588,ready,False,1,False
BH-LAT-030-044,HIVE-030,ESP32-1030,2026-04-26T12:00:00,145,27,0.9657,late_stage_ready,inter_monsoon,humid_rain,30.75,69.37,163,160,271,299,1.0,0.0,0.9592,ready,False,1,False
BH-LAT-030-045,HIVE-030,ESP32-1030,2026-04-26T18:00:00,145,31,0.9966,late_stage_ready,inter_monsoon,stable_clear,30.59,64.39,160,154,256,295,1.0,0.0,0.9569,ready,False,0,False
BH-LAT-030-046,HIVE-030,ESP32-1030,2026-04-27T00:00:00,146,36,0.987,late_stage_ready,inter_monsoon,stable_clear,30.68,62.3,153,150,249,290,1.0,0.0,0.9585,ready,False,0,False
BH-LAT-030-047,HIVE-030,ESP32-1030,2026-04-27T06:00:00,146,35,0.9832,late_stage_ready,inter_monsoon,stable_clear,30.64,61.32,150,151,254,281,1.0,0.0,0.9592,ready,False,0,False
BH-LAT-030-048,HIVE-030,ESP32-1030,2026-04-27T12:00:00,147,37,0.9706,late_stage_ready,inter_monsoon,humid_rain,30.22,65.72,157,155,260,286,1.0,0.0,0.9567,ready,False,0,False
BH-LAT-030-049,HIVE-030,ESP32-1030,2026-04-27T18:00:00,148,32,0.997,late_stage_ready,inter_monsoon,humid_rain,30.24,66.99,161,154,254,278,1.0,0.0,0.9591,ready,False,0,False
BH-LAT-030-050,HIVE-030,ESP32-1030,2026-04-28T00:00:00,148,34,0.9822,late_stage_ready,inter_monsoon,humid_rain,30.13,67.96,162,158,255,284,1.0,0.0,0.9591,ready,False,0,False
BH-LAT-030-051,HIVE-030,ESP32-1030,2026-04-28T06:00:00,149,32,0.9852,late_stage_ready,inter_monsoon,cloudy_stable,30.39,66.18,154,153,253,278,1.0,0.0,0.9583,ready,False,0,False
BH-LAT-030-052,HIVE-030,ESP32-1030,2026-04-28T12:00:00,149,39,0.9744,late_stage_ready,inter_monsoon,stable_clear,30.42,62.9,146,154,250,275,1.0,0.0,0.9582,ready,False,0,False
BH-LAT-030-053,HIVE-030,ESP32-1030,2026-04-28T18:00:00,150,36,0.9917,late_stage_ready,inter_monsoon,stable_clear,30.32,61.69,146,154,252,268,1.0,0.0,0.9591,ready,False,0,False
BH-LAT-030-054,HIVE-030,ESP32-1030,2026-04-29T00:00:00,150,42,0.9964,late_stage_ready,inter_monsoon,stable_clear,30.39,60.11,140,153,251,267,1.0,0.0,0.959,ready,False,0,False
BH-LAT-030-055,HIVE-030,ESP32-1030,2026-04-29T06:00:00,151,35,1.0,late_stage_ready,inter_monsoon,stable_clear,30.87,60.3,144,152,240,278,1.0,0.0,0.9586,ready,False,0,False
BH-LAT-030-056,HIVE-030,ESP32-1030,2026-04-29T12:00:00,152,34,1.0,late_stage_ready,inter_monsoon,post_rain,30.52,63.58,149,151,248,282,1.0,0.0,0.9575,ready,False,0,False
BH-LAT-030-057,HIVE-030,ESP32-1030,2026-04-29T18:00:00,152,44,1.0,late_stage_ready,inter_monsoon,post_rain,30.36,67.27,160,156,256,284,1.0,0.0,0.9575,ready,False,0,False
BH-LAT-030-058,HIVE-030,ESP32-1030,2026-04-30T00:00:00,153,43,1.0,late_stage_ready,inter_monsoon,post_rain,30.49,69.45,163,160,258,285,1.0,0.0,0.9585,ready,False,0,False
BH-LAT-030-059,HIVE-030,ESP32-1030,2026-04-30T06:00:00,153,38,1.0,late_stage_ready,inter_monsoon,post_rain,30.42,70.01,159,158,257,288,1.0,0.0,0.9594,ready,False,0,False
BH-LAT-030-060,HIVE-030,ESP32-1030,2026-04-30T12:00:00,154,40,0.9804,late_stage_ready,inter_monsoon,post_rain,30.58,69.97,159,155,260,288,1.0,0.0,0.9596,ready,False,0,False
BH-LAT-030-061,HIVE-030,ESP32-1030,2026-04-30T18:00:00,154,39,0.9993,late_stage_ready,inter_monsoon,post_rain,30.86,70.51,161,163,258,283,1.0,0.0,0.9589,ready,False,0,False
BH-LAT-030-062,HIVE-030,ESP32-1030,2026-05-01T00:00:00,155,41,0.9739,late_stage_ready,inter_monsoon,post_rain,30.43,68.76,159,163,257,282,1.0,0.0,0.9583,ready,False,0,False
BH-LAT-030-063,HIVE-030,ESP32-1030,2026-05-01T06:00:00,155,41,0.9993,late_stage_ready,inter_monsoon,post_rain,30.17,67.9,159,162,253,284,1.0,0.0,0.959,ready,False,0,False
BH-LAT-030-064,HIVE-030,ESP32-1030,2026-05-01T12:00:00,155,42,0.987,late_stage_ready,inter_monsoon,stable_clear,30.36,63.82,153,158,261,274,1.0,0.0,0.9573,ready,False,1,False
BH-LAT-030-065,HIVE-030,ESP32-1030,2026-05-01T18:00:00,156,48,1.0,late_stage_ready,inter_monsoon,stable_clear,30.79,63.29,151,159,256,278,1.0,0.0,0.9587,ready,False,0,False
BH-LAT-030-066,HIVE-030,ESP32-1030,2026-05-02T00:00:00,156,44,1.0,late_stage_ready,inter_monsoon,stable_clear,31.01,61.68,147,154,260,271,1.0,0.0,0.9585,ready,False,1,False
BH-LAT-030-067,HIVE-030,ESP32-1030,2026-05-02T06:00:00,157,43,1.0,late_stage_ready,inter_monsoon,humid_rain,30.29,65.08,153,162,262,280,1.0,0.0,0.9565,ready,False,1,False
BH-LAT-030-068,HIVE-030,ESP32-1030,2026-05-02T12:00:00,157,48,1.0,late_stage_ready,inter_monsoon,stable_clear,31.49,60.49,154,158,258,279,1.0,0.0,0.9553,ready,False,0,False
BH-LAT-030-069,HIVE-030,ESP32-1030,2026-05-02T18:00:00,157,44,0.9988,late_stage_ready,inter_monsoon,humid_rain,31.41,63.57,164,161,264,285,1.0,0.0,0.958,ready,False,1,False
BH-LAT-030-070,HIVE-030,ESP32-1030,2026-05-03T00:00:00,158,47,1.0,late_stage_ready,inter_monsoon,stable_clear,32.34,60.52,164,153,259,282,1.0,0.0,0.9564,ready,False,0,False
BH-LAT-030-071,HIVE-030,ESP32-1030,2026-05-03T06:00:00,158,43,0.9975,late_stage_ready,inter_monsoon,humid_rain,31.74,64.42,164,152,266,295,1.0,0.0,0.9567,ready,False,1,False
BH-LAT-030-072,HIVE-030,ESP32-1030,2026-05-03T12:00:00,158,43,0.9838,late_stage_ready,inter_monsoon,humid_rain,31.68,65.28,166,161,267,288,1.0,0.0,0.9592,ready,False,1,False
BH-LAT-030-073,HIVE-030,ESP32-1030,2026-05-03T18:00:00,159,41,0.9972,late_stage_ready,inter_monsoon,humid_rain,30.7,66.14,166,162,261,282,1.0,0.0,0.9574,ready,False,1,False
BH-LAT-030-074,HIVE-030,ESP32-1030,2026-05-04T00:00:00,159,44,0.993,late_stage_ready,inter_monsoon,humid_rain,30.07,68.05,163,158,264,286,1.0,0.0,0.9576,ready,False,1,False
BH-LAT-030-075,HIVE-030,ESP32-1030,2026-05-04T06:00:00,159,50,1.0,late_stage_ready,inter_monsoon,humid_rain,29.95,67.95,166,150,261,288,1.0,0.0,0.9594,ready,False,1,False
BH-LAT-030-076,HIVE-030,ESP32-1030,2026-05-04T12:00:00,159,47,0.9867,late_stage_ready,inter_monsoon,humid_rain,29.87,67.64,167,157,265,287,1.0,0.0,0.9595,ready,False,1,False
BH-LAT-030-077,HIVE-030,ESP32-1030,2026-05-04T18:00:00,159,41,1.0,late_stage_ready,inter_monsoon,cloudy_stable,30.49,67.64,157,162,268,294,1.0,0.0,0.9583,ready,False,1,False
BH-LAT-030-078,HIVE-030,ESP32-1030,2026-05-05T00:00:00,160,47,1.0,late_stage_ready,inter_monsoon,humid_rain,30.43,69.59,156,163,268,300,1.0,0.0,0.9589,ready,False,1,False
BH-LAT-030-079,HIVE-030,ESP32-1030,2026-05-05T06:00:00,160,43,0.9875,late_stage_ready,inter_monsoon,humid_rain,30.8,71.01,169,164,275,298,1.0,0.0,0.9582,ready,False,1,False
BH-LAT-030-080,HIVE-030,ESP32-1030,2026-05-05T12:00:00,160,45,0.9857,late_stage_ready,inter_monsoon,cloudy_stable,30.87,66.56,160,148,258,284,1.0,0.0,0.9569,ready,False,0,False
BH-LAT-030-081,HIVE-030,ESP32-1030,2026-05-05T18:00:00,160,51,1.0,late_stage_ready,inter_monsoon,cloudy_stable,30.51,64.5,155,149,254,283,1.0,0.0,0.9581,ready,False,0,False
BH-LAT-030-082,HIVE-030,ESP32-1030,2026-05-06T00:00:00,160,50,1.0,late_stage_ready,inter_monsoon,post_rain,30.43,66.0,158,148,256,291,1.0,0.0,0.9589,ready,False,0,False
BH-LAT-030-083,HIVE-030,ESP32-1030,2026-05-06T06:00:00,160,52,1.0,late_stage_ready,inter_monsoon,humid_rain,30.15,67.45,159,154,252,289,1.0,0.0,0.9586,ready,False,0,False
BH-LAT-031-000,HIVE-031,ESP32-1031,2026-02-07T00:00:00,134,14,0.9487,late_stage_ready,dry,stable_clear,30.71,62.88,142,166,223,250,0.9683,0.0,0.9303,ready,False,0,False
BH-LAT-031-001,HIVE-031,ESP32-1031,2026-02-07T06:00:00,134,9,0.9625,late_stage_ready,dry,stable_clear,31.39,61.41,146,176,235,259,1.0,0.0,0.9574,ready,False,0,False
BH-LAT-031-002,HIVE-031,ESP32-1031,2026-02-07T12:00:00,134,15,0.9482,late_stage_ready,dry,stable_clear,31.18,60.94,147,177,235,257,0.9948,0.0,0.9547,ready,False,0,False
BH-LAT-031-003,HIVE-031,ESP32-1031,2026-02-07T18:00:00,134,16,0.9444,late_stage_ready,dry,stable_clear,31.36,60.51,156,182,236,265,0.9774,0.0,0.9392,ready,False,1,False
BH-LAT-031-004,HIVE-031,ESP32-1031,2026-02-08T00:00:00,134,14,0.9382,late_stage_ready,dry,stable_clear,31.33,60.12,161,175,239,263,1.0,0.0,0.9595,ready,False,0,False
BH-LAT-031-005,HIVE-031,ESP32-1031,2026-02-08T06:00:00,134,8,0.9715,late_stage_ready,dry,stable_clear,31.32,61.08,156,180,240,261,0.9811,0.0,0.9427,ready,False,0,False
BH-LAT-031-006,HIVE-031,ESP32-1031,2026-02-08T12:00:00,134,12,0.9408,late_stage_ready,dry,midday_heat,32.18,58.43,157,183,234,265,1.0,0.0,0.9569,ready,False,1,False
BH-LAT-031-007,HIVE-031,ESP32-1031,2026-02-08T18:00:00,134,10,0.9658,late_stage_ready,dry,stable_clear,31.9,59.45,156,184,231,267,0.9866,0.0,0.9471,ready,False,1,False
BH-LAT-031-008,HIVE-031,ESP32-1031,2026-02-09T00:00:00,135,17,0.9688,late_stage_ready,dry,midday_heat,32.58,59.12,158,187,250,278,0.9759,0.0,0.9368,ready,False,1,False
BH-LAT-031-009,HIVE-031,ESP32-1031,2026-02-09T06:00:00,135,13,0.9718,late_stage_ready,dry,midday_heat,32.84,58.79,162,186,254,283,1.0,0.0251,0.9453,ready,False,1,False
BH-LAT-031-010,HIVE-031,ESP32-1031,2026-02-09T12:00:00,135,10,0.9423,late_stage_ready,dry,midday_heat,33.02,59.19,167,186,249,291,0.9848,0.0312,0.9286,ready,False,1,False
BH-LAT-031-011,HIVE-031,ESP32-1031,2026-02-09T18:00:00,135,10,0.9643,late_stage_ready,dry,midday_heat,33.31,59.09,167,190,261,290,1.0,0.0654,0.9231,ready,False,2,False
BH-LAT-031-012,HIVE-031,ESP32-1031,2026-02-10T00:00:00,135,17,0.944,late_stage_ready,dry,midday_heat,33.23,58.73,167,200,266,269,1.0,0.0537,0.9296,ready,False,2,False
BH-LAT-031-013,HIVE-031,ESP32-1031,2026-02-10T06:00:00,135,13,0.9608,late_stage_ready,dry,midday_heat,33.44,58.93,165,195,254,264,1.0,0.0621,0.925,ready,False,1,False
BH-LAT-031-014,HIVE-031,ESP32-1031,2026-02-10T12:00:00,136,12,0.948,late_stage_ready,dry,midday_heat,33.54,58.1,164,187,254,267,1.0,0.0985,0.905,ready,False,2,False
BH-LAT-031-015,HIVE-031,ESP32-1031,2026-02-10T18:00:00,136,19,0.9667,late_stage_ready,dry,stable_clear,33.09,58.88,164,184,250,267,0.9874,0.0311,0.9304,ready,False,1,False
BH-LAT-031-016,HIVE-031,ESP32-1031,2026-02-11T00:00:00,136,19,0.9688,late_stage_ready,dry,stable_clear,32.04,58.22,169,189,246,266,0.9959,0.0,0.9537,ready,False,1,False
BH-LAT-031-017,HIVE-031,ESP32-1031,2026-02-11T06:00:00,136,11,0.9621,late_stage_ready,dry,stable_clear,31.26,57.24,164,193,256,264,1.0,0.0,0.9577,ready,False,1,False
BH-LAT-031-018,HIVE-031,ESP32-1031,2026-02-11T12:00:00,136,16,0.9493,late_stage_ready,dry,stable_clear,31.53,57.98,158,184,249,262,1.0,0.0,0.9587,ready,False,1,False
BH-LAT-031-019,HIVE-031,ESP32-1031,2026-02-11T18:00:00,137,20,0.9727,late_stage_ready,dry,stable_clear,31.94,59.59,158,182,246,265,0.9858,0.0,0.9458,ready,False,1,False
BH-LAT-031-020,HIVE-031,ESP32-1031,2026-02-12T00:00:00,137,14,0.9734,late_stage_ready,dry,stable_clear,31.81,59.87,157,177,243,268,1.0,0.0,0.9594,ready,False,0,False
BH-LAT-031-021,HIVE-031,ESP32-1031,2026-02-12T06:00:00,137,15,0.9634,late_stage_ready,dry,cloudy_stable,31.01,60.94,153,180,243,271,1.0,0.0,0.9577,ready,False,0,False
BH-LAT-031-022,HIVE-031,ESP32-1031,2026-02-12T12:00:00,137,12,0.9813,late_stage_ready,dry,cloudy_stable,31.02,61.16,158,184,242,272,1.0,0.0,0.9597,ready,False,1,False
BH-LAT-031-023,HIVE-031,ESP32-1031,2026-02-12T18:00:00,138,17,0.9618,late_stage_ready,dry,stable_clear,31.27,60.62,157,190,239,263,1.0,0.0,0.9589,ready,False,1,False
BH-LAT-031-024,HIVE-031,ESP32-1031,2026-02-13T00:00:00,138,12,0.9735,late_stage_ready,dry,stable_clear,31.69,60.25,161,187,237,261,1.0,0.0,0.9588,ready,False,1,False
BH-LAT-031-025,HIVE-031,ESP32-1031,2026-02-13T06:00:00,138,19,0.964,late_stage_ready,dry,stable_clear,31.86,59.46,153,185,237,259,1.0,0.0,0.9591,ready,False,1,False
BH-LAT-031-026,HIVE-031,ESP32-1031,2026-02-13T12:00:00,139,20,0.969,late_stage_ready,dry,stable_clear,31.6,58.75,147,181,238,251,1.0,0.0,0.9588,ready,False,1,False
BH-LAT-031-027,HIVE-031,ESP32-1031,2026-02-13T18:00:00,139,22,0.9702,late_stage_ready,dry,stable_clear,31.6,59.41,153,176,235,248,1.0,0.0,0.9594,ready,False,0,False
BH-LAT-031-028,HIVE-031,ESP32-1031,2026-02-14T00:00:00,139,14,0.9826,late_stage_ready,dry,stable_clear,31.49,59.78,155,172,233,256,1.0,0.0,0.9594,ready,False,0,False
BH-LAT-031-029,HIVE-031,ESP32-1031,2026-02-14T06:00:00,140,18,0.968,late_stage_ready,dry,stable_clear,31.47,60.48,153,175,241,260,1.0,0.0,0.9594,ready,False,0,False
BH-LAT-031-030,HIVE-031,ESP32-1031,2026-02-14T12:00:00,140,16,0.9731,late_stage_ready,dry,stable_clear,31.79,61.34,155,176,240,253,0.997,0.0,0.9561,ready,False,0,False
BH-LAT-031-031,HIVE-031,ESP32-1031,2026-02-14T18:00:00,140,21,0.9669,late_stage_ready,dry,stable_clear,31.81,62.62,160,186,247,267,1.0,0.0,0.9588,ready,False,1,False
BH-LAT-031-032,HIVE-031,ESP32-1031,2026-02-15T00:00:00,141,20,0.9656,late_stage_ready,dry,midday_heat,32.8,62.0,170,196,255,288,1.0,0.0266,0.9423,ready,False,1,False
BH-LAT-031-033,HIVE-031,ESP32-1031,2026-02-15T06:00:00,141,25,0.9629,late_stage_ready,dry,cloudy_stable,32.87,64.62,171,196,259,280,1.0,0.012,0.9519,ready,False,1,False
BH-LAT-031-034,HIVE-031,ESP32-1031,2026-02-15T12:00:00,141,21,0.9712,late_stage_ready,dry,cloudy_stable,31.83,63.34,162,191,248,279,1.0,0.0,0.9569,ready,False,1,False
BH-LAT-031-035,HIVE-031,ESP32-1031,2026-02-15T18:00:00,142,26,0.9665,late_stage_ready,dry,cloudy_stable,31.95,62.53,165,188,253,285,0.9907,0.0,0.951,ready,False,1,False
BH-LAT-031-036,HIVE-031,ESP32-1031,2026-02-16T00:00:00,142,26,0.9571,late_stage_ready,dry,cloudy_stable,31.96,61.95,168,191,257,285,1.0,0.0,0.9595,ready,False,1,False
BH-LAT-031-037,HIVE-031,ESP32-1031,2026-02-16T06:00:00,142,18,0.9813,late_stage_ready,dry,cloudy_stable,32.41,62.32,174,192,256,277,1.0,0.0,0.9587,ready,False,1,False
BH-LAT-031-038,HIVE-031,ESP32-1031,2026-02-16T12:00:00,143,21,0.9901,late_stage_ready,dry,midday_heat,33.5,59.94,173,203,265,278,1.0,0.109,0.8964,ready,False,3,False
BH-LAT-031-039,HIVE-031,ESP32-1031,2026-02-16T18:00:00,143,27,0.9761,late_stage_ready,dry,midday_heat,33.43,59.03,168,197,257,275,1.0,0.0427,0.9356,ready,False,1,False
BH-LAT-031-040,HIVE-031,ESP32-1031,2026-02-17T00:00:00,143,26,0.9686,late_stage_ready,dry,midday_heat,33.47,59.13,164,198,254,279,1.0,0.0576,0.928,ready,False,1,False
BH-LAT-031-041,HIVE-031,ESP32-1031,2026-02-17T06:00:00,144,26,0.968,late_stage_ready,dry,midday_heat,33.7,58.45,166,195,264,271,0.9964,0.1319,0.8832,ready,False,3,False
BH-LAT-031-042,HIVE-031,ESP32-1031,2026-02-17T12:00:00,144,20,0.9949,late_stage_ready,dry,midday_heat,33.8,59.33,170,193,262,270,1.0,0.1388,0.8829,ready,False,3,False
BH-LAT-031-043,HIVE-031,ESP32-1031,2026-02-17T18:00:00,145,21,0.9801,late_stage_ready,dry,midday_heat,33.72,58.88,167,193,259,286,1.0,0.1187,0.8941,ready,False,2,False
BH-LAT-031-044,HIVE-031,ESP32-1031,2026-02-18T00:00:00,145,24,0.985,late_stage_ready,dry,midday_heat,33.48,57.75,174,191,253,274,1.0,0.0442,0.9343,ready,False,1,False
BH-LAT-031-045,HIVE-031,ESP32-1031,2026-02-18T06:00:00,145,23,0.9795,late_stage_ready,dry,midday_heat,33.41,57.64,174,190,260,273,1.0,0.0864,0.9121,ready,False,2,False
BH-LAT-031-046,HIVE-031,ESP32-1031,2026-02-18T12:00:00,146,20,0.9734,late_stage_ready,dry,midday_heat,32.69,57.85,171,189,263,284,1.0,0.0064,0.9547,ready,False,2,False
BH-LAT-031-047,HIVE-031,ESP32-1031,2026-02-18T18:00:00,146,23,0.9625,late_stage_ready,dry,midday_heat,32.94,58.56,171,192,256,278,1.0,0.0152,0.9506,ready,False,1,False
BH-LAT-031-048,HIVE-031,ESP32-1031,2026-02-19T00:00:00,146,20,0.9909,late_stage_ready,dry,stable_clear,32.49,59.64,159,188,253,280,1.0,0.0,0.9582,ready,False,1,False
BH-LAT-031-049,HIVE-031,ESP32-1031,2026-02-19T06:00:00,147,22,0.973,late_stage_ready,dry,stable_clear,32.1,59.42,158,186,246,292,1.0,0.0,0.9588,ready,False,1,False
BH-LAT-031-050,HIVE-031,ESP32-1031,2026-02-19T12:00:00,147,23,0.997,late_stage_ready,dry,stable_clear,32.22,59.72,160,186,243,280,1.0,0.0,0.9594,ready,False,1,False
BH-LAT-031-051,HIVE-031,ESP32-1031,2026-02-19T18:00:00,147,30,0.9831,late_stage_ready,dry,midday_heat,32.58,58.81,165,192,249,266,1.0,0.0,0.9584,ready,False,1,False
BH-LAT-031-052,HIVE-031,ESP32-1031,2026-02-20T00:00:00,148,31,0.9744,late_stage_ready,dry,midday_heat,32.86,58.8,164,189,249,282,1.0,0.0,0.9591,ready,False,1,False
BH-LAT-031-053,HIVE-031,ESP32-1031,2026-02-20T06:00:00,148,23,0.9844,late_stage_ready,dry,midday_heat,32.86,56.69,173,196,262,280,1.0,0.0519,0.93,ready,False,2,False
BH-LAT-031-054,HIVE-031,ESP32-1031,2026-02-20T12:00:00,148,26,0.9778,late_stage_ready,dry,midday_heat,32.68,55.12,177,204,264,278,1.0,0.0796,0.9148,ready,False,2,False
BH-LAT-031-055,HIVE-031,ESP32-1031,2026-02-20T18:00:00,149,27,0.988,late_stage_ready,dry,stable_clear,32.02,55.83,175,203,255,271,1.0,0.0154,0.9497,ready,False,1,False
BH-LAT-031-056,HIVE-031,ESP32-1031,2026-02-21T00:00:00,149,31,0.98,late_stage_ready,dry,midday_heat,32.66,56.73,172,193,256,270,1.0,0.0337,0.9395,ready,False,1,False
BH-LAT-031-057,HIVE-031,ESP32-1031,2026-02-21T06:00:00,149,33,0.981,late_stage_ready,dry,midday_heat,32.69,57.1,167,196,250,262,1.0,0.0,0.9595,ready,False,1,False
BH-LAT-031-058,HIVE-031,ESP32-1031,2026-02-21T12:00:00,150,28,0.9837,late_stage_ready,dry,midday_heat,33.21,57.62,173,196,247,280,1.0,0.0602,0.9252,ready,False,1,False
BH-LAT-031-059,HIVE-031,ESP32-1031,2026-02-21T18:00:00,150,31,0.976,late_stage_ready,dry,stable_clear,32.25,58.75,167,189,246,267,1.0,0.0,0.9572,ready,False,1,False
BH-LAT-031-060,HIVE-031,ESP32-1031,2026-02-22T00:00:00,150,32,0.9718,late_stage_ready,dry,stable_clear,31.98,60.06,165,182,246,270,1.0,0.0,0.9586,ready,False,1,False
BH-LAT-031-061,HIVE-031,ESP32-1031,2026-02-22T06:00:00,151,27,1.0,late_stage_ready,dry,stable_clear,31.56,61.69,163,186,254,277,1.0,0.0,0.9581,ready,False,1,False
BH-LAT-031-062,HIVE-031,ESP32-1031,2026-02-22T12:00:00,151,33,1.0,late_stage_ready,dry,stable_clear,31.16,61.77,159,189,257,291,1.0,0.0,0.9589,ready,False,1,False
BH-LAT-031-063,HIVE-031,ESP32-1031,2026-02-22T18:00:00,151,30,1.0,late_stage_ready,dry,stable_clear,31.18,63.15,159,190,257,290,1.0,0.0,0.9593,ready,False,1,False
BH-LAT-031-064,HIVE-031,ESP32-1031,2026-02-23T00:00:00,151,32,1.0,late_stage_ready,dry,stable_clear,31.21,63.16,163,192,263,298,1.0,0.0,0.9596,ready,False,2,False
BH-LAT-031-065,HIVE-031,ESP32-1031,2026-02-23T06:00:00,152,26,1.0,late_stage_ready,dry,stable_clear,31.41,60.82,165,192,263,280,1.0,0.0179,0.9484,ready,False,2,False
BH-LAT-031-066,HIVE-031,ESP32-1031,2026-02-23T12:00:00,152,29,1.0,late_stage_ready,dry,stable_clear,31.58,60.64,158,182,258,287,1.0,0.0,0.9591,ready,False,1,False
BH-LAT-031-067,HIVE-031,ESP32-1031,2026-02-23T18:00:00,152,27,0.9974,late_stage_ready,dry,midday_heat,32.55,59.4,161,187,255,282,1.0,0.0054,0.9543,ready,False,1,False
BH-LAT-031-068,HIVE-031,ESP32-1031,2026-02-24T00:00:00,152,34,0.9946,late_stage_ready,dry,stable_clear,32.02,60.26,161,179,247,277,1.0,0.0,0.9582,ready,False,0,False
BH-LAT-031-069,HIVE-031,ESP32-1031,2026-02-24T06:00:00,152,35,0.9812,late_stage_ready,dry,stable_clear,31.9,59.94,164,180,243,267,1.0,0.0,0.9594,ready,False,1,False
BH-LAT-031-070,HIVE-031,ESP32-1031,2026-02-24T12:00:00,153,33,0.9876,late_stage_ready,dry,cloudy_stable,31.29,60.62,161,182,247,264,1.0,0.0,0.9583,ready,False,1,False
BH-LAT-031-071,HIVE-031,ESP32-1031,2026-02-24T18:00:00,153,35,1.0,late_stage_ready,dry,cloudy_stable,31.34,60.7,156,187,245,265,1.0,0.0,0.9596,ready,False,1,False
BH-LAT-031-072,HIVE-031,ESP32-1031,2026-02-25T00:00:00,153,30,0.9993,late_stage_ready,dry,cloudy_stable,31.12,61.47,155,180,244,275,1.0,0.0,0.9589,ready,False,1,False
BH-LAT-031-073,HIVE-031,ESP32-1031,2026-02-25T06:00:00,153,31,0.9812,late_stage_ready,dry,stable_clear,31.24,60.85,164,180,229,264,1.0,0.0,0.959,ready,False,1,False
BH-LAT-031-074,HIVE-031,ESP32-1031,2026-02-25T12:00:00,153,37,1.0,late_stage_ready,dry,stable_clear,31.42,60.5,159,184,231,255,1.0,0.0,0.9592,ready,False,1,False
BH-LAT-031-075,HIVE-031,ESP32-1031,2026-02-25T18:00:00,153,37,1.0,late_stage_ready,dry,stable_clear,31.4,59.55,157,182,248,263,1.0,0.0,0.9591,ready,False,1,False
BH-LAT-031-076,HIVE-031,ESP32-1031,2026-02-26T00:00:00,154,32,0.9943,late_stage_ready,dry,cloudy_stable,31.54,60.79,158,178,248,264,1.0,0.0,0.959,ready,False,0,False
BH-LAT-031-077,HIVE-031,ESP32-1031,2026-02-26T06:00:00,154,29,0.9799,late_stage_ready,dry,stable_clear,31.31,61.52,158,175,246,260,1.0,0.0,0.959,ready,False,0,False
BH-LAT-031-078,HIVE-031,ESP32-1031,2026-02-26T12:00:00,154,37,1.0,late_stage_ready,dry,stable_clear,31.74,61.06,164,173,242,256,1.0,0.0,0.9586,ready,False,0,False
BH-LAT-031-079,HIVE-031,ESP32-1031,2026-02-26T18:00:00,154,34,1.0,late_stage_ready,dry,stable_clear,31.8,60.48,169,175,252,260,1.0,0.0,0.9593,ready,False,0,False
BH-LAT-031-080,HIVE-031,ESP32-1031,2026-02-27T00:00:00,154,32,1.0,late_stage_ready,dry,midday_heat,32.33,59.46,170,184,254,279,1.0,0.0,0.958,ready,False,1,False
BH-LAT-031-081,HIVE-031,ESP32-1031,2026-02-27T06:00:00,154,31,1.0,late_stage_ready,dry,midday_heat,32.72,58.97,166,192,257,277,1.0,0.0,0.9587,ready,False,1,False
BH-LAT-031-082,HIVE-031,ESP32-1031,2026-02-27T12:00:00,154,36,1.0,late_stage_ready,dry,cloudy_stable,32.27,61.13,163,195,245,277,1.0,0.0,0.9578,ready,False,1,False
BH-LAT-031-083,HIVE-031,ESP32-1031,2026-02-27T18:00:00,154,34,0.9819,late_stage_ready,dry,cloudy_stable,31.84,62.1,165,185,243,269,1.0,0.0,0.9584,ready,False,1,False
BH-LAT-032-000,HIVE-032,ESP32-1032,2026-03-15T16:00:00,107,17,0.8543,late_stage_ready,inter_monsoon,cloudy_stable,29.51,62.73,156,122,225,251,0.8841,0.0,0.8562,ready,False,0,False
BH-LAT-032-001,HIVE-032,ESP32-1032,2026-03-15T22:00:00,107,11,0.8556,late_stage_ready,inter_monsoon,humid_rain,29.1,66.11,162,134,240,261,0.9098,0.0,0.8776,ready,False,0,False
BH-LAT-032-002,HIVE-032,ESP32-1032,2026-03-16T04:00:00,107,14,0.8364,late_stage_ready,inter_monsoon,humid_rain,29.1,68.18,176,140,247,258,0.9178,0.0,0.8862,ready,False,0,False
BH-LAT-032-003,HIVE-032,ESP32-1032,2026-03-16T10:00:00,107,14,0.8703,late_stage_ready,inter_monsoon,humid_rain,29.41,66.92,175,148,247,288,0.89,0.0,0.8615,ready,False,0,False
BH-LAT-032-004,HIVE-032,ESP32-1032,2026-03-16T16:00:00,107,17,0.8422,late_stage_ready,inter_monsoon,post_rain,29.43,65.0,174,152,252,280,0.8788,0.0,0.8521,ready,False,0,False
BH-LAT-032-005,HIVE-032,ESP32-1032,2026-03-16T22:00:00,107,8,0.846,late_stage_ready,inter_monsoon,post_rain,29.55,63.96,179,152,255,279,0.9019,0.0,0.8729,ready,False,0,False
BH-LAT-032-006,HIVE-032,ESP32-1032,2026-03-17T04:00:00,107,15,0.8435,late_stage_ready,inter_monsoon,post_rain,29.4,64.34,179,153,258,283,0.8908,0.0,0.8633,ready,False,0,False
BH-LAT-032-007,HIVE-032,ESP32-1032,2026-03-17T10:00:00,107,8,0.8729,late_stage_ready,inter_monsoon,humid_rain,29.2,66.25,174,143,255,281,0.9518,0.0,0.9159,ready,False,0,False
BH-LAT-032-008,HIVE-032,ESP32-1032,2026-03-17T16:00:00,108,12,0.863,late_stage_ready,inter_monsoon,stable_clear,30.02,63.84,165,138,252,284,0.8827,0.0,0.8536,ready,False,0,False
BH-LAT-032-009,HIVE-032,ESP32-1032,2026-03-17T22:00:00,108,11,0.8505,late_stage_ready,inter_monsoon,stable_clear,30.2,62.89,167,137,244,282,0.9067,0.0,0.8769,ready,False,0,False
BH-LAT-032-010,HIVE-032,ESP32-1032,2026-03-18T04:00:00,108,15,0.8795,late_stage_ready,inter_monsoon,stable_clear,30.47,62.73,164,141,245,256,0.9609,0.0,0.9246,ready,False,0,False
BH-LAT-032-011,HIVE-032,ESP32-1032,2026-03-18T10:00:00,108,14,0.8726,late_stage_ready,inter_monsoon,stable_clear,30.68,61.46,163,138,238,259,0.9577,0.0,0.9215,ready,False,0,False
BH-LAT-032-012,HIVE-032,ESP32-1032,2026-03-18T16:00:00,108,19,0.8771,late_stage_ready,inter_monsoon,stable_clear,30.76,60.91,161,140,233,264,0.9575,0.0,0.922,ready,False,0,False
BH-LAT-032-013,HIVE-032,ESP32-1032,2026-03-18T22:00:00,108,11,0.8815,late_stage_ready,inter_monsoon,cloudy_stable,30.49,61.47,162,138,231,271,0.9509,0.0,0.9158,ready,False,0,False
BH-LAT-032-014,HIVE-032,ESP32-1032,2026-03-19T04:00:00,109,19,0.8459,late_stage_ready,inter_monsoon,cloudy_stable,30.32,61.9,164,136,231,270,0.9362,0.0,0.9032,ready,False,0,False
BH-LAT-032-015,HIVE-032,ESP32-1032,2026-03-19T10:00:00,109,16,0.8567,late_stage_ready,inter_monsoon,cloudy_stable,30.19,63.61,171,137,237,286,0.9204,0.0,0.8884,ready,False,0,False
BH-LAT-032-016,HIVE-032,ESP32-1032,2026-03-19T16:00:00,109,12,0.8707,late_stage_ready,inter_monsoon,cloudy_stable,29.83,66.18,173,128,242,287,0.8961,0.0,0.8663,ready,False,0,False
BH-LAT-032-017,HIVE-032,ESP32-1032,2026-03-19T22:00:00,109,15,0.8712,late_stage_ready,inter_monsoon,cloudy_stable,29.9,66.05,172,130,250,283,0.9564,0.0,0.9212,ready,False,0,False
BH-LAT-032-018,HIVE-032,ESP32-1032,2026-03-20T04:00:00,109,11,0.8859,late_stage_ready,inter_monsoon,stable_clear,30.3,64.48,169,129,245,275,0.9675,0.0,0.9296,ready,False,0,False
BH-LAT-032-019,HIVE-032,ESP32-1032,2026-03-20T10:00:00,110,20,0.8928,late_stage_ready,inter_monsoon,stable_clear,30.32,62.47,163,132,245,275,0.9701,0.0,0.9325,ready,False,0,False
BH-LAT-032-020,HIVE-032,ESP32-1032,2026-03-20T16:00:00,110,13,0.878,late_stage_ready,inter_monsoon,post_rain,30.04,64.88,162,140,246,283,0.9041,0.0,0.8736,ready,False,0,False
BH-LAT-032-021,HIVE-032,ESP32-1032,2026-03-20T22:00:00,110,21,0.8901,late_stage_ready,inter_monsoon,post_rain,29.65,66.23,168,140,246,276,0.9293,0.0,0.8962,ready,False,0,False
BH-LAT-032-022,HIVE-032,ESP32-1032,2026-03-21T04:00:00,110,16,0.8987,late_stage_ready,inter_monsoon,post_rain,29.41,66.95,161,143,246,281,0.9295,0.0,0.8968,ready,False,0,False
BH-LAT-032-023,HIVE-032,ESP32-1032,2026-03-21T10:00:00,111,15,0.8622,late_stage_ready,inter_monsoon,post_rain,29.41,67.02,168,144,252,278,0.9183,0.0,0.8878,ready,False,0,False
BH-LAT-032-024,HIVE-032,ESP32-1032,2026-03-21T16:00:00,111,20,0.8778,late_stage_ready,inter_monsoon,post_rain,29.13,68.69,173,145,251,293,0.9557,0.0,0.9194,ready,False,0,False
BH-LAT-032-025,HIVE-032,ESP32-1032,2026-03-21T22:00:00,111,21,0.8932,late_stage_ready,inter_monsoon,post_rain,29.11,68.48,178,152,256,296,0.9684,0.0,0.9317,ready,False,0,False
BH-LAT-032-026,HIVE-032,ESP32-1032,2026-03-22T04:00:00,112,23,0.9045,late_stage_ready,inter_monsoon,post_rain,28.92,69.23,175,145,251,292,0.9447,0.0,0.9103,ready,False,0,False
BH-LAT-032-027,HIVE-032,ESP32-1032,2026-03-22T10:00:00,112,19,0.8971,late_stage_ready,inter_monsoon,cloudy_stable,29.54,66.91,168,142,247,278,0.9527,0.0,0.9157,ready,False,0,False
BH-LAT-032-028,HIVE-032,ESP32-1032,2026-03-22T16:00:00,112,14,0.8753,late_stage_ready,inter_monsoon,humid_rain,29.56,66.57,177,154,255,289,0.912,0.0,0.8817,ready,False,0,False
BH-LAT-032-029,HIVE-032,ESP32-1032,2026-03-22T22:00:00,113,20,0.8791,late_stage_ready,inter_monsoon,humid_rain,29.56,65.95,175,158,250,291,0.9094,0.0,0.8797,ready,False,0,False
BH-LAT-032-030,HIVE-032,ESP32-1032,2026-03-23T04:00:00,113,16,0.9167,late_stage_ready,inter_monsoon,cloudy_stable,30.18,64.16,177,149,253,284,0.9431,0.0,0.9075,ready,False,0,False
BH-LAT-032-031,HIVE-032,ESP32-1032,2026-03-23T10:00:00,113,24,0.9096,late_stage_ready,inter_monsoon,cloudy_stable,30.08,63.29,176,149,250,286,0.937,0.0,0.9039,ready,False,0,False
BH-LAT-032-032,HIVE-032,ESP32-1032,2026-03-23T16:00:00,114,16,0.9153,late_stage_ready,inter_monsoon,cloudy_stable,30.61,63.11,175,140,244,276,0.9307,0.0,0.8975,ready,False,0,False
BH-LAT-032-033,HIVE-032,ESP32-1032,2026-03-23T22:00:00,114,20,0.9125,late_stage_ready,inter_monsoon,cloudy_stable,30.37,63.6,171,147,239,270,0.9392,0.0,0.9055,ready,False,0,False
BH-LAT-032-034,HIVE-032,ESP32-1032,2026-03-24T04:00:00,114,19,0.8924,late_stage_ready,inter_monsoon,stable_clear,30.62,62.33,171,138,243,268,0.9584,0.0,0.922,ready,False,0,False
BH-LAT-032-035,HIVE-032,ESP32-1032,2026-03-24T10:00:00,115,19,0.9037,late_stage_ready,inter_monsoon,stable_clear,30.22,61.67,167,138,243,275,0.9633,0.0,0.9264,ready,False,0,False
BH-LAT-032-036,HIVE-032,ESP32-1032,2026-03-24T16:00:00,115,16,0.8962,late_stage_ready,inter_monsoon,stable_clear,30.43,61.55,164,140,255,266,0.9744,0.0,0.9366,ready,False,0,False
BH-LAT-032-037,HIVE-032,ESP32-1032,2026-03-24T22:00:00,115,25,0.903,late_stage_ready,inter_monsoon,humid_rain,29.96,65.03,170,143,250,278,0.9782,0.0,0.9379,ready,False,0,False
BH-LAT-032-038,HIVE-032,ESP32-1032,2026-03-25T04:00:00,116,21,0.917,late_stage_ready,inter_monsoon,stable_clear,30.06,62.17,169,142,245,267,0.9412,0.0,0.9065,ready,False,0,False
BH-LAT-032-039,HIVE-032,ESP32-1032,2026-03-25T10:00:00,116,19,0.9215,late_stage_ready,inter_monsoon,cloudy_stable,30.44,62.83,162,136,245,273,0.9915,0.0,0.9511,ready,False,0,False
BH-LAT-032-040,HIVE-032,ESP32-1032,2026-03-25T16:00:00,116,26,0.9093,late_stage_ready,inter_monsoon,cloudy_stable,30.42,62.83,164,139,244,270,0.949,0.0,0.9149,ready,False,0,False
BH-LAT-032-041,HIVE-032,ESP32-1032,2026-03-25T22:00:00,117,25,0.9088,late_stage_ready,inter_monsoon,cloudy_stable,30.84,62.18,164,142,248,282,0.9556,0.0,0.9195,ready,False,0,False
BH-LAT-032-042,HIVE-032,ESP32-1032,2026-03-26T04:00:00,117,24,0.9182,late_stage_ready,inter_monsoon,cloudy_stable,30.54,61.7,171,141,251,280,0.9337,0.0,0.9007,ready,False,0,False
BH-LAT-032-043,HIVE-032,ESP32-1032,2026-03-26T10:00:00,118,22,0.9181,late_stage_ready,inter_monsoon,stable_clear,30.61,60.91,175,140,252,287,0.9908,0.0,0.9512,ready,False,0,False
BH-LAT-032-044,HIVE-032,ESP32-1032,2026-03-26T16:00:00,118,28,0.939,late_stage_ready,inter_monsoon,stable_clear,30.35,59.84,175,139,256,277,0.9837,0.0,0.9445,ready,False,0,False
BH-LAT-032-045,HIVE-032,ESP32-1032,2026-03-26T22:00:00,118,23,0.9272,late_stage_ready,inter_monsoon,stable_clear,30.62,60.3,170,127,250,284,0.9874,0.0,0.9476,ready,False,0,False
BH-LAT-032-046,HIVE-032,ESP32-1032,2026-03-27T04:00:00,119,24,0.9319,late_stage_ready,inter_monsoon,stable_clear,30.83,60.18,165,129,243,277,0.9842,0.0,0.9453,ready,False,0,False
BH-LAT-032-047,HIVE-032,ESP32-1032,2026-03-27T10:00:00,119,21,0.9386,late_stage_ready,inter_monsoon,stable_clear,30.55,59.75,160,137,241,271,0.9534,0.0,0.9179,ready,False,0,False
BH-LAT-032-048,HIVE-032,ESP32-1032,2026-03-27T16:00:00,119,30,0.9335,late_stage_ready,inter_monsoon,stable_clear,30.89,60.36,162,132,233,268,0.9815,0.0,0.9425,ready,False,0,False
BH-LAT-032-049,HIVE-032,ESP32-1032,2026-03-27T22:00:00,120,22,0.9299,late_stage_ready,inter_monsoon,stable_clear,30.86,60.24,162,126,244,268,0.9684,0.0,0.9318,ready,False,0,False
BH-LAT-032-050,HIVE-032,ESP32-1032,2026-03-28T04:00:00,120,26,0.956,late_stage_ready,inter_monsoon,post_rain,30.1,63.3,171,136,241,282,0.9823,0.0,0.9409,ready,False,0,False
BH-LAT-032-051,HIVE-032,ESP32-1032,2026-03-28T10:00:00,120,25,0.9402,late_stage_ready,inter_monsoon,post_rain,29.99,65.26,169,145,251,283,0.9964,0.0,0.9553,ready,False,0,False
BH-LAT-032-052,HIVE-032,ESP32-1032,2026-03-28T16:00:00,121,31,0.9587,late_stage_ready,inter_monsoon,post_rain,29.86,66.23,171,147,255,274,1.0,0.0,0.959,ready,False,0,False
BH-LAT-032-053,HIVE-032,ESP32-1032,2026-03-28T22:00:00,121,22,0.9628,late_stage_ready,inter_monsoon,post_rain,30.25,66.91,176,148,253,280,0.9803,0.0,0.9414,ready,False,0,False
BH-LAT-032-054,HIVE-032,ESP32-1032,2026-03-29T04:00:00,121,28,0.9477,late_stage_ready,inter_monsoon,post_rain,30.0,66.73,170,144,252,282,0.9587,0.0,0.9229,ready,False,0,False
BH-LAT-032-055,HIVE-032,ESP32-1032,2026-03-29T10:00:00,122,25,0.9548,late_stage_ready,inter_monsoon,post_rain,30.14,67.46,167,148,251,281,1.0,0.0,0.9592,ready,False,0,False
BH-LAT-032-056,HIVE-032,ESP32-1032,2026-03-29T16:00:00,122,26,0.9531,late_stage_ready,inter_monsoon,stable_clear,30.25,64.58,166,136,246,273,0.9565,0.0,0.9198,ready,False,0,False
BH-LAT-032-057,HIVE-032,ESP32-1032,2026-03-29T22:00:00,122,27,0.9539,late_stage_ready,inter_monsoon,stable_clear,30.45,62.75,168,135,243,270,1.0,0.0,0.9586,ready,False,0,False
BH-LAT-032-058,HIVE-032,ESP32-1032,2026-03-30T04:00:00,123,33,0.9521,late_stage_ready,inter_monsoon,stable_clear,30.67,61.01,163,135,230,263,1.0,0.0,0.9584,ready,False,0,False
BH-LAT-032-059,HIVE-032,ESP32-1032,2026-03-30T10:00:00,123,29,0.9561,late_stage_ready,inter_monsoon,post_rain,30.15,63.94,171,140,241,271,1.0,0.0,0.9571,ready,False,0,False
BH-LAT-032-060,HIVE-032,ESP32-1032,2026-03-30T16:00:00,123,24,0.9685,late_stage_ready,inter_monsoon,cloudy_stable,29.77,62.91,173,139,231,270,1.0,0.0,0.9585,ready,False,0,False
BH-LAT-032-061,HIVE-032,ESP32-1032,2026-03-30T22:00:00,124,29,0.9751,late_stage_ready,inter_monsoon,cloudy_stable,30.06,62.72,167,135,238,258,0.9761,0.0,0.9379,ready,False,0,False
BH-LAT-032-062,HIVE-032,ESP32-1032,2026-03-31T04:00:00,124,28,0.9781,late_stage_ready,inter_monsoon,cloudy_stable,30.0,62.9,164,134,238,256,0.9895,0.0,0.9504,ready,False,0,False
BH-LAT-032-063,HIVE-032,ESP32-1032,2026-03-31T10:00:00,124,30,0.9917,late_stage_ready,inter_monsoon,stable_clear,30.15,61.96,161,149,236,268,1.0,0.0,0.9587,ready,False,0,False
BH-LAT-032-064,HIVE-032,ESP32-1032,2026-03-31T16:00:00,124,35,0.98,late_stage_ready,inter_monsoon,stable_clear,30.41,61.71,163,141,241,261,1.0,0.0,0.959,ready,False,0,False
BH-LAT-032-065,HIVE-032,ESP32-1032,2026-03-31T22:00:00,125,36,0.9717,late_stage_ready,inter_monsoon,stable_clear,30.83,61.47,171,137,246,264,1.0,0.0,0.9587,ready,False,0,False
BH-LAT-032-066,HIVE-032,ESP32-1032,2026-04-01T04:00:00,125,30,0.987,late_stage_ready,inter_monsoon,humid_rain,29.77,63.97,177,145,254,272,0.9878,0.0,0.9455,ready,False,0,False
BH-LAT-032-067,HIVE-032,ESP32-1032,2026-04-01T10:00:00,125,36,0.978,late_stage_ready,inter_monsoon,stable_clear,30.38,61.86,172,146,251,276,1.0,0.0,0.9576,ready,False,0,False
BH-LAT-032-068,HIVE-032,ESP32-1032,2026-04-01T16:00:00,125,31,0.9909,late_stage_ready,inter_monsoon,stable_clear,30.37,62.38,172,139,256,281,0.9899,0.0,0.9506,ready,False,0,False
BH-LAT-032-069,HIVE-032,ESP32-1032,2026-04-01T22:00:00,125,27,1.0,late_stage_ready,inter_monsoon,stable_clear,30.35,62.25,164,142,245,279,1.0,0.0,0.9595,ready,False,0,False
BH-LAT-032-070,HIVE-032,ESP32-1032,2026-04-02T04:00:00,126,35,1.0,late_stage_ready,inter_monsoon,stable_clear,30.64,61.14,167,141,239,270,1.0,0.0,0.9587,ready,False,0,False
BH-LAT-032-071,HIVE-032,ESP32-1032,2026-04-02T10:00:00,126,30,0.9838,late_stage_ready,inter_monsoon,stable_clear,30.95,61.16,167,138,236,274,1.0,0.0,0.9592,ready,False,0,False
BH-LAT-032-072,HIVE-032,ESP32-1032,2026-04-02T16:00:00,126,35,0.9971,late_stage_ready,inter_monsoon,post_rain,30.27,64.62,172,140,245,282,1.0,0.0,0.9567,ready,False,0,False
BH-LAT-032-073,HIVE-032,ESP32-1032,2026-04-02T22:00:00,126,33,1.0,late_stage_ready,inter_monsoon,post_rain,30.04,65.44,172,150,256,285,1.0,0.0,0.9588,ready,False,0,False
BH-LAT-032-074,HIVE-032,ESP32-1032,2026-04-03T04:00:00,126,36,0.9773,late_stage_ready,inter_monsoon,humid_rain,30.07,65.82,181,158,269,294,1.0,0.0,0.9592,ready,False,2,False
BH-LAT-032-075,HIVE-032,ESP32-1032,2026-04-03T10:00:00,126,35,0.9869,late_stage_ready,inter_monsoon,humid_rain,30.28,66.87,179,160,265,299,1.0,0.0,0.9589,ready,False,1,False
BH-LAT-032-076,HIVE-032,ESP32-1032,2026-04-03T16:00:00,127,28,0.9805,late_stage_ready,inter_monsoon,humid_rain,30.5,67.04,187,166,257,301,1.0,0.001,0.9585,ready,False,1,False
BH-LAT-032-077,HIVE-032,ESP32-1032,2026-04-03T22:00:00,127,36,1.0,late_stage_ready,inter_monsoon,humid_rain,29.99,66.51,183,162,257,305,0.9831,0.0,0.9436,ready,False,1,False
BH-LAT-032-078,HIVE-032,ESP32-1032,2026-04-04T04:00:00,127,28,0.9981,late_stage_ready,inter_monsoon,humid_rain,30.77,66.7,182,162,266,303,1.0,0.0,0.9582,ready,False,2,False
BH-LAT-032-079,HIVE-032,ESP32-1032,2026-04-04T10:00:00,127,28,0.998,late_stage_ready,inter_monsoon,humid_rain,29.97,67.45,180,153,255,297,0.9932,0.0,0.9516,ready,False,1,False
BH-LAT-032-080,HIVE-032,ESP32-1032,2026-04-04T16:00:00,127,36,0.985,late_stage_ready,inter_monsoon,humid_rain,29.58,68.47,179,148,260,294,0.9745,0.0,0.936,ready,False,0,False
BH-LAT-032-081,HIVE-032,ESP32-1032,2026-04-04T22:00:00,127,28,1.0,late_stage_ready,inter_monsoon,humid_rain,29.35,68.16,183,149,264,287,1.0,0.0,0.9592,ready,False,2,False
BH-LAT-032-082,HIVE-032,ESP32-1032,2026-04-05T04:00:00,127,29,1.0,late_stage_ready,inter_monsoon,cloudy_stable,29.89,66.4,174,140,244,277,1.0,0.0,0.9574,ready,False,0,False
BH-LAT-032-083,HIVE-032,ESP32-1032,2026-04-05T10:00:00,127,37,1.0,late_stage_ready,inter_monsoon,cloudy_stable,30.12,65.57,169,143,242,274,1.0,0.0,0.9589,ready,False,0,False
BH-LAT-033-000,HIVE-033,ESP32-1033,2026-01-17T16:00:00,116,18,0.9448,late_stage_ready,inter_monsoon,stable_clear,31.59,63.96,146,139,229,247,1.0,0.0,0.9581,ready,False,0,False
BH-LAT-033-001,HIVE-033,ESP32-1033,2026-01-17T22:00:00,116,14,0.9171,late_stage_ready,inter_monsoon,humid_rain,30.76,68.56,154,147,237,254,0.9814,0.0,0.9393,ready,False,0,False
BH-LAT-033-002,HIVE-033,ESP32-1033,2026-01-18T04:00:00,116,18,0.9425,late_stage_ready,inter_monsoon,humid_rain,30.59,71.51,161,154,240,270,0.9803,0.0,0.9404,ready,False,0,False
BH-LAT-033-003,HIVE-033,ESP32-1033,2026-01-18T10:00:00,116,17,0.9367,late_stage_ready,inter_monsoon,post_rain,31.01,70.66,161,156,248,262,0.9387,0.0,0.9046,ready,False,0,False
BH-LAT-033-004,HIVE-033,ESP32-1033,2026-01-18T16:00:00,116,11,0.9309,late_stage_ready,inter_monsoon,post_rain,30.62,71.36,162,155,244,275,0.9771,0.0,0.9385,ready,False,0,False
BH-LAT-033-005,HIVE-033,ESP32-1033,2026-01-18T22:00:00,116,11,0.9418,late_stage_ready,inter_monsoon,post_rain,30.78,70.76,172,163,238,282,1.0,0.0,0.9589,ready,False,0,False
BH-LAT-033-006,HIVE-033,ESP32-1033,2026-01-19T04:00:00,116,12,0.9241,late_stage_ready,inter_monsoon,post_rain,31.14,69.78,173,156,241,282,0.9953,0.0,0.9545,ready,False,0,False
BH-LAT-033-007,HIVE-033,ESP32-1033,2026-01-19T10:00:00,116,11,0.9386,late_stage_ready,inter_monsoon,post_rain,30.91,70.38,171,157,249,272,0.9474,0.0,0.9127,ready,False,0,False
BH-LAT-033-008,HIVE-033,ESP32-1033,2026-01-19T16:00:00,117,13,0.9166,late_stage_ready,inter_monsoon,stable_clear,31.74,67.66,166,155,238,276,0.9475,0.0,0.9105,ready,False,0,False
BH-LAT-033-009,HIVE-033,ESP32-1033,2026-01-19T22:00:00,117,11,0.9464,late_stage_ready,inter_monsoon,cloudy_stable,31.64,67.27,166,154,241,267,0.9916,0.0,0.9521,ready,False,0,False
BH-LAT-033-010,HIVE-033,ESP32-1033,2026-01-20T04:00:00,117,13,0.9476,late_stage_ready,inter_monsoon,cloudy_stable,31.53,67.23,163,151,243,269,0.9551,0.0,0.9201,ready,False,0,False
BH-LAT-033-011,HIVE-033,ESP32-1033,2026-01-20T10:00:00,117,13,0.9394,late_stage_ready,inter_monsoon,stable_clear,32.09,65.34,160,148,238,277,0.961,0.0,0.9234,ready,False,0,False
BH-LAT-033-012,HIVE-033,ESP32-1033,2026-01-20T16:00:00,117,15,0.9333,late_stage_ready,inter_monsoon,stable_clear,32.39,64.61,154,149,230,276,0.9465,0.0,0.9117,ready,False,0,False
BH-LAT-033-013,HIVE-033,ESP32-1033,2026-01-20T22:00:00,117,19,0.953,late_stage_ready,inter_monsoon,stable_clear,32.32,64.32,165,149,225,274,0.9852,0.0,0.9464,ready,False,0,False
BH-LAT-033-014,HIVE-033,ESP32-1033,2026-01-21T04:00:00,118,16,0.9202,late_stage_ready,inter_monsoon,post_rain,31.64,67.17,161,152,236,273,0.9712,0.0,0.9317,ready,False,0,False
BH-LAT-033-015,HIVE-033,ESP32-1033,2026-01-21T10:00:00,118,18,0.942,late_stage_ready,inter_monsoon,post_rain,31.3,70.17,165,155,241,269,0.9989,0.0,0.9567,ready,False,0,False
BH-LAT-033-016,HIVE-033,ESP32-1033,2026-01-21T16:00:00,118,16,0.9283,late_stage_ready,inter_monsoon,post_rain,31.28,69.96,162,153,243,273,0.9942,0.0,0.9546,ready,False,0,False
BH-LAT-033-017,HIVE-033,ESP32-1033,2026-01-21T22:00:00,118,20,0.9209,late_stage_ready,inter_monsoon,cloudy_stable,31.23,68.41,157,151,245,263,0.9448,0.0,0.9104,ready,False,0,False
BH-LAT-033-018,HIVE-033,ESP32-1033,2026-01-22T04:00:00,119,11,0.9275,late_stage_ready,inter_monsoon,cloudy_stable,31.3,67.26,161,155,242,262,1.0,0.0,0.9591,ready,False,0,False
BH-LAT-033-019,HIVE-033,ESP32-1033,2026-01-22T10:00:00,119,15,0.9542,late_stage_ready,inter_monsoon,cloudy_stable,31.6,66.82,159,148,243,259,0.9618,0.0,0.9254,ready,False,0,False
BH-LAT-033-020,HIVE-033,ESP32-1033,2026-01-22T16:00:00,119,20,0.9302,late_stage_ready,inter_monsoon,cloudy_stable,31.55,66.42,151,153,242,266,0.9865,0.0,0.9475,ready,False,0,False
BH-LAT-033-021,HIVE-033,ESP32-1033,2026-01-22T22:00:00,120,21,0.9429,late_stage_ready,inter_monsoon,post_rain,31.28,68.98,158,155,245,273,0.9949,0.0,0.9535,ready,False,0,False
BH-LAT-033-022,HIVE-033,ESP32-1033,2026-01-23T04:00:00,120,15,0.9599,late_stage_ready,inter_monsoon,post_rain,31.02,70.25,165,150,243,283,0.9719,0.0,0.9338,ready,False,0,False
BH-LAT-033-023,HIVE-033,ESP32-1033,2026-01-23T10:00:00,120,16,0.9568,late_stage_ready,inter_monsoon,post_rain,31.29,69.96,166,150,240,284,0.9845,0.0,0.9456,ready,False,0,False
BH-LAT-033-024,HIVE-033,ESP32-1033,2026-01-23T16:00:00,120,21,0.9456,late_stage_ready,inter_monsoon,post_rain,31.15,70.81,159,153,243,270,0.9795,0.0,0.9409,ready,False,0,False
BH-LAT-033-025,HIVE-033,ESP32-1033,2026-01-23T22:00:00,121,23,0.9532,late_stage_ready,inter_monsoon,post_rain,31.0,70.49,163,148,246,265,0.9812,0.0,0.9427,ready,False,0,False
BH-LAT-033-026,HIVE-033,ESP32-1033,2026-01-24T04:00:00,121,16,0.9434,late_stage_ready,inter_monsoon,post_rain,30.88,69.94,170,152,244,265,0.957,0.0,0.9214,ready,False,0,False
BH-LAT-033-027,HIVE-033,ESP32-1033,2026-01-24T10:00:00,121,20,0.9584,late_stage_ready,inter_monsoon,post_rain,30.86,69.8,171,149,250,272,1.0,0.0,0.9597,ready,False,0,False
BH-LAT-033-028,HIVE-033,ESP32-1033,2026-01-24T16:00:00,122,16,0.9333,late_stage_ready,inter_monsoon,post_rain,30.97,70.42,169,148,248,274,1.0,0.0,0.9594,ready,False,0,False
BH-LAT-033-029,HIVE-033,ESP32-1033,2026-01-24T22:00:00,122,17,0.9577,late_stage_ready,inter_monsoon,stable_clear,31.42,67.98,168,152,244,260,0.9705,0.0,0.9317,ready,False,0,False
BH-LAT-033-030,HIVE-033,ESP32-1033,2026-01-25T04:00:00,123,18,0.9496,late_stage_ready,inter_monsoon,stable_clear,31.87,66.01,164,152,242,266,0.9566,0.0,0.9198,ready,False,0,False
BH-LAT-033-031,HIVE-033,ESP32-1033,2026-01-25T10:00:00,123,17,0.9436,late_stage_ready,inter_monsoon,cloudy_stable,31.73,66.44,167,157,249,279,0.955,0.0,0.9195,ready,False,0,False
BH-LAT-033-032,HIVE-033,ESP32-1033,2026-01-25T16:00:00,123,17,0.9398,late_stage_ready,inter_monsoon,cloudy_stable,30.86,66.07,165,162,253,273,0.9493,0.0,0.9132,ready,False,0,False
BH-LAT-033-033,HIVE-033,ESP32-1033,2026-01-25T22:00:00,124,19,0.9474,late_stage_ready,inter_monsoon,stable_clear,31.06,65.9,162,155,248,266,0.9894,0.0,0.9499,ready,False,0,False
BH-LAT-033-034,HIVE-033,ESP32-1033,2026-01-26T04:00:00,124,18,0.9633,late_stage_ready,inter_monsoon,stable_clear,31.29,65.46,163,151,253,276,0.9825,0.0,0.9437,ready,False,0,False
BH-LAT-033-035,HIVE-033,ESP32-1033,2026-01-26T10:00:00,124,18,0.9663,late_stage_ready,inter_monsoon,stable_clear,31.39,64.25,164,158,247,276,1.0,0.0,0.959,ready,False,0,False
BH-LAT-033-036,HIVE-033,ESP32-1033,2026-01-26T16:00:00,125,19,0.9785,late_stage_ready,inter_monsoon,stable_clear,31.68,64.38,163,153,240,269,0.9862,0.0,0.9469,ready,False,0,False
BH-LAT-033-037,HIVE-033,ESP32-1033,2026-01-26T22:00:00,125,24,0.9671,late_stage_ready,inter_monsoon,stable_clear,31.76,64.67,157,146,242,262,1.0,0.0,0.9593,ready,False,0,False
BH-LAT-033-038,HIVE-033,ESP32-1033,2026-01-27T04:00:00,126,25,0.9578,late_stage_ready,inter_monsoon,stable_clear,31.95,65.32,160,151,250,256,1.0,0.0,0.959,ready,False,0,False
BH-LAT-033-039,HIVE-033,ESP32-1033,2026-01-27T10:00:00,126,22,0.9565,late_stage_ready,inter_monsoon,stable_clear,31.88,64.24,163,154,249,263,1.0,0.0,0.9592,ready,False,0,False
BH-LAT-033-040,HIVE-033,ESP32-1033,2026-01-27T16:00:00,126,24,0.969,late_stage_ready,inter_monsoon,stable_clear,32.32,63.97,164,148,249,268,1.0,0.0,0.9588,ready,False,0,False
BH-LAT-033-041,HIVE-033,ESP32-1033,2026-01-27T22:00:00,127,27,0.9557,late_stage_ready,inter_monsoon,post_rain,31.45,67.16,166,154,253,272,0.9904,0.0,0.948,ready,False,0,False
BH-LAT-033-042,HIVE-033,ESP32-1033,2026-01-28T04:00:00,127,29,0.9615,late_stage_ready,inter_monsoon,post_rain,31.57,69.25,168,157,257,276,0.9905,0.0,0.9502,ready,False,0,False
BH-LAT-033-043,HIVE-033,ESP32-1033,2026-01-28T10:00:00,128,20,0.9563,late_stage_ready,inter_monsoon,post_rain,31.5,69.72,165,153,255,260,1.0,0.0,0.9593,ready,False,0,False
BH-LAT-033-044,HIVE-033,ESP32-1033,2026-01-28T16:00:00,128,30,0.9549,late_stage_ready,inter_monsoon,stable_clear,31.91,67.93,152,156,247,268,0.9989,0.0,0.9569,ready,False,0,False
BH-LAT-033-045,HIVE-033,ESP32-1033,2026-01-28T22:00:00,128,25,0.9551,late_stage_ready,inter_monsoon,stable_clear,32.08,65.59,148,145,246,262,0.9926,0.0,0.9517,ready,False,0,False
BH-LAT-033-046,HIVE-033,ESP32-1033,2026-01-29T04:00:00,129,26,0.9589,late_stage_ready,inter_monsoon,stable_clear,32.17,65.1,148,143,246,267,0.9937,0.0,0.9539,ready,False,0,False
BH-LAT-033-047,HIVE-033,ESP32-1033,2026-01-29T10:00:00,129,27,0.9788,late_stage_ready,inter_monsoon,stable_clear,32.06,65.57,154,146,246,269,1.0,0.0,0.9594,ready,False,0,False
BH-LAT-033-048,HIVE-033,ESP32-1033,2026-01-29T16:00:00,130,31,0.9771,late_stage_ready,inter_monsoon,stable_clear,31.9,64.54,153,147,238,260,1.0,0.0,0.959,ready,False,0,False
BH-LAT-033-049,HIVE-033,ESP32-1033,2026-01-29T22:00:00,130,22,0.961,late_stage_ready,inter_monsoon,stable_clear,31.7,64.51,150,147,242,256,1.0,0.0,0.9594,ready,False,0,False
BH-LAT-033-050,HIVE-033,ESP32-1033,2026-01-30T04:00:00,130,26,0.9605,late_stage_ready,inter_monsoon,humid_rain,30.9,68.62,158,158,252,265,0.9983,0.0,0.9543,ready,False,0,False
BH-LAT-033-051,HIVE-033,ESP32-1033,2026-01-30T10:00:00,131,23,0.9845,late_stage_ready,inter_monsoon,humid_rain,30.76,70.08,163,159,253,278,0.9973,0.0,0.9564,ready,False,0,False
BH-LAT-033-052,HIVE-033,ESP32-1033,2026-01-30T16:00:00,131,28,0.9938,late_stage_ready,inter_monsoon,humid_rain,30.85,71.16,166,158,253,273,1.0,0.0,0.9592,ready,False,0,False
BH-LAT-033-053,HIVE-033,ESP32-1033,2026-01-30T22:00:00,131,27,0.9792,late_stage_ready,inter_monsoon,stable_clear,31.41,69.01,166,154,243,262,0.9727,0.0,0.9335,ready,False,0,False
BH-LAT-033-054,HIVE-033,ESP32-1033,2026-01-31T04:00:00,132,30,0.9608,late_stage_ready,inter_monsoon,post_rain,31.54,70.26,174,160,249,272,1.0,0.0,0.9587,ready,False,0,False
BH-LAT-033-055,HIVE-033,ESP32-1033,2026-01-31T10:00:00,132,28,0.9638,late_stage_ready,inter_monsoon,post_rain,31.94,71.11,170,157,259,279,0.9698,0.0,0.9319,ready,False,0,False
BH-LAT-033-056,HIVE-033,ESP32-1033,2026-01-31T16:00:00,133,25,0.9938,late_stage_ready,inter_monsoon,post_rain,31.87,72.21,173,155,256,281,0.9959,0.0,0.9555,ready,False,0,False
BH-LAT-033-057,HIVE-033,ESP32-1033,2026-01-31T22:00:00,133,26,0.9694,late_stage_ready,inter_monsoon,post_rain,31.58,71.5,166,163,253,281,1.0,0.0,0.9588,ready,False,0,False
BH-LAT-033-058,HIVE-033,ESP32-1033,2026-02-01T04:00:00,133,25,0.9652,late_stage_ready,inter_monsoon,humid_rain,31.42,71.44,174,165,248,274,0.9809,0.0,0.9425,ready,False,0,False
BH-LAT-033-059,HIVE-033,ESP32-1033,2026-02-01T10:00:00,134,35,0.9923,late_stage_ready,inter_monsoon,stable_clear,31.78,68.29,163,154,246,269,1.0,0.0,0.9573,ready,False,0,False
BH-LAT-033-060,HIVE-033,ESP32-1033,2026-02-01T16:00:00,134,35,0.9699,late_stage_ready,inter_monsoon,post_rain,31.42,69.13,166,155,252,279,1.0,0.0,0.9586,ready,False,0,False
BH-LAT-033-061,HIVE-033,ESP32-1033,2026-02-01T22:00:00,134,30,0.999,late_stage_ready,inter_monsoon,post_rain,31.2,69.77,160,159,257,275,1.0,0.0,0.9589,ready,False,0,False
BH-LAT-033-062,HIVE-033,ESP32-1033,2026-02-02T04:00:00,134,29,0.9937,late_stage_ready,inter_monsoon,post_rain,30.98,70.13,163,154,248,270,1.0,0.0,0.9591,ready,False,0,False
BH-LAT-033-063,HIVE-033,ESP32-1033,2026-02-02T10:00:00,135,37,0.9837,late_stage_ready,inter_monsoon,post_rain,30.87,69.78,164,156,253,276,1.0,0.0,0.9594,ready,False,0,False
BH-LAT-033-064,HIVE-033,ESP32-1033,2026-02-02T16:00:00,135,37,0.974,late_stage_ready,inter_monsoon,stable_clear,31.68,67.66,155,154,254,268,0.9887,0.0,0.9471,ready,False,0,False
BH-LAT-033-065,HIVE-033,ESP32-1033,2026-02-02T22:00:00,135,36,0.9741,late_stage_ready,inter_monsoon,stable_clear,31.98,66.07,158,154,237,265,1.0,0.0,0.9583,ready,False,0,False
BH-LAT-033-066,HIVE-033,ESP32-1033,2026-02-03T04:00:00,136,32,1.0,late_stage_ready,inter_monsoon,stable_clear,32.11,64.69,160,158,238,267,1.0,0.0,0.9589,ready,False,0,False
BH-LAT-033-067,HIVE-033,ESP32-1033,2026-02-03T10:00:00,136,31,0.9847,late_stage_ready,inter_monsoon,stable_clear,32.2,64.66,164,156,233,272,1.0,0.0,0.9596,ready,False,0,False
BH-LAT-033-068,HIVE-033,ESP32-1033,2026-02-03T16:00:00,136,29,0.9906,late_stage_ready,inter_monsoon,stable_clear,31.95,63.7,157,159,233,267,1.0,0.0,0.9588,ready,False,0,False
BH-LAT-033-069,HIVE-033,ESP32-1033,2026-02-03T22:00:00,136,33,0.9964,late_stage_ready,inter_monsoon,stable_clear,31.59,62.12,160,163,237,263,1.0,0.0,0.9583,ready,False,0,False
BH-LAT-033-070,HIVE-033,ESP32-1033,2026-02-04T04:00:00,137,35,0.9789,late_stage_ready,inter_monsoon,stable_clear,31.51,61.23,166,161,241,260,1.0,0.0,0.9592,ready,False,0,False
BH-LAT-033-071,HIVE-033,ESP32-1033,2026-02-04T10:00:00,137,39,0.9871,late_stage_ready,inter_monsoon,stable_clear,31.89,61.29,160,155,236,265,1.0,0.0,0.9588,ready,False,0,False
BH-LAT-033-072,HIVE-033,ESP32-1033,2026-02-04T16:00:00,137,36,0.9843,late_stage_ready,inter_monsoon,stable_clear,31.56,60.81,160,153,247,261,1.0,0.0,0.9589,ready,False,0,False
BH-LAT-033-073,HIVE-033,ESP32-1033,2026-02-04T22:00:00,137,30,0.9955,late_stage_ready,inter_monsoon,stable_clear,31.9,61.91,157,150,241,265,1.0,0.0,0.9586,ready,False,0,False
BH-LAT-033-074,HIVE-033,ESP32-1033,2026-02-05T04:00:00,137,38,1.0,late_stage_ready,inter_monsoon,stable_clear,32.03,62.45,161,154,236,255,1.0,0.0,0.9592,ready,False,0,False
BH-LAT-033-075,HIVE-033,ESP32-1033,2026-02-05T10:00:00,137,33,1.0,late_stage_ready,inter_monsoon,stable_clear,32.07,62.44,168,147,228,257,1.0,0.0,0.9595,ready,False,0,False
BH-LAT-033-076,HIVE-033,ESP32-1033,2026-02-05T16:00:00,138,34,0.9874,late_stage_ready,inter_monsoon,stable_clear,32.51,62.44,168,147,236,267,1.0,0.0,0.9589,ready,False,0,False
BH-LAT-033-077,HIVE-033,ESP32-1033,2026-02-05T22:00:00,138,38,0.993,late_stage_ready,inter_monsoon,post_rain,31.68,66.73,166,151,246,272,1.0,0.0,0.956,ready,False,0,False
BH-LAT-033-078,HIVE-033,ESP32-1033,2026-02-06T04:00:00,138,37,1.0,late_stage_ready,inter_monsoon,post_rain,31.15,68.58,166,153,255,270,1.0,0.0,0.9579,ready,False,0,False
BH-LAT-033-079,HIVE-033,ESP32-1033,2026-02-06T10:00:00,138,37,1.0,late_stage_ready,inter_monsoon,post_rain,31.11,68.87,161,157,244,276,1.0,0.0,0.9594,ready,False,0,False
BH-LAT-033-080,HIVE-033,ESP32-1033,2026-02-06T16:00:00,138,31,0.9911,late_stage_ready,inter_monsoon,humid_rain,31.13,69.71,161,155,252,272,1.0,0.0,0.9594,ready,False,0,False
BH-LAT-033-081,HIVE-033,ESP32-1033,2026-02-06T22:00:00,138,37,0.9954,late_stage_ready,inter_monsoon,humid_rain,31.07,71.53,171,158,260,282,1.0,0.0,0.9586,ready,False,1,False
BH-LAT-033-082,HIVE-033,ESP32-1033,2026-02-07T04:00:00,138,36,0.9858,late_stage_ready,inter_monsoon,humid_rain,31.09,72.19,168,160,252,274,1.0,0.0,0.9594,ready,False,0,False
BH-LAT-033-083,HIVE-033,ESP32-1033,2026-02-07T10:00:00,138,39,1.0,late_stage_ready,inter_monsoon,humid_rain,31.12,71.67,168,161,257,291,1.0,0.0,0.9595,ready,False,0,False
BH-LAT-034-000,HIVE-034,ESP32-1034,2026-03-28T08:00:00,133,14,0.8186,late_stage_ready,dry,midday_heat,32.85,55.29,134,149,200,279,0.9005,0.0,0.8705,ready,False,0,False
BH-LAT-034-001,HIVE-034,ESP32-1034,2026-03-28T14:00:00,133,13,0.8119,late_stage_ready,dry,midday_heat,33.82,53.3,144,153,210,283,0.9096,0.1052,0.8192,ready,False,1,False
BH-LAT-034-002,HIVE-034,ESP32-1034,2026-03-28T20:00:00,133,12,0.8405,late_stage_ready,dry,midday_heat,34.7,52.2,144,158,217,300,0.9393,0.206,0.7906,nearly_ready,False,1,False
BH-LAT-034-003,HIVE-034,ESP32-1034,2026-03-29T02:00:00,133,13,0.8091,late_stage_ready,dry,midday_heat,35.04,51.65,144,159,224,304,0.9093,0.2256,0.755,nearly_ready,False,1,False
BH-LAT-034-004,HIVE-034,ESP32-1034,2026-03-29T08:00:00,133,12,0.8227,late_stage_ready,dry,midday_heat,34.81,50.83,147,162,231,297,0.9207,0.2664,0.7425,nearly_ready,False,1,False
BH-LAT-034-005,HIVE-034,ESP32-1034,2026-03-29T14:00:00,133,13,0.8213,late_stage_ready,dry,midday_heat,34.84,50.72,150,158,230,295,0.9064,0.242,0.7442,nearly_ready,False,1,False
BH-LAT-034-006,HIVE-034,ESP32-1034,2026-03-29T20:00:00,133,16,0.8138,late_stage_ready,dry,midday_heat,34.6,51.16,148,160,228,303,0.9183,0.2156,0.7687,nearly_ready,False,1,False
BH-LAT-034-007,HIVE-034,ESP32-1034,2026-03-30T02:00:00,133,15,0.8298,late_stage_ready,dry,midday_heat,34.71,50.75,150,156,225,303,0.9112,0.2206,0.7599,nearly_ready,False,1,False
BH-LAT-034-008,HIVE-034,ESP32-1034,2026-03-30T08:00:00,133,14,0.8264,late_stage_ready,dry,stable_clear,34.09,52.1,146,157,222,293,0.9124,0.1708,0.7869,nearly_ready,False,1,False
BH-LAT-034-009,HIVE-034,ESP32-1034,2026-03-30T14:00:00,133,10,0.8215,late_stage_ready,dry,midday_heat,34.19,51.24,146,161,225,291,0.9227,0.2057,0.7781,nearly_ready,False,1,False
BH-LAT-034-010,HIVE-034,ESP32-1034,2026-03-30T20:00:00,133,15,0.8412,late_stage_ready,dry,midday_heat,34.39,51.75,149,165,223,303,0.9676,0.2099,0.8151,ready,False,1,False
BH-LAT-034-011,HIVE-034,ESP32-1034,2026-03-31T02:00:00,134,16,0.814,late_stage_ready,dry,midday_heat,34.61,51.34,149,163,216,299,0.9449,0.2126,0.7938,nearly_ready,False,1,False
BH-LAT-034-012,HIVE-034,ESP32-1034,2026-03-31T08:00:00,134,15,0.8165,late_stage_ready,dry,midday_heat,34.92,51.51,150,161,217,300,0.9717,0.216,0.8155,ready,False,1,False
BH-LAT-034-013,HIVE-034,ESP32-1034,2026-03-31T14:00:00,134,12,0.8206,late_stage_ready,dry,midday_heat,35.01,52.16,149,158,214,313,0.9089,0.2583,0.737,nearly_ready,False,1,False
BH-LAT-034-014,HIVE-034,ESP32-1034,2026-03-31T20:00:00,134,19,0.8253,late_stage_ready,dry,midday_heat,34.88,51.31,150,158,220,313,0.9084,0.2342,0.7497,nearly_ready,False,1,False
BH-LAT-034-015,HIVE-034,ESP32-1034,2026-04-01T02:00:00,134,14,0.8565,late_stage_ready,dry,midday_heat,34.54,50.9,152,151,228,303,0.9819,0.1912,0.8376,ready,False,1,False
BH-LAT-034-016,HIVE-034,ESP32-1034,2026-04-01T08:00:00,134,14,0.8354,late_stage_ready,dry,midday_heat,35.21,52.57,155,157,229,314,0.9181,0.2305,0.7588,nearly_ready,False,1,False
BH-LAT-034-017,HIVE-034,ESP32-1034,2026-04-01T14:00:00,134,13,0.8564,late_stage_ready,dry,midday_heat,35.29,51.82,159,162,241,318,0.9247,0.2495,0.7557,nearly_ready,False,1,False
BH-LAT-034-018,HIVE-034,ESP32-1034,2026-04-01T20:00:00,134,11,0.8345,late_stage_ready,dry,midday_heat,35.58,52.3,162,167,241,311,0.9626,0.4132,0.6387,nearly_ready,False,1,True
BH-LAT-034-019,HIVE-034,ESP32-1034,2026-04-02T02:00:00,134,19,0.852,late_stage_ready,dry,midday_heat,35.89,52.4,161,169,245,314,0.9702,0.4294,0.6368,nearly_ready,False,1,True
BH-LAT-034-020,HIVE-034,ESP32-1034,2026-04-02T08:00:00,135,19,0.8358,late_stage_ready,dry,midday_heat,36.06,52.22,157,164,242,316,0.9393,0.4411,0.6033,nearly_ready,False,1,True
BH-LAT-034-021,HIVE-034,ESP32-1034,2026-04-02T14:00:00,135,20,0.8348,late_stage_ready,dry,midday_heat,36.05,51.92,158,171,234,316,0.9311,0.4639,0.5838,approaching,False,1,True
BH-LAT-034-022,HIVE-034,ESP32-1034,2026-04-02T20:00:00,135,13,0.8352,late_stage_ready,dry,midday_heat,35.67,51.3,151,171,228,315,0.9327,0.4143,0.6116,nearly_ready,False,1,True
BH-LAT-034-023,HIVE-034,ESP32-1034,2026-04-03T02:00:00,135,11,0.8713,late_stage_ready,dry,midday_heat,35.45,51.81,154,170,223,313,0.9904,0.2984,0.7865,nearly_ready,False,1,False
BH-LAT-034-024,HIVE-034,ESP32-1034,2026-04-03T08:00:00,135,12,0.8696,late_stage_ready,dry,midday_heat,35.32,51.16,155,168,230,316,0.9937,0.2928,0.7927,nearly_ready,False,1,False
BH-LAT-034-025,HIVE-034,ESP32-1034,2026-04-03T14:00:00,135,12,0.8391,late_stage_ready,dry,stable_clear,34.57,52.47,148,151,224,304,0.9487,0.2182,0.792,nearly_ready,False,1,False
BH-LAT-034-026,HIVE-034,ESP32-1034,2026-04-03T20:00:00,136,16,0.8657,late_stage_ready,dry,stable_clear,34.12,52.27,150,155,217,296,0.9423,0.183,0.8073,ready,False,1,False
BH-LAT-034-027,HIVE-034,ESP32-1034,2026-04-04T02:00:00,136,16,0.8584,late_stage_ready,dry,stable_clear,33.61,51.66,147,156,222,289,0.982,0.1308,0.8707,ready,False,1,False
BH-LAT-034-028,HIVE-034,ESP32-1034,2026-04-04T08:00:00,136,19,0.8605,late_stage_ready,dry,stable_clear,33.56,52.84,144,157,215,285,0.9491,0.0936,0.8628,ready,False,1,False
BH-LAT-034-029,HIVE-034,ESP32-1034,2026-04-04T14:00:00,136,21,0.8478,late_stage_ready,dry,midday_heat,34.48,51.85,146,160,225,302,0.9155,0.2101,0.7673,nearly_ready,False,1,False
BH-LAT-034-030,HIVE-034,ESP32-1034,2026-04-04T20:00:00,136,18,0.8766,late_stage_ready,dry,midday_heat,34.73,51.54,150,160,227,309,0.9401,0.2041,0.7942,nearly_ready,False,1,False
BH-LAT-034-031,HIVE-034,ESP32-1034,2026-04-05T02:00:00,136,18,0.8627,late_stage_ready,dry,midday_heat,34.75,50.82,155,162,217,308,0.9289,0.267,0.7499,nearly_ready,False,1,False
BH-LAT-034-032,HIVE-034,ESP32-1034,2026-04-05T08:00:00,137,19,0.8592,late_stage_ready,dry,midday_heat,34.82,50.65,156,162,219,309,0.9861,0.2254,0.8235,ready,False,1,False
BH-LAT-034-033,HIVE-034,ESP32-1034,2026-04-05T14:00:00,137,20,0.8605,late_stage_ready,dry,midday_heat,34.93,51.08,146,163,219,300,0.9891,0.2763,0.7977,nearly_ready,False,1,False
BH-LAT-034-034,HIVE-034,ESP32-1034,2026-04-05T20:00:00,137,16,0.8755,late_stage_ready,dry,midday_heat,34.7,51.34,145,164,222,304,0.9847,0.2158,0.8272,ready,False,1,False
BH-LAT-034-035,HIVE-034,ESP32-1034,2026-04-06T02:00:00,137,18,0.883,late_stage_ready,dry,midday_heat,34.75,50.58,152,163,225,295,0.986,0.2435,0.813,ready,False,1,False
BH-LAT-034-036,HIVE-034,ESP32-1034,2026-04-06T08:00:00,137,21,0.8605,late_stage_ready,dry,midday_heat,34.81,51.08,146,164,217,296,0.982,0.2138,0.826,ready,False,1,False
BH-LAT-034-037,HIVE-034,ESP32-1034,2026-04-06T14:00:00,138,15,0.8815,late_stage_ready,dry,midday_heat,34.62,51.44,145,166,226,299,0.9828,0.1959,0.8363,ready,False,1,False
BH-LAT-034-038,HIVE-034,ESP32-1034,2026-04-06T20:00:00,138,16,0.8927,late_stage_ready,dry,midday_heat,34.92,51.29,156,168,228,300,0.9801,0.2448,0.8069,ready,False,1,False
BH-LAT-034-039,HIVE-034,ESP32-1034,2026-04-07T02:00:00,138,18,0.8961,late_stage_ready,dry,midday_heat,34.72,51.51,159,164,231,305,0.9828,0.2551,0.8038,ready,False,1,False
BH-LAT-034-040,HIVE-034,ESP32-1034,2026-04-07T08:00:00,138,19,0.9096,late_stage_ready,dry,midday_heat,34.54,51.11,162,158,229,316,0.9615,0.2222,0.803,ready,False,1,False
BH-LAT-034-041,HIVE-034,ESP32-1034,2026-04-07T14:00:00,138,22,0.8901,late_stage_ready,dry,midday_heat,34.65,50.41,159,159,227,315,0.959,0.2412,0.7906,nearly_ready,False,1,False
BH-LAT-034-042,HIVE-034,ESP32-1034,2026-04-07T20:00:00,139,19,0.8968,late_stage_ready,dry,stable_clear,34.07,51.34,155,152,223,317,0.9887,0.162,0.8591,ready,False,1,False
BH-LAT-034-043,HIVE-034,ESP32-1034,2026-04-08T02:00:00,139,14,0.8829,late_stage_ready,dry,stable_clear,34.05,53.07,146,151,219,300,0.9607,0.1138,0.8615,ready,False,1,False
BH-LAT-034-044,HIVE-034,ESP32-1034,2026-04-08T08:00:00,139,14,0.9168,late_stage_ready,dry,stable_clear,33.6,53.21,143,152,208,296,0.9876,0.0877,0.8996,ready,False,1,False
BH-LAT-034-045,HIVE-034,ESP32-1034,2026-04-08T14:00:00,139,14,0.9083,late_stage_ready,dry,stable_clear,33.51,53.11,142,148,214,304,0.9596,0.0677,0.8867,ready,False,1,False
BH-LAT-034-046,HIVE-034,ESP32-1034,2026-04-08T20:00:00,139,21,0.9112,late_stage_ready,dry,stable_clear,33.48,52.82,143,150,217,302,0.9605,0.0586,0.8927,ready,False,0,False
BH-LAT-034-047,HIVE-034,ESP32-1034,2026-04-09T02:00:00,140,22,0.9142,late_stage_ready,dry,stable_clear,33.26,52.48,145,154,221,296,0.9618,0.0688,0.8877,ready,False,0,False
BH-LAT-034-048,HIVE-034,ESP32-1034,2026-04-09T08:00:00,140,21,0.9127,late_stage_ready,dry,stable_clear,32.82,52.41,145,155,218,296,0.9739,0.0356,0.9164,ready,False,0,False
BH-LAT-034-049,HIVE-034,ESP32-1034,2026-04-09T14:00:00,140,21,0.9253,late_stage_ready,dry,stable_clear,33.07,53.22,138,154,224,300,0.9866,0.0197,0.9362,ready,False,0,False
BH-LAT-034-050,HIVE-034,ESP32-1034,2026-04-09T20:00:00,140,15,0.9026,late_stage_ready,dry,stable_clear,33.36,52.93,143,155,221,295,1.0,0.0764,0.9171,ready,False,0,False
BH-LAT-034-051,HIVE-034,ESP32-1034,2026-04-10T02:00:00,140,24,0.9225,late_stage_ready,dry,stable_clear,33.24,54.32,140,150,223,297,0.968,0.0279,0.9154,ready,False,0,False
BH-LAT-034-052,HIVE-034,ESP32-1034,2026-04-10T08:00:00,141,18,0.9056,late_stage_ready,dry,stable_clear,33.77,52.85,139,154,224,298,0.962,0.1028,0.8682,ready,False,1,False
BH-LAT-034-053,HIVE-034,ESP32-1034,2026-04-10T14:00:00,141,21,0.9241,late_stage_ready,dry,midday_heat,34.31,52.42,152,160,231,308,0.963,0.1539,0.8409,ready,False,1,False
BH-LAT-034-054,HIVE-034,ESP32-1034,2026-04-10T20:00:00,141,18,0.9144,late_stage_ready,dry,midday_heat,34.34,52.02,151,162,232,303,1.0,0.1601,0.8716,ready,False,1,False
BH-LAT-034-055,HIVE-034,ESP32-1034,2026-04-11T02:00:00,141,24,0.9307,late_stage_ready,dry,stable_clear,34.12,52.78,143,157,227,297,1.0,0.1415,0.881,ready,False,1,False
BH-LAT-034-056,HIVE-034,ESP32-1034,2026-04-11T08:00:00,141,24,0.9288,late_stage_ready,dry,stable_clear,34.02,52.84,139,158,219,291,0.9902,0.148,0.8694,ready,False,1,False
BH-LAT-034-057,HIVE-034,ESP32-1034,2026-04-11T14:00:00,141,19,0.9477,late_stage_ready,dry,midday_heat,34.39,51.98,139,154,232,293,1.0,0.1946,0.8515,ready,False,1,False
BH-LAT-034-058,HIVE-034,ESP32-1034,2026-04-11T20:00:00,142,26,0.9265,late_stage_ready,dry,stable_clear,34.27,52.46,141,156,223,293,1.0,0.1524,0.8755,ready,False,1,False
BH-LAT-034-059,HIVE-034,ESP32-1034,2026-04-12T02:00:00,142,27,0.9305,late_stage_ready,dry,stable_clear,33.71,52.15,142,156,226,293,1.0,0.1145,0.8957,ready,False,1,False
BH-LAT-034-060,HIVE-034,ESP32-1034,2026-04-12T08:00:00,142,22,0.934,late_stage_ready,dry,stable_clear,33.57,52.52,140,154,227,298,1.0,0.1072,0.9004,ready,False,1,False
BH-LAT-034-061,HIVE-034,ESP32-1034,2026-04-12T14:00:00,142,24,0.9529,late_stage_ready,dry,cloudy_stable,33.45,53.33,139,156,227,296,1.0,0.0681,0.9218,ready,False,0,False
BH-LAT-034-062,HIVE-034,ESP32-1034,2026-04-12T20:00:00,142,26,0.9503,late_stage_ready,dry,cloudy_stable,33.09,54.06,141,160,232,295,1.0,0.0,0.9588,ready,False,0,False
BH-LAT-034-063,HIVE-034,ESP32-1034,2026-04-13T02:00:00,142,25,0.9275,late_stage_ready,dry,midday_heat,33.83,53.09,143,159,236,297,1.0,0.1207,0.8915,ready,False,1,False
BH-LAT-034-064,HIVE-034,ESP32-1034,2026-04-13T08:00:00,143,19,0.9244,late_stage_ready,dry,midday_heat,34.27,51.34,150,166,229,303,0.9981,0.1813,0.8565,ready,False,1,False
BH-LAT-034-065,HIVE-034,ESP32-1034,2026-04-13T14:00:00,143,23,0.9298,late_stage_ready,dry,midday_heat,34.45,50.64,146,169,224,313,1.0,0.201,0.8484,ready,False,1,False
BH-LAT-034-066,HIVE-034,ESP32-1034,2026-04-13T20:00:00,143,19,0.9338,late_stage_ready,dry,midday_heat,34.98,50.99,146,165,229,310,1.0,0.2671,0.8117,ready,False,1,False
BH-LAT-034-067,HIVE-034,ESP32-1034,2026-04-14T02:00:00,143,23,0.9669,late_stage_ready,dry,midday_heat,34.85,51.34,152,156,229,310,1.0,0.2173,0.8398,ready,False,1,False
BH-LAT-034-068,HIVE-034,ESP32-1034,2026-04-14T08:00:00,143,25,0.9679,late_stage_ready,dry,cloudy_stable,34.11,52.97,145,158,227,299,0.9907,0.1299,0.8778,ready,False,1,False
BH-LAT-034-069,HIVE-034,ESP32-1034,2026-04-14T14:00:00,143,25,0.9538,late_stage_ready,dry,cloudy_stable,33.6,54.43,146,158,219,303,1.0,0.0929,0.907,ready,False,1,False
BH-LAT-034-070,HIVE-034,ESP32-1034,2026-04-14T20:00:00,143,19,0.9359,late_stage_ready,dry,stable_clear,33.39,53.5,141,155,213,304,1.0,0.0323,0.9411,ready,False,0,False
BH-LAT-034-071,HIVE-034,ESP32-1034,2026-04-15T02:00:00,143,25,0.9513,late_stage_ready,dry,stable_clear,33.3,54.65,147,158,209,297,1.0,0.0397,0.9372,ready,False,0,False
BH-LAT-034-072,HIVE-034,ESP32-1034,2026-04-15T08:00:00,143,28,0.967,late_stage_ready,dry,stable_clear,33.09,54.38,143,155,217,298,0.9924,0.0,0.9525,ready,False,0,False
BH-LAT-034-073,HIVE-034,ESP32-1034,2026-04-15T14:00:00,144,19,0.9575,late_stage_ready,dry,stable_clear,33.49,53.53,154,156,210,297,0.9897,0.0473,0.9234,ready,False,0,False
BH-LAT-034-074,HIVE-034,ESP32-1034,2026-04-15T20:00:00,144,21,0.9771,late_stage_ready,dry,stable_clear,33.62,52.89,148,155,216,284,1.0,0.1253,0.8902,ready,False,1,False
BH-LAT-034-075,HIVE-034,ESP32-1034,2026-04-16T02:00:00,144,25,0.9555,late_stage_ready,dry,midday_heat,34.74,51.61,147,159,219,301,1.0,0.2537,0.8173,ready,False,1,False
BH-LAT-034-076,HIVE-034,ESP32-1034,2026-04-16T08:00:00,144,27,0.9749,late_stage_ready,dry,midday_heat,34.83,51.62,151,151,224,305,1.0,0.2398,0.8276,ready,False,1,False
BH-LAT-034-077,HIVE-034,ESP32-1034,2026-04-16T14:00:00,144,25,0.9776,late_stage_ready,dry,stable_clear,34.44,49.94,149,160,226,302,1.0,0.2129,0.841,ready,False,1,False
BH-LAT-034-078,HIVE-034,ESP32-1034,2026-04-16T20:00:00,144,27,0.9562,late_stage_ready,dry,stable_clear,33.65,49.83,156,153,222,297,1.0,0.1539,0.8734,ready,False,1,False
BH-LAT-034-079,HIVE-034,ESP32-1034,2026-04-17T02:00:00,144,29,0.9604,late_stage_ready,dry,stable_clear,33.75,50.98,154,150,218,302,1.0,0.1665,0.8675,ready,False,1,False
BH-LAT-034-080,HIVE-034,ESP32-1034,2026-04-17T08:00:00,144,21,0.9658,late_stage_ready,dry,stable_clear,34.21,51.03,143,143,216,296,1.0,0.2078,0.8443,ready,False,1,False
BH-LAT-034-081,HIVE-034,ESP32-1034,2026-04-17T14:00:00,144,26,0.9462,late_stage_ready,dry,stable_clear,34.25,51.94,141,155,221,303,0.9969,0.1557,0.8707,ready,False,1,False
BH-LAT-034-082,HIVE-034,ESP32-1034,2026-04-17T20:00:00,144,21,0.9436,late_stage_ready,dry,stable_clear,33.8,51.72,133,155,212,297,0.9811,0.1403,0.8648,ready,False,1,False
BH-LAT-034-083,HIVE-034,ESP32-1034,2026-04-18T02:00:00,144,23,0.9809,late_stage_ready,dry,stable_clear,34.03,52.21,134,149,210,297,1.0,0.1298,0.8878,ready,False,1,False
BH-LAT-035-000,HIVE-035,ESP32-1035,2026-01-16T00:00:00,97,8,0.8472,late_stage_ready,inter_monsoon,humid_rain,30.8,64.1,160,128,231,236,0.9244,0.0,0.8916,ready,False,0,False
BH-LAT-035-001,HIVE-035,ESP32-1035,2026-01-16T06:00:00,97,14,0.8171,late_stage_ready,inter_monsoon,humid_rain,30.74,66.33,168,144,247,258,0.908,0.0,0.877,ready,False,0,False
BH-LAT-035-002,HIVE-035,ESP32-1035,2026-01-16T12:00:00,97,13,0.8416,late_stage_ready,inter_monsoon,humid_rain,31.04,67.25,169,151,249,266,0.8774,0.0,0.8508,ready,False,0,False
BH-LAT-035-003,HIVE-035,ESP32-1035,2026-01-16T18:00:00,97,13,0.8176,late_stage_ready,inter_monsoon,humid_rain,30.92,67.29,167,146,240,268,0.8961,0.0,0.868,ready,False,0,False
BH-LAT-035-004,HIVE-035,ESP32-1035,2026-01-17T00:00:00,97,13,0.8243,late_stage_ready,inter_monsoon,humid_rain,30.97,67.23,162,140,248,268,0.8778,0.0,0.852,ready,False,0,False
BH-LAT-035-005,HIVE-035,ESP32-1035,2026-01-17T06:00:00,97,13,0.8233,late_stage_ready,inter_monsoon,stable_clear,31.62,63.44,164,143,244,268,0.8557,0.0,0.8298,ready,False,0,False
BH-LAT-035-006,HIVE-035,ESP32-1035,2026-01-17T12:00:00,97,18,0.8544,late_stage_ready,inter_monsoon,stable_clear,31.82,61.51,166,145,240,264,0.9219,0.0,0.8898,ready,False,0,False
BH-LAT-035-007,HIVE-035,ESP32-1035,2026-01-17T18:00:00,97,18,0.8383,late_stage_ready,inter_monsoon,stable_clear,32.07,60.55,163,147,235,258,0.9217,0.0,0.8899,ready,False,0,False
BH-LAT-035-008,HIVE-035,ESP32-1035,2026-01-18T00:00:00,97,17,0.8395,late_stage_ready,inter_monsoon,stable_clear,32.28,60.3,162,141,231,264,0.9338,0.0,0.901,ready,False,0,False
BH-LAT-035-009,HIVE-035,ESP32-1035,2026-01-18T06:00:00,97,10,0.8364,late_stage_ready,inter_monsoon,stable_clear,32.16,60.25,159,145,239,254,0.8863,0.0,0.8593,ready,False,0,False
BH-LAT-035-010,HIVE-035,ESP32-1035,2026-01-18T12:00:00,97,15,0.8291,late_stage_ready,inter_monsoon,stable_clear,32.18,59.4,155,141,238,252,0.8836,0.0,0.857,ready,False,0,False
BH-LAT-035-011,HIVE-035,ESP32-1035,2026-01-18T18:00:00,98,13,0.8418,late_stage_ready,inter_monsoon,stable_clear,32.04,59.56,160,141,234,247,0.8784,0.0,0.8524,ready,False,0,False
BH-LAT-035-012,HIVE-035,ESP32-1035,2026-01-19T00:00:00,98,15,0.8406,late_stage_ready,inter_monsoon,stable_clear,31.69,59.68,158,132,231,255,0.8672,0.0,0.8421,ready,False,0,False
BH-LAT-035-013,HIVE-035,ESP32-1035,2026-01-19T06:00:00,98,11,0.8282,late_stage_ready,inter_monsoon,cloudy_stable,31.7,60.47,157,139,232,259,0.8761,0.0,0.8504,ready,False,0,False
BH-LAT-035-014,HIVE-035,ESP32-1035,2026-01-19T12:00:00,98,14,0.8628,late_stage_ready,inter_monsoon,stable_clear,31.76,59.8,162,142,220,264,0.88,0.0,0.8536,ready,False,0,False
BH-LAT-035-015,HIVE-035,ESP32-1035,2026-01-19T18:00:00,98,13,0.8575,late_stage_ready,inter_monsoon,stable_clear,32.18,59.79,157,141,226,263,0.9282,0.0,0.8958,ready,False,0,False
BH-LAT-035-016,HIVE-035,ESP32-1035,2026-01-20T00:00:00,98,13,0.8414,late_stage_ready,inter_monsoon,stable_clear,32.67,60.91,161,148,238,250,0.9218,0.0,0.8891,ready,False,0,False
BH-LAT-035-017,HIVE-035,ESP32-1035,2026-01-20T06:00:00,98,15,0.8588,late_stage_ready,inter_monsoon,stable_clear,32.48,60.5,162,144,244,254,0.8879,0.0,0.8606,ready,False,0,False
BH-LAT-035-018,HIVE-035,ESP32-1035,2026-01-20T12:00:00,98,10,0.8447,late_stage_ready,inter_monsoon,stable_clear,32.25,59.74,168,142,237,250,0.8976,0.0,0.8688,ready,False,0,False
BH-LAT-035-019,HIVE-035,ESP32-1035,2026-01-20T18:00:00,99,19,0.8493,late_stage_ready,inter_monsoon,cloudy_stable,31.71,61.96,163,143,233,254,0.8797,0.0,0.8518,ready,False,0,False
BH-LAT-035-020,HIVE-035,ESP32-1035,2026-01-21T00:00:00,99,14,0.8453,late_stage_ready,inter_monsoon,stable_clear,32.14,59.8,169,155,240,265,0.9226,0.0,0.8894,ready,False,0,False
BH-LAT-035-021,HIVE-035,ESP32-1035,2026-01-21T06:00:00,99,11,0.855,late_stage_ready,inter_monsoon,stable_clear,31.98,58.97,177,150,241,273,0.9353,0.0,0.9021,ready,False,0,False
BH-LAT-035-022,HIVE-035,ESP32-1035,2026-01-21T12:00:00,99,10,0.86,late_stage_ready,inter_monsoon,stable_clear,31.84,58.26,178,152,243,261,0.9275,0.0,0.8954,ready,False,0,False
BH-LAT-035-023,HIVE-035,ESP32-1035,2026-01-21T18:00:00,99,20,0.8692,late_stage_ready,inter_monsoon,stable_clear,32.0,59.19,175,157,250,263,0.906,0.0,0.8763,ready,False,0,False
BH-LAT-035-024,HIVE-035,ESP32-1035,2026-01-22T00:00:00,99,10,0.8565,late_stage_ready,inter_monsoon,stable_clear,31.94,58.79,171,153,244,274,0.9013,0.0,0.8725,ready,False,0,False
BH-LAT-035-025,HIVE-035,ESP32-1035,2026-01-22T06:00:00,100,18,0.8632,late_stage_ready,inter_monsoon,post_rain,31.65,61.7,175,152,246,276,0.888,0.0,0.8594,ready,False,0,False
BH-LAT-035-026,HIVE-035,ESP32-1035,2026-01-22T12:00:00,100,14,0.8604,late_stage_ready,inter_monsoon,stable_clear,32.31,61.39,174,148,242,254,0.9062,0.0,0.8756,ready,False,0,False
BH-LAT-035-027,HIVE-035,ESP32-1035,2026-01-22T18:00:00,100,15,0.8867,late_stage_ready,inter_monsoon,humid_rain,31.88,64.85,173,147,247,265,0.9078,0.0,0.8761,ready,False,0,False
BH-LAT-035-028,HIVE-035,ESP32-1035,2026-01-23T00:00:00,100,12,0.8673,late_stage_ready,inter_monsoon,humid_rain,31.08,66.98,172,149,243,267,0.9158,0.0,0.8832,ready,False,0,False
BH-LAT-035-029,HIVE-035,ESP32-1035,2026-01-23T06:00:00,100,18,0.8778,late_stage_ready,inter_monsoon,post_rain,31.38,67.17,167,151,245,270,0.9522,0.0,0.9171,ready,False,0,False
BH-LAT-035-030,HIVE-035,ESP32-1035,2026-01-23T12:00:00,101,18,0.8829,late_stage_ready,inter_monsoon,post_rain,31.01,67.19,168,142,245,275,0.9053,0.0,0.8756,ready,False,0,False
BH-LAT-035-031,HIVE-035,ESP32-1035,2026-01-23T18:00:00,101,13,0.8897,late_stage_ready,inter_monsoon,post_rain,30.99,66.58,171,147,239,258,0.8997,0.0,0.871,ready,False,0,False
BH-LAT-035-032,HIVE-035,ESP32-1035,2026-01-24T00:00:00,101,22,0.8788,late_stage_ready,inter_monsoon,stable_clear,31.57,63.18,170,149,246,251,0.9497,0.0,0.9128,ready,False,0,False
BH-LAT-035-033,HIVE-035,ESP32-1035,2026-01-24T06:00:00,101,17,0.9104,late_stage_ready,inter_monsoon,stable_clear,31.99,62.26,162,148,232,263,0.9262,0.0,0.8933,ready,False,0,False
BH-LAT-035-034,HIVE-035,ESP32-1035,2026-01-24T12:00:00,101,12,0.9099,late_stage_ready,inter_monsoon,cloudy_stable,31.75,63.04,167,144,231,264,0.9636,0.0,0.9269,ready,False,0,False
BH-LAT-035-035,HIVE-035,ESP32-1035,2026-01-24T18:00:00,102,22,0.9157,late_stage_ready,inter_monsoon,cloudy_stable,31.51,63.25,163,143,238,252,0.9162,0.0,0.8853,ready,False,0,False
BH-LAT-035-036,HIVE-035,ESP32-1035,2026-01-25T00:00:00,102,21,0.8917,late_stage_ready,inter_monsoon,cloudy_stable,31.43,62.45,164,137,244,254,0.9004,0.0,0.8716,ready,False,0,False
BH-LAT-035-037,HIVE-035,ESP32-1035,2026-01-25T06:00:00,102,21,0.9134,late_stage_ready,inter_monsoon,cloudy_stable,31.7,62.76,162,134,236,256,0.9701,0.0,0.9328,ready,False,0,False
BH-LAT-035-038,HIVE-035,ESP32-1035,2026-01-25T12:00:00,102,17,0.9097,late_stage_ready,inter_monsoon,humid_rain,31.31,65.94,171,152,244,261,0.9117,0.0,0.8793,ready,False,0,False
BH-LAT-035-039,HIVE-035,ESP32-1035,2026-01-25T18:00:00,102,19,0.9232,late_stage_ready,inter_monsoon,humid_rain,31.2,66.38,167,154,240,263,0.9189,0.0,0.8881,ready,False,0,False
BH-LAT-035-040,HIVE-035,ESP32-1035,2026-01-26T00:00:00,103,22,0.9253,late_stage_ready,inter_monsoon,cloudy_stable,31.49,64.32,167,147,237,258,0.9626,0.0,0.9253,ready,False,0,False
BH-LAT-035-041,HIVE-035,ESP32-1035,2026-01-26T06:00:00,103,18,0.9044,late_stage_ready,inter_monsoon,cloudy_stable,31.25,63.62,167,142,232,255,0.9053,0.0,0.8756,ready,False,0,False
BH-LAT-035-042,HIVE-035,ESP32-1035,2026-01-26T12:00:00,103,18,0.9042,late_stage_ready,inter_monsoon,humid_rain,31.16,65.43,168,144,237,255,0.9734,0.0,0.9355,ready,False,0,False
BH-LAT-035-043,HIVE-035,ESP32-1035,2026-01-26T18:00:00,103,21,0.9174,late_stage_ready,inter_monsoon,humid_rain,30.95,66.54,169,141,241,267,0.9534,0.0,0.9177,ready,False,0,False
BH-LAT-035-044,HIVE-035,ESP32-1035,2026-01-27T00:00:00,104,21,0.9383,late_stage_ready,inter_monsoon,humid_rain,31.07,67.33,173,141,245,272,0.9794,0.0,0.941,ready,False,0,False
BH-LAT-035-045,HIVE-035,ESP32-1035,2026-01-27T06:00:00,104,17,0.9262,late_stage_ready,inter_monsoon,humid_rain,30.92,68.31,170,150,248,270,0.9861,0.0,0.9467,ready,False,0,False
BH-LAT-035-046,HIVE-035,ESP32-1035,2026-01-27T12:00:00,104,21,0.9161,late_stage_ready,inter_monsoon,humid_rain,30.78,68.2,168,149,246,264,0.9151,0.0,0.8848,ready,False,0,False
BH-LAT-035-047,HIVE-035,ESP32-1035,2026-01-27T18:00:00,104,16,0.9187,late_stage_ready,inter_monsoon,stable_clear,31.58,64.17,160,140,249,262,0.9129,0.0,0.8795,ready,False,0,False
BH-LAT-035-048,HIVE-035,ESP32-1035,2026-01-28T00:00:00,104,23,0.9184,late_stage_ready,inter_monsoon,cloudy_stable,31.34,63.41,154,140,236,250,0.9357,0.0,0.9022,ready,False,0,False
BH-LAT-035-049,HIVE-035,ESP32-1035,2026-01-28T06:00:00,105,26,0.9296,late_stage_ready,inter_monsoon,cloudy_stable,31.25,62.78,159,137,237,252,0.9904,0.0,0.9509,ready,False,0,False
BH-LAT-035-050,HIVE-035,ESP32-1035,2026-01-28T12:00:00,105,21,0.9518,late_stage_ready,inter_monsoon,cloudy_stable,31.45,62.98,160,138,247,255,0.9992,0.0,0.9586,ready,False,0,False
BH-LAT-035-051,HIVE-035,ESP32-1035,2026-01-28T18:00:00,105,17,0.9493,late_stage_ready,inter_monsoon,cloudy_stable,31.81,63.46,172,144,247,266,0.9966,0.0,0.9556,ready,False,0,False
BH-LAT-035-052,HIVE-035,ESP32-1035,2026-01-29T00:00:00,105,24,0.9338,late_stage_ready,inter_monsoon,stable_clear,32.33,62.57,167,148,244,268,0.9474,0.0,0.912,ready,False,0,False
BH-LAT-035-053,HIVE-035,ESP32-1035,2026-01-29T06:00:00,105,21,0.9496,late_stage_ready,inter_monsoon,stable_clear,32.55,62.51,174,152,242,258,0.9492,0.0,0.9145,ready,False,0,False
BH-LAT-035-054,HIVE-035,ESP32-1035,2026-01-29T12:00:00,106,24,0.9345,late_stage_ready,inter_monsoon,stable_clear,32.39,61.55,183,151,247,268,0.9626,0.0,0.9259,ready,False,1,False
BH-LAT-035-055,HIVE-035,ESP32-1035,2026-01-29T18:00:00,106,26,0.9396,late_stage_ready,inter_monsoon,stable_clear,31.87,61.2,175,144,241,264,0.9863,0.0,0.9463,ready,False,0,False
BH-LAT-035-056,HIVE-035,ESP32-1035,2026-01-30T00:00:00,106,21,0.9508,late_stage_ready,inter_monsoon,stable_clear,31.96,61.13,163,143,244,263,0.9364,0.0,0.9035,ready,False,0,False
BH-LAT-035-057,HIVE-035,ESP32-1035,2026-01-30T06:00:00,106,21,0.9808,late_stage_ready,inter_monsoon,stable_clear,32.16,60.48,165,144,238,263,0.9983,0.0,0.9577,ready,False,0,False
BH-LAT-035-058,HIVE-035,ESP32-1035,2026-01-30T12:00:00,106,26,0.9734,late_stage_ready,inter_monsoon,stable_clear,32.47,59.99,166,147,235,258,0.9567,0.0,0.9209,ready,False,0,False
BH-LAT-035-059,HIVE-035,ESP32-1035,2026-01-30T18:00:00,107,23,0.9496,late_stage_ready,inter_monsoon,stable_clear,32.33,59.66,169,148,237,252,0.9955,0.0,0.9554,ready,False,0,False
BH-LAT-035-060,HIVE-035,ESP32-1035,2026-01-31T00:00:00,107,25,0.9649,late_stage_ready,inter_monsoon,stable_clear,32.0,59.65,167,145,232,254,0.987,0.0,0.9477,ready,False,0,False
BH-LAT-035-061,HIVE-035,ESP32-1035,2026-01-31T06:00:00,107,22,0.9644,late_stage_ready,inter_monsoon,stable_clear,31.92,60.35,168,143,234,249,0.9614,0.0,0.9254,ready,False,0,False
BH-LAT-035-062,HIVE-035,ESP32-1035,2026-01-31T12:00:00,107,24,0.982,late_stage_ready,inter_monsoon,stable_clear,31.68,59.88,171,152,237,262,0.9876,0.0,0.9479,ready,False,0,False
BH-LAT-035-063,HIVE-035,ESP32-1035,2026-01-31T18:00:00,107,18,0.9598,late_stage_ready,inter_monsoon,humid_rain,31.29,63.67,167,154,241,263,0.9701,0.0,0.931,ready,False,0,False
BH-LAT-035-064,HIVE-035,ESP32-1035,2026-02-01T00:00:00,107,19,0.9643,late_stage_ready,inter_monsoon,stable_clear,31.68,62.12,159,148,245,255,0.9969,0.0,0.9554,ready,False,0,False
BH-LAT-035-065,HIVE-035,ESP32-1035,2026-02-01T06:00:00,108,21,0.9955,late_stage_ready,inter_monsoon,cloudy_stable,32.07,62.17,161,148,242,263,1.0,0.0,0.959,ready,False,0,False
BH-LAT-035-066,HIVE-035,ESP32-1035,2026-02-01T12:00:00,108,24,0.9775,late_stage_ready,inter_monsoon,cloudy_stable,31.92,62.18,165,143,240,256,0.9844,0.0,0.9457,ready,False,0,False
BH-LAT-035-067,HIVE-035,ESP32-1035,2026-02-01T18:00:00,108,26,0.9996,late_stage_ready,inter_monsoon,humid_rain,31.05,64.91,174,150,245,264,0.9553,0.0,0.9172,ready,False,0,False
BH-LAT-035-068,HIVE-035,ESP32-1035,2026-02-02T00:00:00,108,29,0.9701,late_stage_ready,inter_monsoon,post_rain,31.09,66.13,175,149,239,264,0.9855,0.0,0.9464,ready,False,0,False
BH-LAT-035-069,HIVE-035,ESP32-1035,2026-02-02T06:00:00,108,22,0.9804,late_stage_ready,inter_monsoon,post_rain,30.68,66.33,182,145,238,259,1.0,0.0,0.9588,ready,False,1,False
BH-LAT-035-070,HIVE-035,ESP32-1035,2026-02-02T12:00:00,108,21,0.985,late_stage_ready,inter_monsoon,post_rain,30.91,65.16,173,147,231,267,1.0,0.0,0.9586,ready,False,0,False
BH-LAT-035-071,HIVE-035,ESP32-1035,2026-02-02T18:00:00,108,22,1.0,late_stage_ready,inter_monsoon,post_rain,30.91,64.41,170,152,240,256,0.9623,0.0,0.9261,ready,False,0,False
BH-LAT-035-072,HIVE-035,ESP32-1035,2026-02-03T00:00:00,108,24,1.0,late_stage_ready,inter_monsoon,post_rain,30.89,65.93,170,151,237,260,1.0,0.0,0.9591,ready,False,0,False
BH-LAT-035-073,HIVE-035,ESP32-1035,2026-02-03T06:00:00,109,20,1.0,late_stage_ready,inter_monsoon,humid_rain,31.04,67.24,173,152,239,256,0.9613,0.0,0.9248,ready,False,0,False
BH-LAT-035-074,HIVE-035,ESP32-1035,2026-02-03T12:00:00,109,21,1.0,late_stage_ready,inter_monsoon,stable_clear,31.54,63.56,174,147,232,264,0.9888,0.0,0.9471,ready,False,0,False
BH-LAT-035-075,HIVE-035,ESP32-1035,2026-02-03T18:00:00,109,27,0.9928,late_stage_ready,inter_monsoon,stable_clear,31.48,61.71,170,145,228,265,0.9923,0.0,0.952,ready,False,0,False
BH-LAT-035-076,HIVE-035,ESP32-1035,2026-02-04T00:00:00,109,27,0.9795,late_stage_ready,inter_monsoon,stable_clear,31.88,61.59,162,143,228,254,0.9712,0.0,0.9334,ready,False,0,False
BH-LAT-035-077,HIVE-035,ESP32-1035,2026-02-04T06:00:00,109,30,0.9947,late_stage_ready,inter_monsoon,stable_clear,32.46,60.91,163,146,221,263,0.9683,0.0,0.9304,ready,False,0,False
BH-LAT-035-078,HIVE-035,ESP32-1035,2026-02-04T12:00:00,109,28,0.9978,late_stage_ready,inter_monsoon,stable_clear,32.31,60.58,158,139,231,262,1.0,0.0,0.9592,ready,False,0,False
BH-LAT-035-079,HIVE-035,ESP32-1035,2026-02-04T18:00:00,109,23,0.9961,late_stage_ready,inter_monsoon,stable_clear,32.24,61.71,163,141,240,255,0.9773,0.0,0.939,ready,False,0,False
BH-LAT-035-080,HIVE-035,ESP32-1035,2026-02-05T00:00:00,109,22,0.9794,late_stage_ready,inter_monsoon,stable_clear,31.73,62.3,163,147,238,255,0.9781,0.0,0.9393,ready,False,0,False
BH-LAT-035-081,HIVE-035,ESP32-1035,2026-02-05T06:00:00,109,20,0.9867,late_stage_ready,inter_monsoon,post_rain,31.43,65.22,168,155,249,274,1.0,0.0,0.9574,ready,False,0,False
BH-LAT-035-082,HIVE-035,ESP32-1035,2026-02-05T12:00:00,109,21,1.0,late_stage_ready,inter_monsoon,post_rain,31.06,65.48,168,157,243,275,1.0,0.0,0.959,ready,False,0,False
BH-LAT-035-083,HIVE-035,ESP32-1035,2026-02-05T18:00:00,109,21,0.9805,late_stage_ready,inter_monsoon,post_rain,31.0,66.24,163,151,245,269,1.0,0.0,0.9592,ready,False,0,False
BH-LAT-036-000,HIVE-036,ESP32-1036,2026-03-27T16:00:00,113,15,0.816,late_stage_ready,dry,cloudy_stable,31.21,54.68,159,124,228,249,0.935,0.0,0.9009,ready,False,0,False
BH-LAT-036-001,HIVE-036,ESP32-1036,2026-03-27T22:00:00,113,17,0.8286,late_stage_ready,dry,cloudy_stable,31.39,54.17,161,130,230,256,0.9308,0.0,0.8983,ready,False,0,False
BH-LAT-036-002,HIVE-036,ESP32-1036,2026-03-28T04:00:00,113,9,0.8241,late_stage_ready,dry,cloudy_stable,31.76,54.3,170,123,240,250,0.8775,0.0,0.8509,ready,False,0,False
BH-LAT-036-003,HIVE-036,ESP32-1036,2026-03-28T10:00:00,113,18,0.8502,late_stage_ready,dry,cloudy_stable,31.55,54.35,170,134,228,255,0.9512,0.0,0.9161,ready,False,0,False
BH-LAT-036-004,HIVE-036,ESP32-1036,2026-03-28T16:00:00,113,8,0.8234,late_stage_ready,dry,cloudy_stable,31.62,54.38,165,140,230,266,0.918,0.0,0.8873,ready,False,0,False
BH-LAT-036-005,HIVE-036,ESP32-1036,2026-03-28T22:00:00,113,15,0.8427,late_stage_ready,dry,cloudy_stable,32.15,54.05,170,141,236,278,0.8984,0.0,0.8691,ready,False,0,False
BH-LAT-036-006,HIVE-036,ESP32-1036,2026-03-29T04:00:00,113,11,0.8365,late_stage_ready,dry,midday_heat,33.02,52.1,174,142,240,274,0.9374,0.056,0.8713,ready,False,0,False
BH-LAT-036-007,HIVE-036,ESP32-1036,2026-03-29T10:00:00,113,11,0.8517,late_stage_ready,dry,midday_heat,33.62,50.43,179,145,255,270,0.9363,0.168,0.8091,ready,False,1,False
BH-LAT-036-008,HIVE-036,ESP32-1036,2026-03-29T16:00:00,113,13,0.8558,late_stage_ready,dry,midday_heat,34.11,49.55,178,142,250,271,0.928,0.2448,0.7605,nearly_ready,False,1,False
BH-LAT-036-009,HIVE-036,ESP32-1036,2026-03-29T22:00:00,114,13,0.84,late_stage_ready,dry,midday_heat,34.13,50.9,178,140,246,270,0.8977,0.1808,0.7698,nearly_ready,False,1,False
BH-LAT-036-010,HIVE-036,ESP32-1036,2026-03-30T04:00:00,114,9,0.836,late_stage_ready,dry,midday_heat,34.17,50.82,178,143,238,268,0.9467,0.2097,0.7975,nearly_ready,False,1,False
BH-LAT-036-011,HIVE-036,ESP32-1036,2026-03-30T10:00:00,114,10,0.8342,late_stage_ready,dry,midday_heat,34.13,50.83,174,146,238,274,0.9065,0.2073,0.7635,nearly_ready,False,1,False
BH-LAT-036-012,HIVE-036,ESP32-1036,2026-03-30T16:00:00,114,13,0.8442,late_stage_ready,dry,midday_heat,34.2,50.64,174,146,250,283,0.9409,0.1995,0.7978,nearly_ready,False,1,False
BH-LAT-036-013,HIVE-036,ESP32-1036,2026-03-30T22:00:00,114,19,0.8309,late_stage_ready,dry,midday_heat,34.06,50.47,171,150,243,283,0.8918,0.1952,0.7569,nearly_ready,False,1,False
BH-LAT-036-014,HIVE-036,ESP32-1036,2026-03-31T04:00:00,114,18,0.8464,late_stage_ready,dry,midday_heat,33.83,49.52,169,144,243,283,0.9502,0.2069,0.8013,ready,False,1,False
BH-LAT-036-015,HIVE-036,ESP32-1036,2026-03-31T10:00:00,115,14,0.834,late_stage_ready,dry,midday_heat,33.45,49.61,174,138,249,274,0.9494,0.1642,0.824,ready,False,0,False
BH-LAT-036-016,HIVE-036,ESP32-1036,2026-03-31T16:00:00,115,20,0.8418,late_stage_ready,dry,midday_heat,33.5,48.57,178,139,250,269,0.8959,0.19,0.7632,nearly_ready,False,0,False
BH-LAT-036-017,HIVE-036,ESP32-1036,2026-03-31T22:00:00,115,13,0.8623,late_stage_ready,dry,midday_heat,33.6,47.89,181,140,253,293,0.9507,0.2262,0.7912,nearly_ready,False,2,False
BH-LAT-036-018,HIVE-036,ESP32-1036,2026-04-01T04:00:00,115,15,0.8501,late_stage_ready,dry,midday_heat,33.31,46.77,180,138,259,292,0.9449,0.2426,0.7769,nearly_ready,False,0,False
BH-LAT-036-019,HIVE-036,ESP32-1036,2026-04-01T10:00:00,116,18,0.87,late_stage_ready,dry,midday_heat,33.59,47.27,180,148,251,284,0.9415,0.2659,0.7611,nearly_ready,False,1,False
BH-LAT-036-020,HIVE-036,ESP32-1036,2026-04-01T16:00:00,116,16,0.8448,late_stage_ready,dry,midday_heat,33.82,48.35,184,146,259,281,0.8964,0.2593,0.7249,nearly_ready,False,2,False
BH-LAT-036-021,HIVE-036,ESP32-1036,2026-04-01T22:00:00,116,19,0.8596,late_stage_ready,dry,midday_heat,33.97,48.9,177,140,256,278,0.9295,0.2539,0.7574,nearly_ready,False,1,False
BH-LAT-036-022,HIVE-036,ESP32-1036,2026-04-02T04:00:00,116,17,0.8582,late_stage_ready,dry,stable_clear,32.85,49.56,170,136,258,277,0.9267,0.113,0.8306,ready,False,0,False
BH-LAT-036-023,HIVE-036,ESP32-1036,2026-04-02T10:00:00,117,14,0.8638,late_stage_ready,dry,stable_clear,32.69,50.47,169,141,254,269,0.9393,0.0559,0.8748,ready,False,0,False
BH-LAT-036-024,HIVE-036,ESP32-1036,2026-04-02T16:00:00,117,20,0.849,late_stage_ready,dry,stable_clear,32.42,50.33,170,137,238,270,0.9173,0.0426,0.8629,ready,False,0,False
BH-LAT-036-025,HIVE-036,ESP32-1036,2026-04-02T22:00:00,117,17,0.8657,late_stage_ready,dry,cloudy_stable,32.58,51.41,170,134,239,270,0.9357,0.0476,0.8764,ready,False,0,False
BH-LAT-036-026,HIVE-036,ESP32-1036,2026-04-03T04:00:00,117,21,0.8854,late_stage_ready,dry,stable_clear,32.77,50.66,177,133,236,272,0.9355,0.0554,0.8718,ready,False,0,False
BH-LAT-036-027,HIVE-036,ESP32-1036,2026-04-03T10:00:00,118,17,0.8572,late_stage_ready,dry,stable_clear,32.71,50.63,170,132,226,260,0.9314,0.0295,0.8828,ready,False,0,False
BH-LAT-036-028,HIVE-036,ESP32-1036,2026-04-03T16:00:00,118,14,0.8656,late_stage_ready,dry,stable_clear,32.84,50.64,167,136,240,261,0.9093,0.0946,0.8276,ready,False,0,False
BH-LAT-036-029,HIVE-036,ESP32-1036,2026-04-03T22:00:00,118,23,0.8833,late_stage_ready,dry,midday_heat,33.5,50.13,175,144,243,272,0.9294,0.1656,0.8048,ready,False,0,False
BH-LAT-036-030,HIVE-036,ESP32-1036,2026-04-04T04:00:00,119,18,0.8766,late_stage_ready,dry,midday_heat,33.84,49.85,175,145,237,282,0.9293,0.2127,0.7798,nearly_ready,False,1,False
BH-LAT-036-031,HIVE-036,ESP32-1036,2026-04-04T10:00:00,119,21,0.9023,late_stage_ready,dry,midday_heat,33.9,49.37,180,145,243,283,0.9761,0.2175,0.8188,ready,False,2,False
BH-LAT-036-032,HIVE-036,ESP32-1036,2026-04-04T16:00:00,119,24,0.8928,late_stage_ready,dry,midday_heat,33.99,48.62,183,156,246,289,0.9352,0.2455,0.767,nearly_ready,False,2,False
BH-LAT-036-033,HIVE-036,ESP32-1036,2026-04-04T22:00:00,120,15,0.8733,late_stage_ready,dry,midday_heat,34.24,47.89,183,149,249,287,0.963,0.3281,0.746,nearly_ready,False,2,False
BH-LAT-036-034,HIVE-036,ESP32-1036,2026-04-05T04:00:00,120,21,0.891,late_stage_ready,dry,midday_heat,34.18,48.79,183,143,256,284,0.9841,0.2718,0.7958,nearly_ready,False,2,False
BH-LAT-036-035,HIVE-036,ESP32-1036,2026-04-05T10:00:00,120,16,0.9056,late_stage_ready,dry,midday_heat,34.19,47.93,177,145,249,284,0.9536,0.2709,0.7695,nearly_ready,False,1,False
BH-LAT-036-036,HIVE-036,ESP32-1036,2026-04-05T16:00:00,121,17,0.9072,late_stage_ready,dry,midday_heat,33.67,48.19,176,146,239,289,0.9867,0.1968,0.8387,ready,False,1,False
BH-LAT-036-037,HIVE-036,ESP32-1036,2026-04-05T22:00:00,121,20,0.89,late_stage_ready,dry,midday_heat,33.86,48.08,178,147,247,282,0.9566,0.2576,0.7795,nearly_ready,False,1,False
BH-LAT-036-038,HIVE-036,ESP32-1036,2026-04-06T04:00:00,121,25,0.9138,late_stage_ready,dry,stable_clear,33.35,49.3,177,146,254,271,0.9494,0.1848,0.812,ready,False,0,False
BH-LAT-036-039,HIVE-036,ESP32-1036,2026-04-06T10:00:00,122,20,0.9129,late_stage_ready,dry,stable_clear,32.96,50.5,178,141,244,273,0.9621,0.0719,0.8855,ready,False,0,False
BH-LAT-036-040,HIVE-036,ESP32-1036,2026-04-06T16:00:00,122,19,0.9102,late_stage_ready,dry,cloudy_stable,32.91,51.01,179,139,242,279,0.9726,0.0948,0.8833,ready,False,0,False
BH-LAT-036-041,HIVE-036,ESP32-1036,2026-04-06T22:00:00,122,23,0.9143,late_stage_ready,dry,cloudy_stable,32.59,52.73,174,135,239,273,0.9946,0.0,0.9535,ready,False,0,False
BH-LAT-036-042,HIVE-036,ESP32-1036,2026-04-07T04:00:00,123,23,0.9321,late_stage_ready,dry,midday_heat,33.47,51.06,180,141,241,275,0.9587,0.1663,0.8293,ready,False,1,False
BH-LAT-036-043,HIVE-036,ESP32-1036,2026-04-07T10:00:00,123,27,0.9277,late_stage_ready,dry,midday_heat,33.83,49.64,178,145,243,286,1.0,0.2082,0.8438,ready,False,1,False
BH-LAT-036-044,HIVE-036,ESP32-1036,2026-04-07T16:00:00,123,21,0.9116,late_stage_ready,dry,stable_clear,33.25,49.98,165,140,241,275,0.9873,0.1178,0.8822,ready,False,0,False
BH-LAT-036-045,HIVE-036,ESP32-1036,2026-04-07T22:00:00,124,21,0.9115,late_stage_ready,dry,stable_clear,32.87,50.08,167,142,252,269,0.985,0.1063,0.8872,ready,False,0,False
BH-LAT-036-046,HIVE-036,ESP32-1036,2026-04-08T04:00:00,124,22,0.9475,late_stage_ready,dry,midday_heat,32.92,49.82,175,156,249,278,0.9587,0.1227,0.8554,ready,False,0,False
BH-LAT-036-047,HIVE-036,ESP32-1036,2026-04-08T10:00:00,124,23,0.922,late_stage_ready,dry,midday_heat,33.48,49.57,181,150,250,291,0.9637,0.2144,0.8085,ready,False,1,False
BH-LAT-036-048,HIVE-036,ESP32-1036,2026-04-08T16:00:00,125,25,0.9302,late_stage_ready,dry,midday_heat,33.91,48.76,181,153,260,285,0.945,0.2765,0.7581,nearly_ready,False,2,False
BH-LAT-036-049,HIVE-036,ESP32-1036,2026-04-08T22:00:00,125,29,0.9314,late_stage_ready,dry,stable_clear,33.19,49.43,179,141,252,269,0.9515,0.1509,0.8321,ready,False,0,False
BH-LAT-036-050,HIVE-036,ESP32-1036,2026-04-09T04:00:00,125,25,0.9451,late_stage_ready,dry,midday_heat,33.85,49.34,181,145,257,274,0.9884,0.2613,0.8045,ready,False,2,False
BH-LAT-036-051,HIVE-036,ESP32-1036,2026-04-09T10:00:00,126,24,0.9522,late_stage_ready,dry,midday_heat,33.9,48.51,178,150,251,277,0.9806,0.2189,0.8218,ready,False,1,False
BH-LAT-036-052,HIVE-036,ESP32-1036,2026-04-09T16:00:00,126,24,0.9675,late_stage_ready,dry,stable_clear,33.37,49.54,177,143,248,270,1.0,0.1645,0.8677,ready,False,0,False
BH-LAT-036-053,HIVE-036,ESP32-1036,2026-04-09T22:00:00,126,23,0.9459,late_stage_ready,dry,stable_clear,33.27,50.4,174,138,246,263,0.9986,0.1433,0.8791,ready,False,0,False
BH-LAT-036-054,HIVE-036,ESP32-1036,2026-04-10T04:00:00,127,22,0.9476,late_stage_ready,dry,stable_clear,32.51,49.71,179,141,246,269,1.0,0.0909,0.9079,ready,False,0,False
BH-LAT-036-055,HIVE-036,ESP32-1036,2026-04-10T10:00:00,127,24,0.9494,late_stage_ready,dry,stable_clear,32.12,48.88,179,136,243,278,0.9981,0.0957,0.9042,ready,False,0,False
BH-LAT-036-056,HIVE-036,ESP32-1036,2026-04-10T16:00:00,127,27,0.9686,late_stage_ready,dry,midday_heat,32.6,49.76,178,142,241,275,1.0,0.0861,0.9111,ready,False,0,False
BH-LAT-036-057,HIVE-036,ESP32-1036,2026-04-10T22:00:00,128,26,0.9533,late_stage_ready,dry,midday_heat,33.15,48.67,176,151,255,280,0.9715,0.1383,0.8568,ready,False,0,False
BH-LAT-036-058,HIVE-036,ESP32-1036,2026-04-11T04:00:00,128,33,0.9454,late_stage_ready,dry,midday_heat,33.42,48.09,174,148,241,284,1.0,0.1896,0.8546,ready,False,0,False
BH-LAT-036-059,HIVE-036,ESP32-1036,2026-04-11T10:00:00,128,25,0.9618,late_stage_ready,dry,midday_heat,33.37,48.01,184,142,250,282,0.9981,0.2208,0.8363,ready,False,1,False
BH-LAT-036-060,HIVE-036,ESP32-1036,2026-04-11T16:00:00,128,33,0.9514,late_stage_ready,dry,midday_heat,33.67,48.23,182,145,249,285,0.9808,0.2514,0.804,ready,False,2,False
BH-LAT-036-061,HIVE-036,ESP32-1036,2026-04-11T22:00:00,129,31,0.9895,late_stage_ready,dry,midday_heat,34.14,48.84,175,145,254,288,1.0,0.2645,0.8131,ready,False,1,False
BH-LAT-036-062,HIVE-036,ESP32-1036,2026-04-12T04:00:00,129,27,0.9671,late_stage_ready,dry,cloudy_stable,33.0,50.01,167,135,264,274,0.9745,0.1645,0.8436,ready,False,1,False
BH-LAT-036-063,HIVE-036,ESP32-1036,2026-04-12T10:00:00,129,33,0.9917,late_stage_ready,dry,midday_heat,33.44,49.53,176,140,264,269,1.0,0.1904,0.8538,ready,False,1,False
BH-LAT-036-064,HIVE-036,ESP32-1036,2026-04-12T16:00:00,129,27,0.9869,late_stage_ready,dry,midday_heat,33.69,49.81,174,143,259,281,0.9868,0.2175,0.8278,ready,False,1,False
BH-LAT-036-065,HIVE-036,ESP32-1036,2026-04-12T22:00:00,130,31,0.984,late_stage_ready,dry,midday_heat,33.78,48.92,178,145,253,285,1.0,0.2007,0.8488,ready,False,1,False
BH-LAT-036-066,HIVE-036,ESP32-1036,2026-04-13T04:00:00,130,35,0.9862,late_stage_ready,dry,midday_heat,34.09,49.48,179,150,258,277,0.9804,0.2322,0.8138,ready,False,1,False
BH-LAT-036-067,HIVE-036,ESP32-1036,2026-04-13T10:00:00,130,29,0.9814,late_stage_ready,dry,midday_heat,34.22,49.94,184,148,269,265,1.0,0.372,0.6945,nearly_ready,False,3,True
BH-LAT-036-068,HIVE-036,ESP32-1036,2026-04-13T16:00:00,130,25,0.9865,late_stage_ready,dry,stable_clear,33.36,50.06,177,145,249,268,0.9955,0.1229,0.8861,ready,False,0,False
BH-LAT-036-069,HIVE-036,ESP32-1036,2026-04-13T22:00:00,131,32,0.9921,late_stage_ready,dry,stable_clear,32.9,50.04,180,138,246,262,1.0,0.1259,0.8895,ready,False,0,False
BH-LAT-036-070,HIVE-036,ESP32-1036,2026-04-14T04:00:00,131,33,1.0,late_stage_ready,dry,stable_clear,32.71,49.99,179,145,248,263,1.0,0.0771,0.917,ready,False,0,False
BH-LAT-036-071,HIVE-036,ESP32-1036,2026-04-14T10:00:00,131,29,0.9886,late_stage_ready,dry,stable_clear,33.45,50.31,183,144,254,277,1.0,0.188,0.8546,ready,False,1,False
BH-LAT-036-072,HIVE-036,ESP32-1036,2026-04-14T16:00:00,131,29,0.9905,late_stage_ready,dry,cloudy_stable,33.92,51.62,181,145,244,280,1.0,0.2051,0.8454,ready,False,2,False
BH-LAT-036-073,HIVE-036,ESP32-1036,2026-04-14T22:00:00,131,34,1.0,late_stage_ready,dry,cloudy_stable,33.96,52.04,175,141,247,269,1.0,0.1305,0.8876,ready,False,1,False
BH-LAT-036-074,HIVE-036,ESP32-1036,2026-04-15T04:00:00,131,28,1.0,late_stage_ready,dry,stable_clear,34.09,51.16,172,140,250,264,0.9977,0.1778,0.8593,ready,False,1,False
BH-LAT-036-075,HIVE-036,ESP32-1036,2026-04-15T10:00:00,132,28,0.9866,late_stage_ready,dry,stable_clear,34.25,50.33,172,143,249,271,1.0,0.1898,0.8547,ready,False,1,False
BH-LAT-036-076,HIVE-036,ESP32-1036,2026-04-15T16:00:00,132,28,0.9787,late_stage_ready,dry,stable_clear,33.39,50.34,166,141,240,272,1.0,0.1021,0.9019,ready,False,0,False
BH-LAT-036-077,HIVE-036,ESP32-1036,2026-04-15T22:00:00,132,31,0.9822,late_stage_ready,dry,stable_clear,32.97,50.03,166,141,246,268,1.0,0.1036,0.9019,ready,False,0,False
BH-LAT-036-078,HIVE-036,ESP32-1036,2026-04-16T04:00:00,132,31,1.0,late_stage_ready,dry,stable_clear,32.7,49.19,171,136,247,270,1.0,0.0971,0.9054,ready,False,0,False
BH-LAT-036-079,HIVE-036,ESP32-1036,2026-04-16T10:00:00,132,29,0.9839,late_stage_ready,dry,midday_heat,33.58,48.64,175,149,250,281,0.9824,0.1851,0.8402,ready,False,1,False
BH-LAT-036-080,HIVE-036,ESP32-1036,2026-04-16T16:00:00,132,29,0.9822,late_stage_ready,dry,stable_clear,33.59,50.49,170,144,253,274,0.9971,0.1609,0.8678,ready,False,1,False
BH-LAT-036-081,HIVE-036,ESP32-1036,2026-04-16T22:00:00,132,37,0.982,late_stage_ready,dry,midday_heat,34.28,49.42,176,144,246,270,1.0,0.2222,0.8356,ready,False,1,False
BH-LAT-036-082,HIVE-036,ESP32-1036,2026-04-17T04:00:00,132,36,1.0,late_stage_ready,dry,midday_heat,34.47,49.31,179,144,255,280,1.0,0.2383,0.8282,ready,False,1,False
BH-LAT-036-083,HIVE-036,ESP32-1036,2026-04-17T10:00:00,132,36,1.0,late_stage_ready,dry,midday_heat,34.04,48.26,174,146,263,279,1.0,0.2918,0.7979,nearly_ready,False,2,False
BH-LAT-037-000,HIVE-037,ESP32-1037,2026-04-01T08:00:00,135,8,0.8276,late_stage_ready,inter_monsoon,stable_clear,30.21,60.55,140,170,232,261,0.9272,0.0,0.8941,ready,False,0,False
BH-LAT-037-001,HIVE-037,ESP32-1037,2026-04-01T14:00:00,135,10,0.8252,late_stage_ready,inter_monsoon,stable_clear,30.69,60.47,144,172,241,272,0.9181,0.0,0.8866,ready,False,0,False
BH-LAT-037-002,HIVE-037,ESP32-1037,2026-04-01T20:00:00,135,13,0.8468,late_stage_ready,inter_monsoon,stable_clear,30.32,60.65,146,178,242,277,0.9436,0.0,0.9093,ready,False,0,False
BH-LAT-037-003,HIVE-037,ESP32-1037,2026-04-02T02:00:00,135,8,0.8378,late_stage_ready,inter_monsoon,stable_clear,30.69,60.51,151,180,239,280,0.9625,0.0,0.926,ready,False,1,False
BH-LAT-037-004,HIVE-037,ESP32-1037,2026-04-02T08:00:00,135,13,0.8352,late_stage_ready,inter_monsoon,stable_clear,30.88,61.02,164,189,250,285,0.9523,0.0,0.9167,ready,False,1,False
BH-LAT-037-005,HIVE-037,ESP32-1037,2026-04-02T14:00:00,135,11,0.8401,late_stage_ready,inter_monsoon,stable_clear,30.99,62.06,167,191,250,292,0.9323,0.0,0.8995,ready,False,1,False
BH-LAT-037-006,HIVE-037,ESP32-1037,2026-04-02T20:00:00,135,14,0.8309,late_stage_ready,inter_monsoon,stable_clear,31.22,62.08,166,193,238,289,0.915,0.0,0.8845,ready,False,1,False
BH-LAT-037-007,HIVE-037,ESP32-1037,2026-04-03T02:00:00,136,13,0.8222,late_stage_ready,inter_monsoon,post_rain,30.61,64.69,165,189,249,289,0.9222,0.0,0.8888,ready,False,1,False
BH-LAT-037-008,HIVE-037,ESP32-1037,2026-04-03T08:00:00,136,17,0.8384,late_stage_ready,inter_monsoon,stable_clear,30.52,62.33,160,192,250,284,0.9331,0.0,0.8996,ready,False,1,False
BH-LAT-037-009,HIVE-037,ESP32-1037,2026-04-03T14:00:00,136,17,0.8315,late_stage_ready,inter_monsoon,stable_clear,30.51,61.16,155,187,251,277,0.9317,0.0,0.899,ready,False,1,False
BH-LAT-037-010,HIVE-037,ESP32-1037,2026-04-03T20:00:00,136,16,0.8437,late_stage_ready,inter_monsoon,stable_clear,30.64,61.5,151,183,247,275,0.9708,0.0,0.9337,ready,False,1,False
BH-LAT-037-011,HIVE-037,ESP32-1037,2026-04-04T02:00:00,136,10,0.8216,late_stage_ready,inter_monsoon,stable_clear,30.54,61.07,157,180,241,264,0.9354,0.0,0.9024,ready,False,1,False
BH-LAT-037-012,HIVE-037,ESP32-1037,2026-04-04T08:00:00,137,18,0.8245,late_stage_ready,inter_monsoon,stable_clear,30.63,60.14,159,182,242,268,0.9585,0.0,0.9228,ready,False,1,False
BH-LAT-037-013,HIVE-037,ESP32-1037,2026-04-04T14:00:00,137,18,0.8322,late_stage_ready,inter_monsoon,stable_clear,30.8,60.44,161,179,246,277,0.931,0.0,0.8985,ready,False,0,False
BH-LAT-037-014,HIVE-037,ESP32-1037,2026-04-04T20:00:00,137,16,0.8316,late_stage_ready,inter_monsoon,humid_rain,30.52,63.56,160,189,248,284,0.9152,0.0,0.8831,ready,False,1,False
BH-LAT-037-015,HIVE-037,ESP32-1037,2026-04-05T02:00:00,138,15,0.8307,late_stage_ready,inter_monsoon,cloudy_stable,30.28,63.84,159,185,244,289,0.9677,0.0,0.9307,ready,False,1,False
BH-LAT-037-016,HIVE-037,ESP32-1037,2026-04-05T08:00:00,138,18,0.8519,late_stage_ready,inter_monsoon,cloudy_stable,30.12,64.41,150,180,236,275,0.943,0.0,0.9087,ready,False,1,False
BH-LAT-037-017,HIVE-037,ESP32-1037,2026-04-05T14:00:00,138,13,0.8502,late_stage_ready,inter_monsoon,stable_clear,30.41,61.93,147,180,237,284,0.9779,0.0,0.9387,ready,False,1,False
BH-LAT-037-018,HIVE-037,ESP32-1037,2026-04-05T20:00:00,139,14,0.834,late_stage_ready,inter_monsoon,stable_clear,30.4,61.68,142,181,244,285,0.965,0.0,0.9289,ready,False,1,False
BH-LAT-037-019,HIVE-037,ESP32-1037,2026-04-06T02:00:00,139,14,0.8395,late_stage_ready,inter_monsoon,humid_rain,29.8,64.93,152,182,253,292,0.9121,0.0,0.8795,ready,False,1,False
BH-LAT-037-020,HIVE-037,ESP32-1037,2026-04-06T08:00:00,139,20,0.8416,late_stage_ready,inter_monsoon,humid_rain,29.72,66.16,157,181,246,285,0.9833,0.0,0.9443,ready,False,1,False
BH-LAT-037-021,HIVE-037,ESP32-1037,2026-04-06T14:00:00,140,18,0.868,late_stage_ready,inter_monsoon,humid_rain,29.39,68.13,160,186,244,284,0.9942,0.0,0.9531,ready,False,1,False
BH-LAT-037-022,HIVE-037,ESP32-1037,2026-04-06T20:00:00,140,18,0.8603,late_stage_ready,inter_monsoon,humid_rain,30.12,68.01,166,185,253,292,0.9684,0.0013,0.9297,ready,False,1,False
BH-LAT-037-023,HIVE-037,ESP32-1037,2026-04-07T02:00:00,141,18,0.857,late_stage_ready,inter_monsoon,post_rain,30.23,67.35,163,183,248,281,0.9795,0.0,0.9411,ready,False,1,False
BH-LAT-037-024,HIVE-037,ESP32-1037,2026-04-07T08:00:00,141,18,0.882,late_stage_ready,inter_monsoon,post_rain,29.95,67.22,160,187,254,293,0.9662,0.0,0.9294,ready,False,1,False
BH-LAT-037-025,HIVE-037,ESP32-1037,2026-04-07T14:00:00,142,16,0.856,late_stage_ready,inter_monsoon,stable_clear,30.64,64.95,161,180,252,292,0.934,0.0,0.8993,ready,False,1,False
BH-LAT-037-026,HIVE-037,ESP32-1037,2026-04-07T20:00:00,142,25,0.8707,late_stage_ready,inter_monsoon,stable_clear,30.81,65.0,162,185,256,293,0.9758,0.0,0.9382,ready,False,1,False
BH-LAT-037-027,HIVE-037,ESP32-1037,2026-04-08T02:00:00,142,19,0.8671,late_stage_ready,inter_monsoon,stable_clear,30.85,63.86,164,190,253,294,0.9492,0.0,0.9145,ready,False,1,False
BH-LAT-037-028,HIVE-037,ESP32-1037,2026-04-08T08:00:00,143,16,0.8879,late_stage_ready,inter_monsoon,stable_clear,31.23,63.74,172,188,252,305,0.9956,0.0,0.955,ready,False,1,False
BH-LAT-037-029,HIVE-037,ESP32-1037,2026-04-08T14:00:00,143,23,0.8755,late_stage_ready,inter_monsoon,humid_rain,30.56,67.85,174,186,262,313,0.9431,0.0,0.9063,ready,False,2,False
BH-LAT-037-030,HIVE-037,ESP32-1037,2026-04-08T20:00:00,144,20,0.8805,late_stage_ready,inter_monsoon,humid_rain,29.96,69.56,174,191,267,311,0.9493,0.034,0.8945,ready,False,2,False
BH-LAT-037-031,HIVE-037,ESP32-1037,2026-04-09T02:00:00,144,19,0.8855,late_stage_ready,inter_monsoon,stable_clear,30.54,65.99,171,191,266,300,0.9889,0.0258,0.933,ready,False,2,False
BH-LAT-037-032,HIVE-037,ESP32-1037,2026-04-09T08:00:00,145,28,0.8776,late_stage_ready,inter_monsoon,stable_clear,30.84,63.66,164,186,257,279,1.0,0.0,0.9577,ready,False,1,False
BH-LAT-037-033,HIVE-037,ESP32-1037,2026-04-09T14:00:00,145,22,0.9097,late_stage_ready,inter_monsoon,stable_clear,30.98,62.01,155,187,256,273,1.0,0.0,0.9587,ready,False,1,False
BH-LAT-037-034,HIVE-037,ESP32-1037,2026-04-09T20:00:00,146,26,0.9075,late_stage_ready,inter_monsoon,stable_clear,31.22,61.1,158,191,263,281,0.9874,0.0096,0.9424,ready,False,2,False
BH-LAT-037-035,HIVE-037,ESP32-1037,2026-04-10T02:00:00,147,30,0.8796,late_stage_ready,inter_monsoon,stable_clear,30.98,60.46,160,193,256,288,0.9847,0.0,0.9455,ready,False,1,False
BH-LAT-037-036,HIVE-037,ESP32-1037,2026-04-10T08:00:00,147,22,0.8843,late_stage_ready,inter_monsoon,stable_clear,30.94,60.47,163,195,256,292,1.0,0.0,0.9598,ready,False,1,False
BH-LAT-037-037,HIVE-037,ESP32-1037,2026-04-10T14:00:00,148,25,0.8844,late_stage_ready,inter_monsoon,humid_rain,30.51,63.89,174,205,265,299,0.9463,0.0407,0.8873,ready,False,2,False
BH-LAT-037-038,HIVE-037,ESP32-1037,2026-04-10T20:00:00,148,31,0.9134,late_stage_ready,inter_monsoon,humid_rain,30.23,66.53,179,199,267,297,0.9663,0.0334,0.91,ready,False,2,False
BH-LAT-037-039,HIVE-037,ESP32-1037,2026-04-11T02:00:00,149,23,0.9174,late_stage_ready,inter_monsoon,humid_rain,29.66,67.84,175,195,264,299,0.9878,0.009,0.9424,ready,False,2,False
BH-LAT-037-040,HIVE-037,ESP32-1037,2026-04-11T08:00:00,149,30,0.9273,late_stage_ready,inter_monsoon,humid_rain,30.27,67.46,175,197,260,291,1.0,0.0093,0.9533,ready,False,1,False
BH-LAT-037-041,HIVE-037,ESP32-1037,2026-04-11T14:00:00,150,27,0.8998,late_stage_ready,inter_monsoon,humid_rain,30.39,67.57,173,204,261,306,0.9659,0.0077,0.9251,ready,False,2,False
BH-LAT-037-042,HIVE-037,ESP32-1037,2026-04-11T20:00:00,150,23,0.9262,late_stage_ready,inter_monsoon,stable_clear,31.07,64.24,167,197,248,302,1.0,0.0,0.9566,ready,False,1,False
BH-LAT-037-043,HIVE-037,ESP32-1037,2026-04-12T02:00:00,151,34,0.9155,late_stage_ready,inter_monsoon,stable_clear,31.38,62.88,164,197,261,296,0.9803,0.0237,0.9281,ready,False,2,False
BH-LAT-037-044,HIVE-037,ESP32-1037,2026-04-12T08:00:00,151,31,0.9161,late_stage_ready,inter_monsoon,stable_clear,31.27,62.31,163,195,253,290,1.0,0.0,0.9593,ready,False,1,False
BH-LAT-037-045,HIVE-037,ESP32-1037,2026-04-12T14:00:00,152,31,0.9364,late_stage_ready,inter_monsoon,stable_clear,31.1,61.96,164,181,244,284,1.0,0.0,0.959,ready,False,1,False
BH-LAT-037-046,HIVE-037,ESP32-1037,2026-04-12T20:00:00,152,28,0.9458,late_stage_ready,inter_monsoon,stable_clear,30.73,61.24,162,185,247,287,1.0,0.0,0.9587,ready,False,1,False
BH-LAT-037-047,HIVE-037,ESP32-1037,2026-04-13T02:00:00,153,26,0.9523,late_stage_ready,inter_monsoon,cloudy_stable,30.55,62.31,158,181,244,281,1.0,0.0,0.9589,ready,False,1,False
BH-LAT-037-048,HIVE-037,ESP32-1037,2026-04-13T08:00:00,153,33,0.9261,late_stage_ready,inter_monsoon,cloudy_stable,30.33,62.88,157,183,238,275,1.0,0.0,0.9591,ready,False,1,False
BH-LAT-037-049,HIVE-037,ESP32-1037,2026-04-13T14:00:00,154,35,0.9506,late_stage_ready,inter_monsoon,stable_clear,30.79,62.42,166,182,235,286,1.0,0.0,0.9585,ready,False,1,False
BH-LAT-037-050,HIVE-037,ESP32-1037,2026-04-13T20:00:00,155,35,0.9508,late_stage_ready,inter_monsoon,stable_clear,30.95,61.66,164,185,242,283,1.0,0.0,0.9591,ready,False,1,False
BH-LAT-037-051,HIVE-037,ESP32-1037,2026-04-14T02:00:00,155,37,0.9474,late_stage_ready,inter_monsoon,stable_clear,31.06,61.29,159,182,244,276,1.0,0.0,0.9594,ready,False,1,False
BH-LAT-037-052,HIVE-037,ESP32-1037,2026-04-14T08:00:00,156,31,0.9354,late_stage_ready,inter_monsoon,stable_clear,31.03,60.76,156,181,236,281,1.0,0.0,0.9594,ready,False,1,False
BH-LAT-037-053,HIVE-037,ESP32-1037,2026-04-14T14:00:00,156,37,0.9353,late_stage_ready,inter_monsoon,stable_clear,30.79,60.4,156,184,240,278,1.0,0.0,0.9592,ready,False,1,False
BH-LAT-037-054,HIVE-037,ESP32-1037,2026-04-14T20:00:00,157,35,0.9647,late_stage_ready,inter_monsoon,stable_clear,30.83,60.75,161,181,245,284,1.0,0.0,0.9594,ready,False,1,False
BH-LAT-037-055,HIVE-037,ESP32-1037,2026-04-15T02:00:00,157,34,0.9626,late_stage_ready,inter_monsoon,post_rain,30.96,64.24,164,189,253,297,1.0,0.0,0.9577,ready,False,1,False
BH-LAT-037-056,HIVE-037,ESP32-1037,2026-04-15T08:00:00,158,33,0.9403,late_stage_ready,inter_monsoon,post_rain,30.4,66.76,166,185,250,301,1.0,0.0,0.9575,ready,False,1,False
BH-LAT-037-057,HIVE-037,ESP32-1037,2026-04-15T14:00:00,158,35,0.962,late_stage_ready,inter_monsoon,post_rain,29.91,66.84,167,181,252,306,1.0,0.0,0.9588,ready,False,1,False
BH-LAT-037-058,HIVE-037,ESP32-1037,2026-04-15T20:00:00,158,37,0.9697,late_stage_ready,inter_monsoon,post_rain,30.07,66.61,166,186,251,305,1.0,0.0,0.9594,ready,False,1,False
BH-LAT-037-059,HIVE-037,ESP32-1037,2026-04-16T02:00:00,159,40,0.9501,late_stage_ready,inter_monsoon,post_rain,29.92,67.31,164,187,246,302,1.0,0.0,0.9592,ready,False,1,False
BH-LAT-037-060,HIVE-037,ESP32-1037,2026-04-16T08:00:00,159,33,0.9526,late_stage_ready,inter_monsoon,post_rain,29.66,67.03,163,186,252,292,1.0,0.0,0.9591,ready,False,1,False
BH-LAT-037-061,HIVE-037,ESP32-1037,2026-04-16T14:00:00,160,36,0.9842,late_stage_ready,inter_monsoon,post_rain,29.65,67.92,165,180,249,286,1.0,0.0,0.9593,ready,False,0,False
BH-LAT-037-062,HIVE-037,ESP32-1037,2026-04-16T20:00:00,160,37,0.9795,late_stage_ready,inter_monsoon,post_rain,29.63,68.42,165,177,250,296,1.0,0.0,0.9595,ready,False,0,False
BH-LAT-037-063,HIVE-037,ESP32-1037,2026-04-17T02:00:00,161,34,0.9565,late_stage_ready,inter_monsoon,post_rain,29.81,67.1,164,189,251,294,0.996,0.0,0.9552,ready,False,1,False
BH-LAT-037-064,HIVE-037,ESP32-1037,2026-04-17T08:00:00,161,37,0.9925,late_stage_ready,inter_monsoon,stable_clear,30.69,63.72,161,185,242,286,1.0,0.0,0.9563,ready,False,1,False
BH-LAT-037-065,HIVE-037,ESP32-1037,2026-04-17T14:00:00,161,43,0.9873,late_stage_ready,inter_monsoon,stable_clear,30.89,62.43,150,184,236,288,1.0,0.0,0.9587,ready,False,1,False
BH-LAT-037-066,HIVE-037,ESP32-1037,2026-04-17T20:00:00,162,35,0.9722,late_stage_ready,inter_monsoon,stable_clear,31.04,61.59,152,185,248,287,1.0,0.0,0.9591,ready,False,1,False
BH-LAT-037-067,HIVE-037,ESP32-1037,2026-04-18T02:00:00,162,35,0.9905,late_stage_ready,inter_monsoon,humid_rain,30.23,64.59,165,192,255,301,1.0,0.0144,0.9484,ready,False,1,False
BH-LAT-037-068,HIVE-037,ESP32-1037,2026-04-18T08:00:00,162,39,0.9689,late_stage_ready,inter_monsoon,humid_rain,29.91,67.35,168,194,263,300,1.0,0.0248,0.9442,ready,False,2,False
BH-LAT-037-069,HIVE-037,ESP32-1037,2026-04-18T14:00:00,163,45,1.0,late_stage_ready,inter_monsoon,humid_rain,30.07,67.45,168,193,255,297,1.0,0.0029,0.9579,ready,False,1,False
BH-LAT-037-070,HIVE-037,ESP32-1037,2026-04-18T20:00:00,163,46,0.9733,late_stage_ready,inter_monsoon,humid_rain,29.92,68.96,167,191,254,294,1.0,0.0,0.9589,ready,False,1,False
BH-LAT-037-071,HIVE-037,ESP32-1037,2026-04-19T02:00:00,163,37,0.9887,late_stage_ready,inter_monsoon,humid_rain,29.8,68.13,170,191,258,297,1.0,0.0,0.9592,ready,False,1,False
BH-LAT-037-072,HIVE-037,ESP32-1037,2026-04-19T08:00:00,164,37,1.0,late_stage_ready,inter_monsoon,humid_rain,29.41,68.51,165,192,268,298,1.0,0.0314,0.9415,ready,False,2,False
BH-LAT-037-073,HIVE-037,ESP32-1037,2026-04-19T14:00:00,164,44,1.0,late_stage_ready,inter_monsoon,humid_rain,29.55,68.69,174,192,265,313,1.0,0.0105,0.9535,ready,False,2,False
BH-LAT-037-074,HIVE-037,ESP32-1037,2026-04-19T20:00:00,164,45,0.9788,late_stage_ready,inter_monsoon,humid_rain,29.57,69.23,176,196,259,299,1.0,0.0,0.9593,ready,False,1,False
BH-LAT-037-075,HIVE-037,ESP32-1037,2026-04-20T02:00:00,164,39,0.9861,late_stage_ready,inter_monsoon,humid_rain,29.87,69.39,174,196,259,306,1.0,0.004,0.957,ready,False,1,False
BH-LAT-037-076,HIVE-037,ESP32-1037,2026-04-20T08:00:00,164,45,0.9826,late_stage_ready,inter_monsoon,humid_rain,30.17,68.91,168,200,250,303,1.0,0.0,0.9588,ready,False,1,False
BH-LAT-037-077,HIVE-037,ESP32-1037,2026-04-20T14:00:00,165,47,1.0,late_stage_ready,inter_monsoon,humid_rain,30.31,69.31,170,204,262,300,1.0,0.0145,0.9512,ready,False,2,False
BH-LAT-037-078,HIVE-037,ESP32-1037,2026-04-20T20:00:00,165,38,0.9834,late_stage_ready,inter_monsoon,cloudy_stable,31.01,67.6,164,189,252,295,1.0,0.0,0.9572,ready,False,1,False
BH-LAT-037-079,HIVE-037,ESP32-1037,2026-04-21T02:00:00,165,47,1.0,late_stage_ready,inter_monsoon,cloudy_stable,31.04,66.4,161,197,256,288,1.0,0.0,0.959,ready,False,1,False
BH-LAT-037-080,HIVE-037,ESP32-1037,2026-04-21T08:00:00,165,45,0.9819,late_stage_ready,inter_monsoon,stable_clear,31.21,63.65,158,194,256,290,1.0,0.0,0.9582,ready,False,1,False
BH-LAT-037-081,HIVE-037,ESP32-1037,2026-04-21T14:00:00,165,41,1.0,late_stage_ready,inter_monsoon,stable_clear,30.97,63.09,154,187,250,282,1.0,0.0,0.9589,ready,False,1,False
BH-LAT-037-082,HIVE-037,ESP32-1037,2026-04-21T20:00:00,165,45,1.0,late_stage_ready,inter_monsoon,stable_clear,30.65,61.64,152,187,248,282,1.0,0.0,0.9586,ready,False,1,False
BH-LAT-037-083,HIVE-037,ESP32-1037,2026-04-22T02:00:00,165,42,0.9986,late_stage_ready,inter_monsoon,stable_clear,30.88,61.6,154,187,251,280,1.0,0.0,0.9594,ready,False,1,False
BH-LAT-038-000,HIVE-038,ESP32-1038,2026-04-16T08:00:00,134,16,0.8842,late_stage_overheated,dry,midday_heat,35.18,62.52,141,156,250,311,0.8925,0.4473,0.617,nearly_ready,False,1,False
BH-LAT-038-001,HIVE-038,ESP32-1038,2026-04-16T14:00:00,134,14,0.8873,late_stage_overheated,dry,midday_heat,36.17,61.32,155,156,241,331,0.927,0.651,0.4745,approaching,False,2,True
BH-LAT-038-002,HIVE-038,ESP32-1038,2026-04-16T20:00:00,134,17,0.8763,late_stage_overheated,dry,stable_clear,37.27,60.57,154,162,248,336,0.8911,0.7077,0.4121,approaching,False,2,True
BH-LAT-038-003,HIVE-038,ESP32-1038,2026-04-17T02:00:00,134,12,0.852,late_stage_overheated,dry,stable_clear,37.14,60.43,157,155,261,330,0.9386,0.6806,0.4709,approaching,False,3,True
BH-LAT-038-004,HIVE-038,ESP32-1038,2026-04-17T08:00:00,134,14,0.8863,late_stage_overheated,dry,stable_clear,36.1,60.61,161,159,251,329,0.9402,0.684,0.4687,approaching,False,2,True
BH-LAT-038-005,HIVE-038,ESP32-1038,2026-04-17T14:00:00,134,8,0.8654,late_stage_overheated,dry,stable_clear,36.01,61.16,157,147,245,319,0.8839,0.6425,0.4435,approaching,False,1,True
BH-LAT-038-006,HIVE-038,ESP32-1038,2026-04-17T20:00:00,134,15,0.8512,late_stage_overheated,dry,stable_clear,36.51,59.82,159,150,254,336,0.8811,0.7014,0.4076,approaching,False,2,True
BH-LAT-038-007,HIVE-038,ESP32-1038,2026-04-18T02:00:00,135,13,0.8911,late_stage_overheated,dry,stable_clear,36.37,59.36,160,158,253,328,0.9162,0.6855,0.4484,approaching,False,2,True
BH-LAT-038-008,HIVE-038,ESP32-1038,2026-04-18T08:00:00,135,9,0.8786,late_stage_overheated,dry,stable_clear,37.31,59.67,153,159,240,339,0.8783,0.6988,0.406,approaching,False,2,True
BH-LAT-038-009,HIVE-038,ESP32-1038,2026-04-18T14:00:00,135,15,0.875,late_stage_overheated,dry,stable_clear,37.72,59.72,159,149,246,351,0.9062,0.6652,0.4503,approaching,False,2,True
BH-LAT-038-010,HIVE-038,ESP32-1038,2026-04-18T20:00:00,135,10,0.8544,late_stage_overheated,dry,stable_clear,36.9,61.32,152,144,240,332,0.9078,0.6841,0.4397,approaching,False,2,True
BH-LAT-038-011,HIVE-038,ESP32-1038,2026-04-19T02:00:00,135,19,0.8906,late_stage_overheated,dry,midday_heat,37.49,60.05,161,146,261,335,0.9199,0.7135,0.4348,approaching,False,3,True
BH-LAT-038-012,HIVE-038,ESP32-1038,2026-04-19T08:00:00,136,11,0.8583,late_stage_overheated,dry,midday_heat,37.66,58.98,164,157,246,335,0.9183,0.703,0.4402,approaching,False,2,True
BH-LAT-038-013,HIVE-038,ESP32-1038,2026-04-19T14:00:00,136,11,0.869,late_stage_overheated,dry,midday_heat,37.33,59.42,165,147,255,329,0.9413,0.6935,0.4657,approaching,False,2,True
BH-LAT-038-018,HIVE-038,ESP32-1038,2026-04-20T20:00:00,137,11,0.8983,late_stage_overheated,dry,cloudy_stable,37.61,60.94,152,167,250,333,0.9265,0.7062,0.4414,approaching,False,2,True
BH-LAT-038-019,HIVE-038,ESP32-1038,2026-04-21T02:00:00,138,16,0.8722,late_stage_overheated,dry,cloudy_stable,37.6,62.16,153,174,255,345,0.9116,0.6912,0.4411,approaching,False,2,True
BH-LAT-038-021,HIVE-038,ESP32-1038,2026-04-21T14:00:00,138,14,0.9053,late_stage_overheated,dry,midday_heat,35.46,63.73,152,176,278,302,0.9299,0.5313,0.5985,approaching,False,2,False
BH-LAT-038-022,HIVE-038,ESP32-1038,2026-04-21T20:00:00,139,15,0.8827,late_stage_overheated,dry,cloudy_stable,35.37,63.55,153,170,272,319,0.8985,0.5077,0.5908,approaching,False,2,False
BH-LAT-038-023,HIVE-038,ESP32-1038,2026-04-22T02:00:00,139,15,0.9008,late_stage_overheated,dry,cloudy_stable,36.88,63.96,160,168,271,341,0.9088,0.7502,0.4034,approaching,False,3,True
BH-LAT-038-024,HIVE-038,ESP32-1038,2026-04-22T08:00:00,140,15,0.8833,late_stage_overheated,dry,cloudy_stable,37.01,63.39,159,161,262,340,0.9236,0.6909,0.452,approaching,False,3,True
BH-LAT-038-025,HIVE-038,ESP32-1038,2026-04-22T14:00:00,140,18,0.9009,late_stage_overheated,dry,midday_heat,38.34,61.88,170,169,265,355,0.9527,0.7236,0.4565,approaching,False,3,True
BH-LAT-038-029,HIVE-038,ESP32-1038,2026-04-23T14:00:00,142,17,0.9048,late_stage_overheated,dry,midday_heat,38.19,60.47,167,175,292,329,0.9574,0.7571,0.443,approaching,False,3,True
BH-LAT-038-033,HIVE-038,ESP32-1038,2026-04-24T14:00:00,144,27,0.9248,late_stage_overheated,dry,stable_clear,38.13,58.99,158,165,263,337,0.9634,0.7289,0.4614,approaching,False,3,True
BH-LAT-038-034,HIVE-038,ESP32-1038,2026-04-24T20:00:00,144,21,0.9043,late_stage_overheated,dry,stable_clear,36.61,60.07,149,161,250,329,0.9653,0.679,0.4919,approaching,False,2,True
BH-LAT-038-035,HIVE-038,ESP32-1038,2026-04-25T02:00:00,145,26,0.9129,late_stage_overheated,dry,stable_clear,36.1,60.81,155,158,238,328,0.9126,0.685,0.4446,approaching,False,2,True
BH-LAT-038-036,HIVE-038,ESP32-1038,2026-04-25T08:00:00,145,27,0.9028,late_stage_overheated,dry,stable_clear,36.01,60.81,143,161,250,329,0.9768,0.6392,0.5273,approaching,False,2,True
BH-LAT-038-037,HIVE-038,ESP32-1038,2026-04-25T14:00:00,146,22,0.9318,late_stage_overheated,dry,stable_clear,35.95,61.68,143,151,251,336,0.9402,0.6918,0.466,approaching,False,2,True
BH-LAT-038-038,HIVE-038,ESP32-1038,2026-04-25T20:00:00,146,25,0.9337,late_stage_overheated,dry,stable_clear,35.99,60.86,148,149,253,320,0.9594,0.6465,0.5078,approaching,False,1,True
BH-LAT-038-039,HIVE-038,ESP32-1038,2026-04-26T02:00:00,147,21,0.9103,late_stage_overheated,dry,stable_clear,36.03,60.49,147,151,250,326,0.9367,0.6463,0.4884,approaching,False,2,True
BH-LAT-038-040,HIVE-038,ESP32-1038,2026-04-26T08:00:00,147,31,0.9217,late_stage_overheated,dry,cloudy_stable,35.69,61.96,152,150,242,331,0.9829,0.6135,0.5459,approaching,False,2,True
BH-LAT-038-041,HIVE-038,ESP32-1038,2026-04-26T14:00:00,148,29,0.9303,late_stage_overheated,dry,midday_heat,36.23,60.54,154,157,247,333,0.9527,0.6846,0.4798,approaching,False,2,True
BH-LAT-038-042,HIVE-038,ESP32-1038,2026-04-26T20:00:00,148,30,0.9238,late_stage_overheated,dry,midday_heat,37.42,59.8,153,158,251,344,0.9401,0.6755,0.4728,approaching,False,2,True
BH-LAT-038-043,HIVE-038,ESP32-1038,2026-04-27T02:00:00,149,31,0.9396,late_stage_overheated,dry,midday_heat,37.18,58.8,154,164,249,344,0.9757,0.6767,0.5053,approaching,False,2,True
BH-LAT-038-044,HIVE-038,ESP32-1038,2026-04-27T08:00:00,149,25,0.9419,late_stage_overheated,dry,cloudy_stable,36.37,61.27,158,159,247,330,0.9839,0.6985,0.4985,approaching,False,2,True
BH-LAT-038-046,HIVE-038,ESP32-1038,2026-04-27T20:00:00,150,25,0.925,late_stage_overheated,dry,cloudy_stable,35.51,67.62,185,144,276,300,0.9554,0.678,0.4835,approaching,False,3,True
BH-LAT-038-047,HIVE-038,ESP32-1038,2026-04-28T02:00:00,151,31,0.9395,late_stage_overheated,dry,midday_heat,36.73,61.94,173,150,263,321,0.9179,0.7535,0.4074,approaching,False,3,True
BH-LAT-038-048,HIVE-038,ESP32-1038,2026-04-28T08:00:00,151,32,0.9466,late_stage_overheated,dry,stable_clear,36.69,61.46,162,144,250,327,0.936,0.6731,0.4726,approaching,False,2,True
BH-LAT-038-049,HIVE-038,ESP32-1038,2026-04-28T14:00:00,152,26,0.9539,late_stage_overheated,dry,stable_clear,38.01,60.38,166,157,253,325,0.9465,0.7038,0.4623,approaching,False,2,True
BH-LAT-038-050,HIVE-038,ESP32-1038,2026-04-28T20:00:00,152,30,0.9553,late_stage_overheated,dry,stable_clear,38.5,60.17,160,156,262,331,0.9388,0.7283,0.4442,approaching,False,3,True
BH-LAT-038-051,HIVE-038,ESP32-1038,2026-04-29T02:00:00,153,32,0.966,late_stage_overheated,dry,stable_clear,37.37,60.52,159,150,256,331,1.0,0.6811,0.5227,approaching,False,2,True
BH-LAT-038-052,HIVE-038,ESP32-1038,2026-04-29T08:00:00,153,33,0.9623,late_stage_overheated,dry,midday_heat,37.34,58.99,156,164,251,344,1.0,0.6936,0.5172,approaching,False,2,True
BH-LAT-038-053,HIVE-038,ESP32-1038,2026-04-29T14:00:00,154,31,0.9439,late_stage_overheated,dry,midday_heat,37.07,57.71,158,161,253,337,0.9447,0.6749,0.4788,approaching,False,2,True
BH-LAT-038-054,HIVE-038,ESP32-1038,2026-04-29T20:00:00,154,32,0.9441,late_stage_overheated,dry,midday_heat,37.25,59.04,157,168,255,351,1.0,0.6782,0.5257,approaching,False,2,True
BH-LAT-038-055,HIVE-038,ESP32-1038,2026-04-30T02:00:00,155,30,0.9583,late_stage_overheated,dry,midday_heat,37.5,58.67,161,165,253,336,0.9628,0.696,0.4835,approaching,False,2,True
BH-LAT-038-062,HIVE-038,ESP32-1038,2026-05-01T20:00:00,158,39,0.9595,late_stage_overheated,dry,midday_heat,38.17,58.93,163,161,246,333,0.9985,0.663,0.5327,approaching,False,2,True
BH-LAT-038-063,HIVE-038,ESP32-1038,2026-05-02T02:00:00,158,41,0.9723,late_stage_overheated,dry,stable_clear,37.03,60.3,162,153,244,331,0.9487,0.6987,0.4674,approaching,False,2,True
BH-LAT-038-064,HIVE-038,ESP32-1038,2026-05-02T08:00:00,159,35,0.9617,late_stage_overheated,dry,stable_clear,36.51,60.06,161,146,260,320,0.9714,0.6647,0.5076,approaching,False,2,True
BH-LAT-038-065,HIVE-038,ESP32-1038,2026-05-02T14:00:00,159,41,0.9818,late_stage_overheated,dry,stable_clear,36.64,60.28,160,153,255,316,0.9595,0.6479,0.5074,approaching,False,1,True
BH-LAT-038-066,HIVE-038,ESP32-1038,2026-05-02T20:00:00,159,36,0.9973,late_stage_overheated,dry,stable_clear,36.62,59.43,154,147,239,323,0.9944,0.664,0.5289,approaching,False,2,True
BH-LAT-038-067,HIVE-038,ESP32-1038,2026-05-03T02:00:00,160,41,0.996,late_stage_overheated,dry,stable_clear,36.79,59.95,151,154,242,322,0.9839,0.6577,0.5233,approaching,False,2,True
BH-LAT-038-068,HIVE-038,ESP32-1038,2026-05-03T08:00:00,160,38,0.9913,late_stage_overheated,dry,stable_clear,38.15,62.02,160,163,256,328,0.9829,0.7054,0.4927,approaching,False,2,True
BH-LAT-038-072,HIVE-038,ESP32-1038,2026-05-04T08:00:00,161,36,1.0,late_stage_overheated,dry,stable_clear,37.61,61.36,157,161,254,331,0.961,0.6888,0.4826,approaching,False,2,True
BH-LAT-038-073,HIVE-038,ESP32-1038,2026-05-04T14:00:00,161,41,1.0,late_stage_overheated,dry,stable_clear,36.51,60.9,158,157,247,323,0.9999,0.6778,0.5245,approaching,False,2,True
BH-LAT-038-074,HIVE-038,ESP32-1038,2026-05-04T20:00:00,162,40,1.0,late_stage_overheated,dry,midday_heat,37.28,59.78,161,168,252,342,1.0,0.6856,0.5203,approaching,False,2,True
BH-LAT-038-075,HIVE-038,ESP32-1038,2026-05-05T02:00:00,162,39,1.0,late_stage_overheated,dry,cloudy_stable,35.99,61.26,157,161,239,336,1.0,0.6908,0.5163,approaching,False,2,True
BH-LAT-038-076,HIVE-038,ESP32-1038,2026-05-05T08:00:00,162,42,0.9851,late_stage_overheated,dry,cloudy_stable,38.09,62.99,165,172,248,338,0.9366,0.6932,0.4574,approaching,False,2,True
BH-LAT-038-080,HIVE-038,ESP32-1038,2026-05-06T08:00:00,163,43,0.9831,late_stage_overheated,dry,cloudy_stable,37.23,62.15,168,164,245,335,0.9395,0.6808,0.4665,approaching,False,2,True
BH-LAT-038-081,HIVE-038,ESP32-1038,2026-05-06T14:00:00,163,42,1.0,late_stage_overheated,dry,cloudy_stable,36.38,62.71,160,159,248,332,1.0,0.7122,0.506,approaching,False,2,True
BH-LAT-038-082,HIVE-038,ESP32-1038,2026-05-06T20:00:00,163,41,1.0,late_stage_overheated,dry,cloudy_stable,37.82,63.12,165,164,258,336,1.0,0.7247,0.4979,approaching,False,2,True
BH-LAT-038-085,HIVE-038,ESP32-1038,2026-05-07T14:00:00,163,39,1.0,late_stage_overheated,dry,midday_heat,38.43,60.31,171,169,268,353,0.9838,0.7224,0.4853,approaching,False,3,True
BH-LAT-039-000,HIVE-039,ESP32-1039,2026-02-05T00:00:00,114,14,0.8045,late_stage_overheated,dry,midday_heat,37.02,64.31,134,183,222,257,0.8688,0.6493,0.4249,approaching,False,2,True
BH-LAT-039-001,HIVE-039,ESP32-1039,2026-02-05T06:00:00,114,12,0.7984,late_stage_overheated,dry,cloudy_stable,36.88,64.14,138,180,234,259,0.8317,0.6332,0.4029,approaching,False,1,True
BH-LAT-039-002,HIVE-039,ESP32-1039,2026-02-05T12:00:00,114,8,0.7994,late_stage_overheated,dry,midday_heat,37.27,61.85,152,192,234,264,0.8586,0.6583,0.4111,approaching,False,2,True
BH-LAT-039-003,HIVE-039,ESP32-1039,2026-02-05T18:00:00,114,18,0.8107,late_stage_overheated,dry,midday_heat,37.91,61.01,168,184,242,272,0.8205,0.6976,0.356,approaching,False,2,True
BH-LAT-039-004,HIVE-039,ESP32-1039,2026-02-06T00:00:00,114,8,0.7822,late_stage_overheated,dry,midday_heat,37.88,60.39,174,186,254,281,0.8131,0.7013,0.349,not_ready,False,2,True
BH-LAT-039-005,HIVE-039,ESP32-1039,2026-02-06T06:00:00,114,14,0.7942,late_stage_overheated,dry,midday_heat,37.92,60.33,162,192,239,277,0.8253,0.6976,0.3619,approaching,False,2,True
BH-LAT-039-006,HIVE-039,ESP32-1039,2026-02-06T12:00:00,114,8,0.7863,late_stage_overheated,dry,midday_heat,38.01,60.97,160,194,247,273,0.8676,0.6596,0.42,approaching,False,2,True
BH-LAT-039-007,HIVE-039,ESP32-1039,2026-02-06T18:00:00,115,15,0.7809,late_stage_overheated,dry,midday_heat,38.04,60.42,157,191,257,272,0.8756,0.6918,0.4095,approaching,False,2,True
BH-LAT-039-008,HIVE-039,ESP32-1039,2026-02-07T00:00:00,115,10,0.7946,late_stage_overheated,dry,stable_clear,37.12,60.9,153,186,246,279,0.8589,0.6545,0.4134,approaching,False,2,True
BH-LAT-039-015,HIVE-039,ESP32-1039,2026-02-08T18:00:00,116,16,0.81,late_stage_overheated,dry,stable_clear,38.0,62.34,159,188,242,280,0.8332,0.715,0.3559,approaching,False,2,True
BH-LAT-039-016,HIVE-039,ESP32-1039,2026-02-09T00:00:00,117,19,0.8256,late_stage_overheated,dry,stable_clear,37.83,62.7,161,181,228,278,0.8586,0.6948,0.3925,approaching,False,2,True
BH-LAT-039-017,HIVE-039,ESP32-1039,2026-02-09T06:00:00,117,17,0.7927,late_stage_overheated,dry,stable_clear,37.4,63.66,155,183,234,283,0.8603,0.6424,0.4222,approaching,False,2,True
BH-LAT-039-023,HIVE-039,ESP32-1039,2026-02-10T18:00:00,119,16,0.837,late_stage_overheated,dry,midday_heat,38.48,55.85,179,202,246,315,0.8541,0.7576,0.35,not_ready,False,2,True
BH-LAT-039-024,HIVE-039,ESP32-1039,2026-02-11T00:00:00,119,17,0.8143,late_stage_overheated,dry,stable_clear,37.74,58.56,165,183,241,284,0.8375,0.6753,0.3818,approaching,False,2,True
BH-LAT-039-028,HIVE-039,ESP32-1039,2026-02-12T00:00:00,121,17,0.8177,late_stage_overheated,dry,cloudy_stable,37.79,64.4,160,183,255,299,0.8464,0.6881,0.3825,approaching,False,2,True
BH-LAT-039-029,HIVE-039,ESP32-1039,2026-02-12T06:00:00,122,25,0.8522,late_stage_overheated,dry,cloudy_stable,37.51,65.32,152,183,254,292,0.8758,0.7087,0.3997,approaching,False,2,True
BH-LAT-039-030,HIVE-039,ESP32-1039,2026-02-12T12:00:00,122,25,0.8298,late_stage_overheated,dry,midday_heat,37.92,61.4,155,185,259,300,0.8977,0.7076,0.4179,approaching,False,2,True
BH-LAT-039-038,HIVE-039,ESP32-1039,2026-02-14T12:00:00,126,27,0.872,late_stage_overheated,dry,midday_heat,38.46,60.0,161,191,258,295,0.9123,0.6786,0.4484,approaching,False,2,True
BH-LAT-039-044,HIVE-039,ESP32-1039,2026-02-16T00:00:00,129,23,0.876,late_stage_overheated,dry,cloudy_stable,37.45,62.28,167,182,253,280,0.8842,0.6829,0.4177,approaching,False,2,True
BH-LAT-039-045,HIVE-039,ESP32-1039,2026-02-16T06:00:00,129,23,0.8925,late_stage_overheated,dry,midday_heat,37.74,61.11,167,191,249,302,0.9211,0.6913,0.4487,approaching,False,2,True
BH-LAT-039-054,HIVE-039,ESP32-1039,2026-02-18T12:00:00,134,28,0.9093,late_stage_overheated,dry,cloudy_stable,37.54,63.01,159,193,247,290,0.9072,0.6939,0.4321,approaching,False,2,True
BH-LAT-039-055,HIVE-039,ESP32-1039,2026-02-18T18:00:00,134,30,0.9223,late_stage_overheated,dry,cloudy_stable,36.84,63.5,163,185,236,284,0.9047,0.7039,0.4269,approaching,False,2,True
BH-LAT-039-056,HIVE-039,ESP32-1039,2026-02-19T00:00:00,134,38,0.9254,late_stage_overheated,dry,midday_heat,38.08,61.52,159,183,239,280,0.9484,0.7132,0.4587,approaching,False,2,True
BH-LAT-039-061,HIVE-039,ESP32-1039,2026-02-20T06:00:00,137,37,0.9391,late_stage_overheated,dry,cloudy_stable,37.56,63.68,160,187,253,288,0.9157,0.6788,0.4497,approaching,False,2,True
BH-LAT-039-072,HIVE-039,ESP32-1039,2026-02-23T00:00:00,140,35,0.9677,late_stage_overheated,dry,midday_heat,38.44,59.53,171,199,257,289,0.9998,0.699,0.5142,approaching,False,2,True
BH-LAT-039-077,HIVE-039,ESP32-1039,2026-02-24T06:00:00,141,42,0.9526,late_stage_overheated,dry,stable_clear,38.27,62.71,164,179,245,284,0.9775,0.6725,0.5064,approaching,False,1,True
BH-LAT-039-078,HIVE-039,ESP32-1039,2026-02-24T12:00:00,141,37,0.9657,late_stage_overheated,dry,stable_clear,37.88,63.1,159,178,234,282,0.9952,0.6537,0.535,approaching,False,1,True
BH-LAT-039-085,HIVE-039,ESP32-1039,2026-02-26T06:00:00,142,37,0.9683,late_stage_overheated,dry,cloudy_stable,37.35,63.29,159,186,250,283,0.972,0.6701,0.5037,approaching,False,2,True
BH-LAT-040-002,HIVE-040,ESP32-1040,2026-03-01T12:00:00,124,17,0.7642,late_stage_overheated,dry,stable_clear,38.02,59.29,184,144,222,321,0.8115,0.6798,0.3583,approaching,False,3,True
BH-LAT-040-006,HIVE-040,ESP32-1040,2026-03-02T12:00:00,124,10,0.7514,late_stage_overheated,dry,cloudy_stable,37.64,62.14,184,146,237,296,0.7964,0.6791,0.3435,not_ready,False,2,True
BH-LAT-040-007,HIVE-040,ESP32-1040,2026-03-02T18:00:00,125,15,0.7552,late_stage_overheated,dry,stable_clear,37.29,60.68,183,152,238,294,0.8546,0.6599,0.4075,approaching,False,2,True
BH-LAT-040-008,HIVE-040,ESP32-1040,2026-03-03T00:00:00,125,16,0.7665,late_stage_overheated,dry,stable_clear,37.09,60.75,177,145,221,305,0.8561,0.6286,0.4266,approaching,False,1,True
BH-LAT-040-009,HIVE-040,ESP32-1040,2026-03-03T06:00:00,125,15,0.7521,late_stage_overheated,dry,midday_heat,37.66,59.02,184,148,230,312,0.8609,0.6699,0.4069,approaching,False,2,True
BH-LAT-040-010,HIVE-040,ESP32-1040,2026-03-03T12:00:00,125,10,0.7554,late_stage_overheated,dry,midday_heat,37.89,58.71,183,151,240,308,0.8118,0.703,0.3468,not_ready,False,2,True
BH-LAT-040-011,HIVE-040,ESP32-1040,2026-03-03T18:00:00,126,16,0.7475,late_stage_overheated,dry,midday_heat,38.09,58.64,194,148,245,315,0.8345,0.6683,0.3859,approaching,False,2,True
BH-LAT-040-017,HIVE-040,ESP32-1040,2026-03-05T06:00:00,127,14,0.7694,late_stage_overheated,dry,stable_clear,37.96,60.47,184,139,222,325,0.8598,0.7413,0.3646,approaching,False,3,True
BH-LAT-040-018,HIVE-040,ESP32-1040,2026-03-05T12:00:00,128,19,0.7718,late_stage_overheated,dry,stable_clear,37.69,60.1,179,141,231,312,0.8739,0.627,0.443,approaching,False,1,True
BH-LAT-040-019,HIVE-040,ESP32-1040,2026-03-05T18:00:00,128,17,0.7917,late_stage_overheated,dry,midday_heat,37.95,58.82,181,146,229,320,0.8648,0.6982,0.3957,approaching,False,3,True
BH-LAT-040-026,HIVE-040,ESP32-1040,2026-03-07T12:00:00,131,22,0.7904,late_stage_overheated,dry,cloudy_stable,37.32,61.06,195,159,231,327,0.8845,0.7079,0.4056,approaching,False,3,True
BH-LAT-040-027,HIVE-040,ESP32-1040,2026-03-07T18:00:00,132,17,0.8019,late_stage_overheated,dry,cloudy_stable,36.73,62.99,189,151,240,311,0.8489,0.7155,0.3709,approaching,False,2,True
BH-LAT-040-028,HIVE-040,ESP32-1040,2026-03-08T00:00:00,132,17,0.813,late_stage_overheated,dry,cloudy_stable,36.27,63.3,187,149,239,303,0.9101,0.6644,0.4543,approaching,False,2,True
BH-LAT-040-029,HIVE-040,ESP32-1040,2026-03-08T06:00:00,133,23,0.8185,late_stage_overheated,dry,midday_heat,37.42,60.56,191,151,243,311,0.892,0.6773,0.4286,approaching,False,2,True
BH-LAT-040-030,HIVE-040,ESP32-1040,2026-03-08T12:00:00,133,25,0.8292,late_stage_overheated,dry,midday_heat,38.42,59.68,191,149,252,317,0.8833,0.6922,0.414,approaching,False,2,True
BH-LAT-040-031,HIVE-040,ESP32-1040,2026-03-08T18:00:00,134,27,0.8211,late_stage_overheated,dry,cloudy_stable,37.38,61.28,186,141,243,318,0.8475,0.6834,0.3867,approaching,False,2,True
BH-LAT-040-032,HIVE-040,ESP32-1040,2026-03-09T00:00:00,135,29,0.8203,late_stage_overheated,dry,cloudy_stable,36.24,61.53,186,139,241,320,0.8961,0.6948,0.424,approaching,False,3,True
BH-LAT-040-033,HIVE-040,ESP32-1040,2026-03-09T06:00:00,135,22,0.8019,late_stage_overheated,dry,cloudy_stable,36.3,62.49,188,152,242,304,0.8947,0.6672,0.4393,approaching,False,2,True
BH-LAT-040-034,HIVE-040,ESP32-1040,2026-03-09T12:00:00,136,26,0.811,late_stage_overheated,dry,stable_clear,38.07,62.54,191,146,253,311,0.8801,0.7293,0.3894,approaching,False,2,True
BH-LAT-040-036,HIVE-040,ESP32-1040,2026-03-10T00:00:00,137,24,0.843,late_stage_overheated,dry,stable_clear,38.35,62.56,188,152,250,326,0.9043,0.7045,0.4271,approaching,False,3,True
BH-LAT-040-037,HIVE-040,ESP32-1040,2026-03-10T06:00:00,137,24,0.8392,late_stage_overheated,dry,stable_clear,37.81,61.67,192,142,245,321,0.9056,0.7241,0.4168,approaching,False,3,True
BH-LAT-040-038,HIVE-040,ESP32-1040,2026-03-10T12:00:00,138,25,0.8519,late_stage_overheated,dry,stable_clear,37.22,60.64,180,151,235,313,0.9076,0.6664,0.4498,approaching,False,2,True
BH-LAT-040-039,HIVE-040,ESP32-1040,2026-03-10T18:00:00,138,22,0.8403,late_stage_overheated,dry,cloudy_stable,37.27,62.36,182,153,231,335,0.8959,0.7199,0.4112,approaching,False,3,True
BH-LAT-040-040,HIVE-040,ESP32-1040,2026-03-11T00:00:00,139,27,0.8428,late_stage_overheated,dry,midday_heat,37.81,59.53,181,147,240,324,0.8863,0.7201,0.4011,approaching,False,3,True
BH-LAT-040-056,HIVE-040,ESP32-1040,2026-03-15T00:00:00,148,41,0.9004,late_stage_overheated,dry,stable_clear,38.43,62.25,194,157,255,326,0.9019,0.736,0.4041,approaching,False,3,True
BH-LAT-040-064,HIVE-040,ESP32-1040,2026-03-17T00:00:00,152,42,0.9303,late_stage_overheated,dry,midday_heat,37.96,57.45,201,154,250,330,0.9575,0.7161,0.4666,approaching,False,3,True
BH-LAT-040-071,HIVE-040,ESP32-1040,2026-03-18T18:00:00,155,48,0.9539,late_stage_overheated,dry,cloudy_stable,37.48,61.53,189,154,253,322,0.9789,0.748,0.4662,approaching,False,3,True
BH-LAT-040-072,HIVE-040,ESP32-1040,2026-03-19T00:00:00,155,48,0.9311,late_stage_overheated,dry,cloudy_stable,36.84,61.84,177,146,240,316,0.9674,0.6612,0.5056,approaching,False,1,True
BH-LAT-040-073,HIVE-040,ESP32-1040,2026-03-19T06:00:00,155,44,0.9634,late_stage_overheated,dry,cloudy_stable,36.55,61.05,184,153,232,318,0.9422,0.6834,0.4719,approaching,False,2,True
BH-LAT-040-074,HIVE-040,ESP32-1040,2026-03-19T12:00:00,155,45,0.9421,late_stage_overheated,dry,midday_heat,37.52,58.7,191,156,226,319,0.9921,0.7193,0.4941,approaching,False,2,True
BH-LAT-040-075,HIVE-040,ESP32-1040,2026-03-19T18:00:00,156,42,0.9414,late_stage_overheated,dry,midday_heat,37.92,59.11,198,157,245,319,0.9554,0.6721,0.4897,approaching,False,2,True
BH-LAT-040-076,HIVE-040,ESP32-1040,2026-03-20T00:00:00,156,49,0.9662,late_stage_overheated,dry,midday_heat,37.78,57.83,196,150,254,333,0.9649,0.7243,0.4695,approaching,False,3,True
BH-LAT-040-077,HIVE-040,ESP32-1040,2026-03-20T06:00:00,156,41,0.9553,late_stage_overheated,dry,midday_heat,37.78,58.75,200,157,251,332,0.9834,0.7482,0.4732,approaching,False,3,True
BH-LAT-040-078,HIVE-040,ESP32-1040,2026-03-20T12:00:00,156,47,0.942,late_stage_overheated,dry,midday_heat,38.14,59.34,200,153,229,319,0.9799,0.7181,0.4859,approaching,False,2,True
BH-LAT-041-000,HIVE-041,ESP32-1041,2026-03-17T16:00:00,121,14,0.8345,late_stage_overheated,dry,cloudy_stable,37.59,76.55,129,166,250,268,0.8945,0.6576,0.443,approaching,False,1,True
BH-LAT-041-008,HIVE-041,ESP32-1041,2026-03-19T16:00:00,121,12,0.8351,late_stage_overheated,dry,midday_heat,38.42,71.44,152,174,250,279,0.9059,0.6604,0.4521,approaching,False,1,True
BH-LAT-041-009,HIVE-041,ESP32-1041,2026-03-19T22:00:00,122,18,0.8525,late_stage_overheated,dry,midday_heat,38.19,71.0,141,182,246,274,0.8618,0.6903,0.3976,approaching,False,2,True
BH-LAT-041-010,HIVE-041,ESP32-1041,2026-03-20T04:00:00,122,10,0.8522,late_stage_overheated,dry,stable_clear,37.76,71.45,145,179,247,276,0.874,0.6553,0.4275,approaching,False,1,True
BH-LAT-041-011,HIVE-041,ESP32-1041,2026-03-20T10:00:00,122,9,0.8433,late_stage_overheated,dry,stable_clear,37.15,71.84,145,175,251,278,0.9092,0.6681,0.4511,approaching,False,1,True
BH-LAT-041-012,HIVE-041,ESP32-1041,2026-03-20T16:00:00,122,15,0.8601,late_stage_overheated,dry,cloudy_stable,37.03,72.94,136,171,253,272,0.9097,0.6378,0.4686,approaching,False,1,True
BH-LAT-041-013,HIVE-041,ESP32-1041,2026-03-20T22:00:00,122,11,0.8454,late_stage_overheated,dry,cloudy_stable,36.46,73.31,135,170,247,254,0.869,0.667,0.4162,approaching,False,1,True
BH-LAT-041-014,HIVE-041,ESP32-1041,2026-03-21T04:00:00,122,16,0.8589,late_stage_overheated,dry,cloudy_stable,36.21,73.43,137,171,245,252,0.9258,0.6378,0.4832,approaching,False,1,True
BH-LAT-041-015,HIVE-041,ESP32-1041,2026-03-21T10:00:00,122,14,0.8279,late_stage_overheated,dry,cloudy_stable,38.19,75.33,141,184,255,278,0.8891,0.6949,0.4146,approaching,False,2,True
BH-LAT-041-016,HIVE-041,ESP32-1041,2026-03-21T16:00:00,123,13,0.859,late_stage_overheated,dry,cloudy_stable,38.46,76.12,146,186,255,277,0.892,0.7022,0.4177,approaching,False,2,True
BH-LAT-041-017,HIVE-041,ESP32-1041,2026-03-21T22:00:00,123,18,0.8483,late_stage_overheated,dry,stable_clear,38.06,74.17,140,183,246,266,0.902,0.691,0.4315,approaching,False,2,True
BH-LAT-041-018,HIVE-041,ESP32-1041,2026-03-22T04:00:00,123,11,0.8708,late_stage_overheated,dry,stable_clear,37.63,73.22,137,173,236,272,0.8646,0.6233,0.4363,approaching,False,1,True
BH-LAT-041-019,HIVE-041,ESP32-1041,2026-03-22T10:00:00,123,17,0.8473,late_stage_overheated,dry,stable_clear,37.54,73.07,138,164,237,262,0.8955,0.662,0.4434,approaching,False,1,True
BH-LAT-041-020,HIVE-041,ESP32-1041,2026-03-22T16:00:00,124,21,0.8611,late_stage_overheated,dry,stable_clear,37.39,72.55,135,163,242,261,0.8623,0.6167,0.4389,approaching,False,1,True
BH-LAT-041-030,HIVE-041,ESP32-1041,2026-03-25T04:00:00,126,14,0.8753,late_stage_overheated,dry,stable_clear,37.52,71.33,137,172,252,263,0.8658,0.6688,0.4112,approaching,False,1,True
BH-LAT-041-031,HIVE-041,ESP32-1041,2026-03-25T10:00:00,126,17,0.8932,late_stage_overheated,dry,stable_clear,37.48,72.6,134,170,248,252,0.9112,0.6716,0.4515,approaching,False,1,True
BH-LAT-041-032,HIVE-041,ESP32-1041,2026-03-25T16:00:00,127,21,0.8896,late_stage_overheated,dry,midday_heat,37.94,71.13,142,177,238,264,0.9421,0.6215,0.5051,approaching,False,1,True
BH-LAT-041-040,HIVE-041,ESP32-1041,2026-03-27T16:00:00,129,17,0.8923,late_stage_overheated,dry,midday_heat,38.24,70.08,139,178,249,284,0.909,0.6572,0.4565,approaching,False,1,True
BH-LAT-041-041,HIVE-041,ESP32-1041,2026-03-27T22:00:00,130,26,0.9236,late_stage_overheated,dry,midday_heat,38.16,69.82,140,188,256,272,0.9291,0.652,0.4782,approaching,False,2,True
BH-LAT-041-048,HIVE-041,ESP32-1041,2026-03-29T16:00:00,132,19,0.9354,late_stage_overheated,dry,midday_heat,38.02,69.96,144,169,259,267,0.9353,0.6369,0.4908,approaching,False,1,True
BH-LAT-041-049,HIVE-041,ESP32-1041,2026-03-29T22:00:00,132,20,0.9431,late_stage_overheated,dry,midday_heat,37.93,70.38,146,171,262,277,0.9497,0.6786,0.4819,approaching,False,2,True
BH-LAT-041-050,HIVE-041,ESP32-1041,2026-03-30T04:00:00,132,19,0.9203,late_stage_overheated,dry,cloudy_stable,37.49,74.42,146,180,254,265,0.9606,0.6578,0.5003,approaching,False,1,True
BH-LAT-041-052,HIVE-041,ESP32-1041,2026-03-30T16:00:00,133,22,0.9333,late_stage_overheated,dry,stable_clear,36.61,66.58,136,199,303,359,0.8726,0.8259,0.323,not_ready,False,4,True
BH-LAT-041-053,HIVE-041,ESP32-1041,2026-03-30T22:00:00,133,30,0.9296,late_stage_overheated,dry,cloudy_stable,37.35,71.14,144,186,280,325,0.9025,0.7805,0.3802,approaching,False,4,True
BH-LAT-041-071,HIVE-041,ESP32-1041,2026-04-04T10:00:00,138,29,0.9851,late_stage_overheated,dry,midday_heat,38.46,70.41,148,186,257,282,0.9606,0.6872,0.4864,approaching,False,2,True
BH-LAT-041-078,HIVE-041,ESP32-1041,2026-04-06T04:00:00,139,33,0.9933,late_stage_overheated,dry,stable_clear,37.76,70.57,133,175,247,267,0.9427,0.6737,0.4765,approaching,False,1,True
BH-LAT-041-079,HIVE-041,ESP32-1041,2026-04-06T10:00:00,139,35,1.0,late_stage_overheated,dry,stable_clear,37.07,71.22,138,178,255,268,0.9827,0.676,0.5111,approaching,False,1,True
BH-LAT-041-080,HIVE-041,ESP32-1041,2026-04-06T16:00:00,139,27,1.0,late_stage_overheated,dry,stable_clear,36.89,72.21,137,168,248,278,0.9723,0.6614,0.5106,approaching,False,1,True
BH-LAT-041-081,HIVE-041,ESP32-1041,2026-04-06T22:00:00,139,33,1.0,late_stage_overheated,dry,midday_heat,37.63,70.62,150,172,259,284,0.9584,0.6888,0.4818,approaching,False,1,True
BH-LAT-041-082,HIVE-041,ESP32-1041,2026-04-07T04:00:00,139,28,0.9997,late_stage_overheated,dry,cloudy_stable,36.91,72.99,148,173,253,283,0.9544,0.6444,0.5028,approaching,False,1,True
BH-LAT-041-083,HIVE-041,ESP32-1041,2026-04-07T10:00:00,139,30,0.9999,late_stage_overheated,dry,cloudy_stable,36.82,73.78,147,175,258,291,0.9861,0.6859,0.5098,approaching,False,1,True
BH-LAT-041-084,HIVE-041,ESP32-1041,2026-04-07T16:00:00,139,26,1.0,late_stage_overheated,dry,stable_clear,36.76,73.49,141,176,247,284,0.9985,0.622,0.5559,approaching,False,1,True
BH-LAT-041-085,HIVE-041,ESP32-1041,2026-04-07T22:00:00,139,32,0.988,late_stage_overheated,dry,midday_heat,37.77,71.21,144,182,261,293,1.0,0.7006,0.5111,approaching,False,3,True
BH-LAT-042-001,HIVE-042,ESP32-1042,2026-02-27T10:00:00,132,13,0.9241,late_stage_overheated,dry,stable_clear,37.88,75.06,123,182,283,269,0.8938,0.7332,0.4002,approaching,False,3,True
BH-LAT-042-002,HIVE-042,ESP32-1042,2026-02-27T16:00:00,132,14,0.9163,late_stage_overheated,dry,stable_clear,37.88,72.96,132,180,262,281,0.9068,0.7036,0.4295,approaching,False,3,True
BH-LAT-042-012,HIVE-042,ESP32-1042,2026-03-02T04:00:00,134,13,0.9278,late_stage_overheated,dry,stable_clear,38.35,70.43,131,184,255,298,0.9123,0.6697,0.4505,approaching,False,2,True
BH-LAT-042-013,HIVE-042,ESP32-1042,2026-03-02T10:00:00,134,19,0.9129,late_stage_overheated,dry,stable_clear,37.97,70.97,129,183,239,287,0.966,0.6803,0.4945,approaching,False,2,True
BH-LAT-042-024,HIVE-042,ESP32-1042,2026-03-05T04:00:00,138,15,0.9383,late_stage_overheated,dry,cloudy_stable,38.14,73.3,140,184,253,299,0.9714,0.6773,0.5,approaching,False,2,True
BH-LAT-042-025,HIVE-042,ESP32-1042,2026-03-05T10:00:00,139,18,0.9338,late_stage_overheated,dry,cloudy_stable,37.64,73.9,133,180,242,292,0.9699,0.6642,0.5065,approaching,False,1,True
BH-LAT-042-041,HIVE-042,ESP32-1042,2026-03-09T10:00:00,148,34,0.9488,late_stage_overheated,dry,stable_clear,38.19,71.95,133,171,242,293,0.9526,0.6706,0.4878,approaching,False,1,True
BH-LAT-042-042,HIVE-042,ESP32-1042,2026-03-09T16:00:00,148,33,0.9559,late_stage_overheated,dry,cloudy_stable,37.36,72.9,140,167,242,293,0.988,0.6448,0.5324,approaching,False,1,True
BH-LAT-042-043,HIVE-042,ESP32-1042,2026-03-09T22:00:00,149,28,0.9707,late_stage_overheated,dry,cloudy_stable,37.14,73.62,142,169,239,286,0.9937,0.6566,0.5324,approaching,False,1,True
BH-LAT-042-044,HIVE-042,ESP32-1042,2026-03-10T04:00:00,149,33,0.9556,late_stage_overheated,dry,cloudy_stable,37.74,74.29,138,171,251,292,0.9814,0.6274,0.5367,approaching,False,1,True
BH-LAT-042-045,HIVE-042,ESP32-1042,2026-03-10T10:00:00,150,32,0.9743,late_stage_overheated,dry,cloudy_stable,37.5,73.66,135,174,237,302,0.9905,0.6255,0.5464,approaching,False,1,True
BH-LAT-042-046,HIVE-042,ESP32-1042,2026-03-10T16:00:00,151,30,0.9504,late_stage_overheated,dry,cloudy_stable,37.3,74.25,131,167,251,300,1.0,0.6703,0.5302,approaching,False,1,True
BH-LAT-042-047,HIVE-042,ESP32-1042,2026-03-10T22:00:00,151,27,0.973,late_stage_overheated,dry,cloudy_stable,37.1,74.74,128,170,255,283,0.9915,0.6583,0.5295,approaching,False,1,True
BH-LAT-042-048,HIVE-042,ESP32-1042,2026-03-11T04:00:00,152,33,0.9738,late_stage_overheated,dry,cloudy_stable,37.2,73.56,126,169,250,296,1.0,0.6362,0.5491,approaching,False,1,True
BH-LAT-042-049,HIVE-042,ESP32-1042,2026-03-11T10:00:00,152,32,0.9522,late_stage_overheated,dry,cloudy_stable,36.91,74.61,136,168,256,293,0.9718,0.6715,0.5045,approaching,False,1,True
BH-LAT-042-050,HIVE-042,ESP32-1042,2026-03-11T16:00:00,153,37,0.9726,late_stage_overheated,dry,cloudy_stable,37.27,74.03,142,173,257,295,0.9773,0.6509,0.5208,approaching,False,1,True
BH-LAT-042-051,HIVE-042,ESP32-1042,2026-03-11T22:00:00,153,38,0.9716,late_stage_overheated,dry,cloudy_stable,36.87,74.15,142,180,251,303,0.99,0.6702,0.5214,approaching,False,2,True
BH-LAT-042-052,HIVE-042,ESP32-1042,2026-03-12T04:00:00,154,30,0.9757,late_stage_overheated,dry,stable_clear,37.08,71.99,140,182,246,298,0.9727,0.7047,0.4868,approaching,False,2,True
BH-LAT-042-067,HIVE-042,ESP32-1042,2026-03-15T22:00:00,161,39,0.9783,late_stage_overheated,dry,stable_clear,38.01,70.95,127,171,248,293,0.9733,0.63,0.527,approaching,False,1,True
BH-LAT-042-068,HIVE-042,ESP32-1042,2026-03-16T04:00:00,162,40,0.9754,late_stage_overheated,dry,stable_clear,38.05,70.06,130,169,251,301,0.9775,0.645,0.5247,approaching,False,1,True
BH-LAT-042-069,HIVE-042,ESP32-1042,2026-03-16T10:00:00,162,45,0.9839,late_stage_overheated,dry,stable_clear,37.79,70.94,127,170,245,299,0.9948,0.6705,0.5256,approaching,False,1,True
BH-LAT-042-075,HIVE-042,ESP32-1042,2026-03-17T22:00:00,164,44,1.0,late_stage_overheated,dry,stable_clear,38.48,70.63,148,178,254,295,0.9747,0.6828,0.5004,approaching,False,1,True
BH-LAT-043-000,HIVE-043,ESP32-1043,2026-04-30T20:00:00,135,15,0.8336,late_stage_overheated,dry,midday_heat,36.93,66.05,130,186,271,334,0.8911,0.746,0.3914,approaching,False,4,True
BH-LAT-043-005,HIVE-043,ESP32-1043,2026-05-02T02:00:00,135,8,0.822,late_stage_overheated,dry,stable_clear,37.1,64.51,136,185,268,340,0.877,0.7726,0.3624,approaching,False,4,True
BH-LAT-043-006,HIVE-043,ESP32-1043,2026-05-02T08:00:00,135,18,0.8308,late_stage_overheated,dry,midday_heat,37.16,64.01,142,184,276,344,0.8886,0.737,0.3959,approaching,False,4,True
BH-LAT-043-007,HIVE-043,ESP32-1043,2026-05-02T14:00:00,135,15,0.823,late_stage_overheated,dry,midday_heat,36.66,63.04,140,193,284,337,0.8601,0.7738,0.3495,not_ready,False,4,True
BH-LAT-043-010,HIVE-043,ESP32-1043,2026-05-03T08:00:00,136,13,0.8395,late_stage_overheated,dry,midday_heat,37.84,61.3,140,204,291,341,0.8977,0.7585,0.3887,approaching,False,4,True
BH-LAT-043-011,HIVE-043,ESP32-1043,2026-05-03T14:00:00,136,10,0.8291,late_stage_overheated,dry,midday_heat,37.04,60.75,144,199,289,339,0.9132,0.7618,0.4026,approaching,False,4,True
BH-LAT-043-012,HIVE-043,ESP32-1043,2026-05-03T20:00:00,136,18,0.8054,late_stage_overheated,dry,midday_heat,38.01,61.21,155,210,294,350,0.8851,0.7833,0.3653,approaching,False,4,True
BH-LAT-043-013,HIVE-043,ESP32-1043,2026-05-04T02:00:00,136,19,0.8357,late_stage_overheated,dry,stable_clear,37.03,61.49,146,199,291,360,0.9071,0.7511,0.4025,approaching,False,4,True
BH-LAT-043-014,HIVE-043,ESP32-1043,2026-05-04T08:00:00,136,19,0.805,late_stage_overheated,dry,midday_heat,37.86,60.84,150,199,296,355,0.8899,0.763,0.3813,approaching,False,4,True
BH-LAT-043-015,HIVE-043,ESP32-1043,2026-05-04T14:00:00,137,18,0.8148,late_stage_overheated,dry,midday_heat,38.48,60.21,148,209,296,354,0.8751,0.7866,0.3557,approaching,False,4,True
BH-LAT-043-018,HIVE-043,ESP32-1043,2026-05-05T08:00:00,137,16,0.8277,late_stage_overheated,dry,midday_heat,37.97,60.55,144,210,286,353,0.9141,0.7814,0.3908,approaching,False,4,True
BH-LAT-043-019,HIVE-043,ESP32-1043,2026-05-05T14:00:00,138,18,0.8404,late_stage_overheated,dry,midday_heat,37.4,61.41,141,197,288,343,0.9316,0.7648,0.4172,approaching,False,4,True
BH-LAT-043-020,HIVE-043,ESP32-1043,2026-05-05T20:00:00,138,17,0.815,late_stage_overheated,dry,midday_heat,37.33,61.46,141,196,290,344,0.9214,0.7886,0.3969,approaching,False,4,True
BH-LAT-043-021,HIVE-043,ESP32-1043,2026-05-06T02:00:00,138,20,0.8277,late_stage_overheated,dry,midday_heat,38.18,60.69,154,195,292,348,0.9041,0.7742,0.3874,approaching,False,4,True
BH-LAT-043-026,HIVE-043,ESP32-1043,2026-05-07T08:00:00,139,14,0.8281,late_stage_overheated,dry,midday_heat,38.12,65.2,168,210,279,333,0.8812,0.8151,0.3404,not_ready,False,4,True
BH-LAT-043-033,HIVE-043,ESP32-1043,2026-05-09T02:00:00,142,16,0.8413,late_stage_overheated,dry,stable_clear,36.8,63.51,134,186,297,346,0.9192,0.7822,0.3926,approaching,False,4,True
BH-LAT-043-034,HIVE-043,ESP32-1043,2026-05-09T08:00:00,142,20,0.8658,late_stage_overheated,dry,midday_heat,36.42,63.65,137,185,286,350,0.9471,0.7505,0.4395,approaching,False,4,True
BH-LAT-043-035,HIVE-043,ESP32-1043,2026-05-09T14:00:00,142,16,0.8358,late_stage_overheated,dry,midday_heat,36.92,62.15,152,196,285,346,0.924,0.7543,0.4159,approaching,False,4,True
BH-LAT-043-036,HIVE-043,ESP32-1043,2026-05-09T20:00:00,143,25,0.8426,late_stage_overheated,dry,midday_heat,36.61,61.06,150,204,294,351,0.8818,0.7918,0.359,approaching,False,4,True
BH-LAT-043-037,HIVE-043,ESP32-1043,2026-05-10T02:00:00,143,16,0.8418,late_stage_overheated,dry,midday_heat,36.49,60.8,144,208,295,347,0.8973,0.7975,0.3704,approaching,False,4,True
BH-LAT-043-038,HIVE-043,ESP32-1043,2026-05-10T08:00:00,143,21,0.8704,late_stage_overheated,dry,cloudy_stable,35.72,63.04,143,203,291,343,0.9399,0.7622,0.4251,approaching,False,4,True
BH-LAT-043-040,HIVE-043,ESP32-1043,2026-05-10T20:00:00,144,21,0.8725,late_stage_overheated,dry,cloudy_stable,35.41,63.08,148,213,304,354,0.9379,0.7142,0.4478,approaching,False,4,True
BH-LAT-043-042,HIVE-043,ESP32-1043,2026-05-11T08:00:00,145,18,0.8511,late_stage_overheated,dry,stable_clear,36.51,60.19,176,179,283,320,0.9175,0.7376,0.4164,approaching,False,2,True
BH-LAT-043-043,HIVE-043,ESP32-1043,2026-05-11T14:00:00,145,24,0.8735,late_stage_overheated,dry,stable_clear,36.0,60.85,153,186,272,334,0.9342,0.7396,0.4331,approaching,False,4,True
BH-LAT-043-044,HIVE-043,ESP32-1043,2026-05-11T20:00:00,146,28,0.8827,late_stage_overheated,dry,stable_clear,36.81,63.69,144,203,281,348,0.95,0.7883,0.4187,approaching,False,4,True
BH-LAT-043-045,HIVE-043,ESP32-1043,2026-05-12T02:00:00,146,21,0.8589,late_stage_overheated,dry,midday_heat,37.77,64.03,144,199,287,355,0.8926,0.7536,0.3887,approaching,False,4,True
BH-LAT-043-046,HIVE-043,ESP32-1043,2026-05-12T08:00:00,146,29,0.8672,late_stage_overheated,dry,midday_heat,37.07,62.68,146,204,288,342,0.946,0.7484,0.4385,approaching,False,4,True
BH-LAT-043-047,HIVE-043,ESP32-1043,2026-05-12T14:00:00,147,26,0.8821,late_stage_overheated,dry,midday_heat,36.54,62.71,153,200,279,335,0.936,0.788,0.4088,approaching,False,4,True
BH-LAT-043-048,HIVE-043,ESP32-1043,2026-05-12T20:00:00,147,26,0.8857,late_stage_overheated,dry,midday_heat,36.94,62.41,145,195,279,340,0.9414,0.7546,0.4321,approaching,False,4,True
BH-LAT-043-049,HIVE-043,ESP32-1043,2026-05-13T02:00:00,147,20,0.8741,late_stage_overheated,dry,cloudy_stable,35.45,65.25,134,198,276,342,0.9129,0.6988,0.4344,approaching,False,4,True
BH-LAT-043-050,HIVE-043,ESP32-1043,2026-05-13T08:00:00,148,23,0.8717,late_stage_overheated,dry,stable_clear,35.42,64.6,133,194,273,324,0.9648,0.6817,0.4934,approaching,False,4,True
BH-LAT-043-051,HIVE-043,ESP32-1043,2026-05-13T14:00:00,148,25,0.9029,late_stage_overheated,dry,stable_clear,35.0,63.63,137,179,260,325,0.9347,0.631,0.4936,approaching,False,3,True
BH-LAT-043-052,HIVE-043,ESP32-1043,2026-05-13T20:00:00,148,24,0.8852,late_stage_overheated,dry,stable_clear,35.14,63.72,137,182,265,323,0.9299,0.6291,0.4918,approaching,False,4,True
BH-LAT-043-053,HIVE-043,ESP32-1043,2026-05-14T02:00:00,149,23,0.9038,late_stage_overheated,dry,stable_clear,35.03,64.06,132,192,271,329,0.9639,0.6319,0.5199,approaching,False,4,True
BH-LAT-043-054,HIVE-043,ESP32-1043,2026-05-14T08:00:00,149,31,0.8759,late_stage_overheated,dry,stable_clear,35.16,65.19,130,192,277,322,0.9583,0.6985,0.4781,approaching,False,4,True
BH-LAT-043-055,HIVE-043,ESP32-1043,2026-05-14T14:00:00,149,25,0.9016,late_stage_overheated,dry,midday_heat,37.88,61.3,143,204,289,342,0.9012,0.8132,0.3576,approaching,False,4,True
BH-LAT-043-060,HIVE-043,ESP32-1043,2026-05-15T20:00:00,151,27,0.8826,late_stage_overheated,dry,cloudy_stable,36.59,62.88,135,193,274,346,0.9323,0.754,0.4194,approaching,False,4,True
BH-LAT-043-061,HIVE-043,ESP32-1043,2026-05-16T02:00:00,151,29,0.8962,late_stage_overheated,dry,cloudy_stable,36.87,63.8,137,193,283,355,0.9718,0.789,0.44,approaching,False,4,True
BH-LAT-043-062,HIVE-043,ESP32-1043,2026-05-16T08:00:00,151,26,0.891,late_stage_overheated,dry,cloudy_stable,36.59,63.95,141,198,284,348,0.9654,0.7914,0.4334,approaching,False,4,True
BH-LAT-043-063,HIVE-043,ESP32-1043,2026-05-16T14:00:00,152,35,0.8984,late_stage_overheated,dry,cloudy_stable,36.4,63.78,149,212,285,358,0.9226,0.7499,0.4185,approaching,False,4,True
BH-LAT-043-064,HIVE-043,ESP32-1043,2026-05-16T20:00:00,152,28,0.9253,late_stage_overheated,dry,cloudy_stable,36.73,64.02,145,205,287,356,0.9435,0.7603,0.4311,approaching,False,4,True
BH-LAT-043-065,HIVE-043,ESP32-1043,2026-05-17T02:00:00,152,33,0.9135,late_stage_overheated,dry,cloudy_stable,36.75,63.27,160,203,278,348,0.9701,0.753,0.4586,approaching,False,4,True
BH-LAT-043-066,HIVE-043,ESP32-1043,2026-05-17T08:00:00,152,30,0.8936,late_stage_overheated,dry,cloudy_stable,36.0,64.6,145,200,278,351,0.9111,0.7451,0.4094,approaching,False,4,True
BH-LAT-043-067,HIVE-043,ESP32-1043,2026-05-17T14:00:00,153,26,0.8908,late_stage_overheated,dry,cloudy_stable,35.32,66.16,137,196,284,351,0.9075,0.6902,0.4366,approaching,False,4,True
BH-LAT-043-068,HIVE-043,ESP32-1043,2026-05-17T20:00:00,153,35,0.8997,late_stage_overheated,dry,midday_heat,37.63,64.66,147,205,297,352,0.9428,0.7805,0.4145,approaching,False,4,True
BH-LAT-043-069,HIVE-043,ESP32-1043,2026-05-18T02:00:00,153,26,0.9046,late_stage_overheated,dry,midday_heat,38.44,64.29,154,206,300,349,0.924,0.7903,0.3965,approaching,False,4,True
BH-LAT-043-071,HIVE-043,ESP32-1043,2026-05-18T14:00:00,154,28,0.906,late_stage_overheated,dry,cloudy_stable,36.8,64.14,134,204,282,356,0.9679,0.7777,0.4392,approaching,False,4,True
BH-LAT-043-072,HIVE-043,ESP32-1043,2026-05-18T20:00:00,154,36,0.8973,late_stage_overheated,dry,cloudy_stable,35.94,65.05,145,197,275,347,0.9655,0.7425,0.4586,approaching,False,4,True
BH-LAT-043-073,HIVE-043,ESP32-1043,2026-05-19T02:00:00,154,29,0.9096,late_stage_overheated,dry,cloudy_stable,35.23,65.24,143,192,278,335,0.9324,0.6642,0.4734,approaching,False,4,True
BH-LAT-043-074,HIVE-043,ESP32-1043,2026-05-19T08:00:00,154,34,0.9098,late_stage_overheated,dry,cloudy_stable,34.96,65.44,136,184,280,335,0.9652,0.6508,0.5105,approaching,False,4,True
BH-LAT-043-075,HIVE-043,ESP32-1043,2026-05-19T14:00:00,154,28,0.905,late_stage_overheated,dry,stable_clear,35.35,65.59,134,192,274,346,0.9276,0.7122,0.4433,approaching,False,4,True
BH-LAT-043-076,HIVE-043,ESP32-1043,2026-05-19T20:00:00,154,34,0.9013,late_stage_overheated,dry,midday_heat,37.03,63.01,142,196,284,329,0.9436,0.7989,0.4058,approaching,False,4,True
BH-LAT-043-077,HIVE-043,ESP32-1043,2026-05-20T02:00:00,155,33,0.9248,late_stage_overheated,dry,midday_heat,37.62,61.22,150,203,297,337,0.9656,0.8019,0.4261,approaching,False,4,True
BH-LAT-043-078,HIVE-043,ESP32-1043,2026-05-20T08:00:00,155,30,0.9315,late_stage_overheated,dry,midday_heat,38.04,61.32,156,206,296,349,0.9541,0.7809,0.4289,approaching,False,4,True
BH-LAT-043-079,HIVE-043,ESP32-1043,2026-05-20T14:00:00,155,31,0.906,late_stage_overheated,dry,midday_heat,38.29,59.77,161,210,296,358,0.9187,0.7676,0.4047,approaching,False,4,True
BH-LAT-043-080,HIVE-043,ESP32-1043,2026-05-20T20:00:00,155,28,0.9247,late_stage_overheated,dry,midday_heat,38.41,60.14,155,216,292,360,0.9818,0.7698,0.4598,approaching,False,4,True
BH-LAT-043-082,HIVE-043,ESP32-1043,2026-05-21T08:00:00,155,33,0.904,late_stage_overheated,dry,midday_heat,37.02,61.58,144,204,289,344,0.9665,0.8118,0.4191,approaching,False,4,True
BH-LAT-043-083,HIVE-043,ESP32-1043,2026-05-21T14:00:00,155,31,0.9196,late_stage_overheated,dry,midday_heat,37.21,62.46,148,197,294,340,0.942,0.7512,0.4347,approaching,False,4,True
BH-LAT-043-084,HIVE-043,ESP32-1043,2026-05-21T20:00:00,155,38,0.9031,late_stage_overheated,dry,midday_heat,36.71,62.43,144,203,287,350,0.948,0.7957,0.4153,approaching,False,4,True
BH-LAT-043-085,HIVE-043,ESP32-1043,2026-05-22T02:00:00,155,28,0.9251,late_stage_overheated,dry,midday_heat,37.95,61.66,150,208,302,364,0.9393,0.79,0.4087,approaching,False,4,True
BH-LAT-044-000,HIVE-044,ESP32-1044,2026-04-28T00:00:00,140,8,0.7721,late_stage_overheated,dry,midday_heat,36.91,58.12,177,153,237,295,0.8548,0.6444,0.4153,approaching,False,1,True
BH-LAT-044-007,HIVE-044,ESP32-1044,2026-04-29T18:00:00,140,11,0.7732,late_stage_overheated,dry,cloudy_stable,38.03,58.76,189,177,232,302,0.8901,0.7206,0.4031,approaching,False,2,True
BH-LAT-044-010,HIVE-044,ESP32-1044,2026-04-30T12:00:00,141,11,0.7724,late_stage_overheated,dry,stable_clear,37.8,56.04,189,167,245,295,0.8839,0.715,0.4022,approaching,False,2,True
BH-LAT-044-016,HIVE-044,ESP32-1044,2026-05-02T00:00:00,142,12,0.7716,late_stage_overheated,dry,stable_clear,38.24,56.67,184,161,240,292,0.8816,0.6685,0.426,approaching,False,2,True
BH-LAT-044-017,HIVE-044,ESP32-1044,2026-05-02T06:00:00,143,13,0.7958,late_stage_overheated,dry,stable_clear,37.85,55.79,182,166,236,283,0.9169,0.693,0.4442,approaching,False,2,True
BH-LAT-044-030,HIVE-044,ESP32-1044,2026-05-05T12:00:00,147,20,0.8202,late_stage_overheated,dry,midday_heat,38.49,54.41,198,184,247,297,0.9124,0.7361,0.4172,approaching,False,3,True
BH-LAT-044-045,HIVE-044,ESP32-1044,2026-05-09T06:00:00,154,29,0.8938,late_stage_overheated,dry,stable_clear,38.23,56.53,180,178,236,307,0.9055,0.6792,0.4406,approaching,False,1,True
BH-LAT-044-046,HIVE-044,ESP32-1044,2026-05-09T12:00:00,154,28,0.9069,late_stage_overheated,dry,stable_clear,37.71,57.4,177,176,241,296,0.925,0.6749,0.4611,approaching,False,1,True
BH-LAT-044-049,HIVE-044,ESP32-1044,2026-05-10T06:00:00,155,32,0.902,late_stage_overheated,dry,stable_clear,38.33,55.83,188,176,240,304,0.9766,0.6907,0.4976,approaching,False,2,True
BH-LAT-044-051,HIVE-044,ESP32-1044,2026-05-10T18:00:00,156,24,0.9149,late_stage_overheated,dry,stable_clear,38.27,55.11,190,178,238,292,0.9146,0.7449,0.413,approaching,False,2,True
BH-LAT-044-052,HIVE-044,ESP32-1044,2026-05-11T00:00:00,157,30,0.9268,late_stage_overheated,dry,midday_heat,38.41,54.45,193,175,254,297,0.9788,0.7141,0.4876,approaching,False,2,True
BH-LAT-044-063,HIVE-044,ESP32-1044,2026-05-13T18:00:00,161,39,0.9657,late_stage_overheated,dry,cloudy_stable,38.33,58.0,191,177,248,300,0.9485,0.7066,0.4611,approaching,False,2,True
BH-LAT-044-064,HIVE-044,ESP32-1044,2026-05-14T00:00:00,161,36,0.9702,late_stage_overheated,dry,stable_clear,37.81,56.48,188,172,247,294,0.9738,0.6849,0.4983,approaching,False,2,True
BH-LAT-044-069,HIVE-044,ESP32-1044,2026-05-15T06:00:00,163,35,0.988,late_stage_overheated,dry,cloudy_stable,37.58,57.18,193,173,249,308,0.9567,0.7065,0.4688,approaching,False,2,True
BH-LAT-044-070,HIVE-044,ESP32-1044,2026-05-15T12:00:00,163,33,0.9961,late_stage_overheated,dry,cloudy_stable,37.24,58.98,195,164,244,297,1.0,0.6747,0.527,approaching,False,2,True
BH-LAT-044-071,HIVE-044,ESP32-1044,2026-05-15T18:00:00,163,31,0.9779,late_stage_overheated,dry,cloudy_stable,37.07,58.45,190,163,237,286,0.9888,0.705,0.5014,approaching,False,2,True
BH-LAT-044-072,HIVE-044,ESP32-1044,2026-05-16T00:00:00,163,36,0.968,late_stage_overheated,dry,cloudy_stable,37.27,59.32,188,161,236,292,0.9576,0.666,0.4954,approaching,False,2,True
BH-LAT-044-073,HIVE-044,ESP32-1044,2026-05-16T06:00:00,164,40,0.9818,late_stage_overheated,dry,cloudy_stable,37.47,58.68,187,163,234,303,1.0,0.6626,0.5347,approaching,False,2,True
BH-LAT-044-074,HIVE-044,ESP32-1044,2026-05-16T12:00:00,164,34,0.9703,late_stage_overheated,dry,cloudy_stable,37.16,58.37,185,166,236,299,0.9823,0.6907,0.5036,approaching,False,2,True
BH-HIG-045-000,HIVE-045,ESP32-1045,2026-01-13T04:00:00,98,11,0.8447,high_humidity_fermentation_risk,inter_monsoon,humid_rain,31.6,93.3,108,121,192,276,0.803,0.5765,0.4071,approaching,False,1,True
BH-HIG-045-005,HIVE-045,ESP32-1045,2026-01-14T10:00:00,98,12,0.8171,high_humidity_fermentation_risk,inter_monsoon,stable_clear,32.12,91.72,136,142,227,296,0.7598,0.5633,0.3737,approaching,False,1,True
BH-HIG-045-010,HIVE-045,ESP32-1045,2026-01-15T16:00:00,99,18,0.8232,high_humidity_fermentation_risk,inter_monsoon,post_rain,31.91,94.72,124,136,209,305,0.7846,0.614,0.3721,approaching,False,1,True
BH-HIG-045-012,HIVE-045,ESP32-1045,2026-01-16T04:00:00,100,13,0.8429,high_humidity_fermentation_risk,inter_monsoon,post_rain,31.54,94.66,129,131,206,301,0.8267,0.6104,0.4103,approaching,False,1,True
BH-HIG-045-013,HIVE-045,ESP32-1045,2026-01-16T10:00:00,100,20,0.839,high_humidity_fermentation_risk,inter_monsoon,stable_clear,31.92,90.86,124,127,197,290,0.8253,0.5681,0.4308,approaching,False,1,True
BH-HIG-045-014,HIVE-045,ESP32-1045,2026-01-16T16:00:00,100,12,0.847,high_humidity_fermentation_risk,inter_monsoon,stable_clear,32.0,93.17,127,132,202,299,0.8096,0.6106,0.395,approaching,False,1,True
BH-HIG-045-021,HIVE-045,ESP32-1045,2026-01-18T10:00:00,103,14,0.8606,high_humidity_fermentation_risk,inter_monsoon,cloudy_stable,32.06,91.97,125,129,213,288,0.829,0.5724,0.4324,approaching,False,1,True
BH-HIG-045-035,HIVE-045,ESP32-1045,2026-01-21T22:00:00,111,29,0.8995,high_humidity_fermentation_risk,inter_monsoon,cloudy_stable,32.62,93.53,124,134,234,300,0.8257,0.6453,0.3885,approaching,False,1,True
BH-HIG-045-038,HIVE-045,ESP32-1045,2026-01-22T16:00:00,112,30,0.8947,high_humidity_fermentation_risk,inter_monsoon,stable_clear,32.18,91.23,129,126,223,309,0.8439,0.6006,0.4287,approaching,False,1,True
BH-HIG-045-039,HIVE-045,ESP32-1045,2026-01-22T22:00:00,113,33,0.8993,high_humidity_fermentation_risk,inter_monsoon,stable_clear,32.47,88.48,128,124,210,297,0.852,0.518,0.4826,approaching,False,1,True
BH-HIG-045-040,HIVE-045,ESP32-1045,2026-01-23T04:00:00,114,32,0.925,high_humidity_fermentation_risk,inter_monsoon,stable_clear,32.43,89.46,121,128,215,298,0.8785,0.5361,0.4974,approaching,False,1,True
BH-HIG-045-041,HIVE-045,ESP32-1045,2026-01-23T10:00:00,114,27,0.9194,high_humidity_fermentation_risk,inter_monsoon,stable_clear,32.88,88.04,120,122,205,290,0.8611,0.5441,0.4766,approaching,False,1,True
BH-HIG-045-042,HIVE-045,ESP32-1045,2026-01-23T16:00:00,115,32,0.9057,high_humidity_fermentation_risk,inter_monsoon,stable_clear,32.69,86.98,121,117,206,288,0.8505,0.3864,0.6149,nearly_ready,False,1,False
BH-HIG-045-043,HIVE-045,ESP32-1045,2026-01-23T22:00:00,115,32,0.9001,high_humidity_fermentation_risk,inter_monsoon,stable_clear,32.56,87.11,112,131,208,289,0.9007,0.3773,0.6642,nearly_ready,False,1,False
BH-HIG-045-044,HIVE-045,ESP32-1045,2026-01-24T04:00:00,116,32,0.9142,high_humidity_fermentation_risk,inter_monsoon,stable_clear,32.91,86.19,120,133,203,293,0.8481,0.414,0.5972,approaching,False,1,False
BH-HIG-045-045,HIVE-045,ESP32-1045,2026-01-24T10:00:00,117,30,0.9433,high_humidity_fermentation_risk,inter_monsoon,cloudy_stable,32.67,88.02,118,135,201,298,0.8625,0.5621,0.4683,approaching,False,1,True
BH-HIG-045-046,HIVE-045,ESP32-1045,2026-01-24T16:00:00,117,27,0.9402,high_humidity_fermentation_risk,inter_monsoon,cloudy_stable,32.26,94.8,129,133,198,300,0.8852,0.6021,0.4636,approaching,False,1,True
BH-HIG-045-048,HIVE-045,ESP32-1045,2026-01-25T04:00:00,118,33,0.9445,high_humidity_fermentation_risk,inter_monsoon,cloudy_stable,32.5,92.32,130,137,199,301,0.8946,0.612,0.4683,approaching,False,1,True
BH-HIG-045-049,HIVE-045,ESP32-1045,2026-01-25T10:00:00,119,29,0.9553,high_humidity_fermentation_risk,inter_monsoon,cloudy_stable,32.56,91.12,133,124,204,309,0.8751,0.5549,0.4837,approaching,False,1,True
BH-HIG-045-050,HIVE-045,ESP32-1045,2026-01-25T16:00:00,119,30,0.9214,high_humidity_fermentation_risk,inter_monsoon,humid_rain,31.92,93.25,135,136,214,308,0.883,0.5727,0.4793,approaching,False,1,True
BH-HIG-045-051,HIVE-045,ESP32-1045,2026-01-25T22:00:00,120,33,0.9532,high_humidity_fermentation_risk,inter_monsoon,stable_clear,32.54,90.47,134,125,203,304,0.8898,0.5697,0.4867,approaching,False,1,True
BH-HIG-045-052,HIVE-045,ESP32-1045,2026-01-26T04:00:00,121,31,0.9647,high_humidity_fermentation_risk,inter_monsoon,stable_clear,33.09,94.55,132,129,227,305,0.8946,0.6484,0.4472,approaching,False,1,True
BH-HIG-045-063,HIVE-045,ESP32-1045,2026-01-28T22:00:00,126,36,0.9728,high_humidity_fermentation_risk,inter_monsoon,stable_clear,33.87,93.4,154,115,229,331,0.8909,0.799,0.3581,approaching,False,3,True
BH-HIG-045-064,HIVE-045,ESP32-1045,2026-01-29T04:00:00,127,47,0.9775,high_humidity_fermentation_risk,inter_monsoon,stable_clear,33.1,91.02,134,122,221,313,0.9433,0.6409,0.4941,approaching,False,1,True
BH-HIG-045-065,HIVE-045,ESP32-1045,2026-01-29T10:00:00,127,43,0.9687,high_humidity_fermentation_risk,inter_monsoon,stable_clear,33.09,94.02,126,126,219,300,0.8877,0.6907,0.4195,approaching,False,1,True
BH-HIG-045-066,HIVE-045,ESP32-1045,2026-01-29T16:00:00,127,38,0.9638,high_humidity_fermentation_risk,inter_monsoon,stable_clear,32.83,94.97,128,137,218,302,0.9123,0.6428,0.4681,approaching,False,1,True
BH-HIG-045-067,HIVE-045,ESP32-1045,2026-01-29T22:00:00,128,48,0.9827,high_humidity_fermentation_risk,inter_monsoon,stable_clear,32.9,91.35,135,129,208,316,0.9311,0.6144,0.499,approaching,False,1,True
BH-HIG-045-068,HIVE-045,ESP32-1045,2026-01-30T04:00:00,128,39,0.9746,high_humidity_fermentation_risk,inter_monsoon,humid_rain,32.25,94.02,136,138,225,309,0.9138,0.5867,0.4984,approaching,False,1,True
BH-HIG-045-069,HIVE-045,ESP32-1045,2026-01-30T10:00:00,129,49,0.9696,high_humidity_fermentation_risk,inter_monsoon,humid_rain,32.07,93.51,136,135,221,309,0.9168,0.596,0.4983,approaching,False,1,True
BH-HIG-045-070,HIVE-045,ESP32-1045,2026-01-30T16:00:00,129,47,0.97,high_humidity_fermentation_risk,inter_monsoon,humid_rain,31.9,94.7,135,141,222,311,0.8949,0.6282,0.4609,approaching,False,1,True
BH-HIG-045-078,HIVE-045,ESP32-1045,2026-02-01T16:00:00,131,44,1.0,high_humidity_fermentation_risk,inter_monsoon,post_rain,32.61,94.38,131,148,218,294,0.958,0.6212,0.5186,approaching,False,1,True
BH-HIG-046-000,HIVE-046,ESP32-1046,2026-02-13T20:00:00,128,10,0.8708,high_humidity_fermentation_risk,wet,cloudy_stable,28.46,84.88,133,125,203,252,0.844,0.3089,0.6503,nearly_ready,False,1,False
BH-HIG-046-001,HIVE-046,ESP32-1046,2026-02-14T02:00:00,128,17,0.8771,high_humidity_fermentation_risk,wet,cloudy_stable,28.78,87.36,144,138,222,261,0.8786,0.3711,0.6464,nearly_ready,False,1,False
BH-HIG-046-003,HIVE-046,ESP32-1046,2026-02-14T14:00:00,128,9,0.8811,high_humidity_fermentation_risk,wet,humid_rain,29.09,94.56,166,175,249,293,0.8393,0.6554,0.3918,approaching,False,1,True
BH-HIG-046-010,HIVE-046,ESP32-1046,2026-02-16T08:00:00,129,13,0.9064,high_humidity_fermentation_risk,wet,post_rain,27.75,93.98,166,151,241,278,0.872,0.5985,0.4571,approaching,False,1,True
BH-HIG-046-017,HIVE-046,ESP32-1046,2026-02-18T02:00:00,130,15,0.9003,high_humidity_fermentation_risk,wet,humid_rain,29.43,90.99,197,191,264,320,0.8522,0.7244,0.3671,approaching,False,5,True
BH-HIG-046-018,HIVE-046,ESP32-1046,2026-02-18T08:00:00,130,11,0.8848,high_humidity_fermentation_risk,wet,humid_rain,28.62,93.78,178,171,251,285,0.8506,0.6293,0.4182,approaching,False,1,True
BH-HIG-046-031,HIVE-046,ESP32-1046,2026-02-21T14:00:00,133,14,0.9018,high_humidity_fermentation_risk,wet,cloudy_stable,28.45,94.43,165,148,241,276,0.8528,0.626,0.422,approaching,False,1,True
BH-HIG-046-032,HIVE-046,ESP32-1046,2026-02-21T20:00:00,134,16,0.9242,high_humidity_fermentation_risk,wet,cloudy_stable,28.84,91.14,155,149,249,257,0.9316,0.5585,0.5298,approaching,False,1,True
BH-HIG-046-033,HIVE-046,ESP32-1046,2026-02-22T02:00:00,134,15,0.909,high_humidity_fermentation_risk,wet,post_rain,28.38,91.86,159,146,238,270,0.9287,0.5422,0.5374,approaching,False,1,True
BH-HIG-046-034,HIVE-046,ESP32-1046,2026-02-22T08:00:00,134,15,0.9426,high_humidity_fermentation_risk,wet,post_rain,27.94,92.95,157,140,242,268,0.9196,0.6095,0.4924,approaching,False,1,True
BH-HIG-046-035,HIVE-046,ESP32-1046,2026-02-22T14:00:00,135,20,0.9179,high_humidity_fermentation_risk,wet,post_rain,27.74,91.94,157,148,247,264,0.8902,0.5925,0.4763,approaching,False,1,True
BH-HIG-046-049,HIVE-046,ESP32-1046,2026-02-26T02:00:00,139,24,0.959,high_humidity_fermentation_risk,wet,cloudy_stable,28.22,92.88,166,157,230,269,0.9238,0.5777,0.5117,approaching,False,1,True
BH-HIG-046-061,HIVE-046,ESP32-1046,2026-03-01T02:00:00,142,25,0.9651,high_humidity_fermentation_risk,wet,humid_rain,28.4,94.08,170,148,243,280,0.9477,0.6213,0.5114,approaching,False,1,True
BH-HIG-046-062,HIVE-046,ESP32-1046,2026-03-01T08:00:00,142,23,0.9616,high_humidity_fermentation_risk,wet,humid_rain,28.0,94.32,161,155,245,279,0.9648,0.6374,0.5173,approaching,False,1,True
BH-HIG-046-063,HIVE-046,ESP32-1046,2026-03-01T14:00:00,143,29,0.9659,high_humidity_fermentation_risk,wet,post_rain,28.45,93.98,153,152,244,280,0.9126,0.6191,0.4813,approaching,False,1,True
BH-HIG-046-064,HIVE-046,ESP32-1046,2026-03-01T20:00:00,143,27,1.0,high_humidity_fermentation_risk,wet,humid_rain,28.04,94.63,161,159,249,283,0.9825,0.614,0.5454,approaching,False,1,True
BH-HIG-046-066,HIVE-046,ESP32-1046,2026-03-02T08:00:00,143,26,0.9893,high_humidity_fermentation_risk,wet,humid_rain,28.31,94.26,169,159,243,277,0.9614,0.6231,0.5222,approaching,False,1,True
BH-HIG-046-067,HIVE-046,ESP32-1046,2026-03-02T14:00:00,143,24,0.9744,high_humidity_fermentation_risk,wet,humid_rain,28.19,93.69,171,153,238,292,0.9676,0.6047,0.538,approaching,False,1,True
BH-HIG-046-068,HIVE-046,ESP32-1046,2026-03-02T20:00:00,144,32,0.987,high_humidity_fermentation_risk,wet,humid_rain,28.31,93.44,165,153,241,293,0.9353,0.5827,0.522,approaching,False,1,True
BH-HIG-046-069,HIVE-046,ESP32-1046,2026-03-03T02:00:00,144,29,0.9942,high_humidity_fermentation_risk,wet,post_rain,28.15,93.21,164,157,238,277,0.9405,0.6202,0.5058,approaching,False,1,True
BH-HIG-046-070,HIVE-046,ESP32-1046,2026-03-03T08:00:00,144,24,1.0,high_humidity_fermentation_risk,wet,storm_front,27.54,94.09,164,156,244,284,0.9808,0.625,0.5375,approaching,False,1,True
BH-HIG-046-073,HIVE-046,ESP32-1046,2026-03-04T02:00:00,144,24,0.9997,high_humidity_fermentation_risk,wet,post_rain,27.53,94.92,154,151,257,279,0.9242,0.6163,0.4912,approaching,False,1,True
BH-HIG-046-074,HIVE-046,ESP32-1046,2026-03-04T08:00:00,144,30,1.0,high_humidity_fermentation_risk,wet,post_rain,28.33,93.92,165,147,250,291,0.9542,0.6097,0.5218,approaching,False,1,True
BH-HIG-046-077,HIVE-046,ESP32-1046,2026-03-05T02:00:00,145,25,1.0,high_humidity_fermentation_risk,wet,cloudy_stable,29.04,91.75,162,141,240,269,0.9736,0.5702,0.5601,approaching,False,1,True
BH-HIG-046-078,HIVE-046,ESP32-1046,2026-03-05T08:00:00,145,31,0.9848,high_humidity_fermentation_risk,wet,cloudy_stable,29.12,89.29,160,149,239,288,0.9458,0.5503,0.5479,approaching,False,1,True
BH-HIG-046-079,HIVE-046,ESP32-1046,2026-03-05T14:00:00,145,30,0.9979,high_humidity_fermentation_risk,wet,cloudy_stable,28.76,89.55,157,157,244,266,0.9572,0.5481,0.5595,approaching,False,1,True
BH-HIG-046-080,HIVE-046,ESP32-1046,2026-03-05T20:00:00,145,31,0.9857,high_humidity_fermentation_risk,wet,post_rain,27.71,93.77,171,161,254,278,0.9257,0.6596,0.4672,approaching,False,1,True
BH-HIG-047-000,HIVE-047,ESP32-1047,2026-01-09T12:00:00,106,18,1.0,high_humidity_fermentation_risk,wet,cloudy_stable,30.56,85.92,117,144,205,313,0.9331,0.3621,0.6996,nearly_ready,False,1,False
BH-HIG-047-001,HIVE-047,ESP32-1047,2026-01-09T18:00:00,106,10,0.9934,high_humidity_fermentation_risk,wet,cloudy_stable,30.17,85.89,128,156,210,322,0.926,0.4039,0.6714,nearly_ready,False,2,False
BH-HIG-047-002,HIVE-047,ESP32-1047,2026-01-10T00:00:00,106,18,0.992,high_humidity_fermentation_risk,wet,cloudy_stable,30.64,87.33,132,161,211,334,0.9222,0.3939,0.6729,nearly_ready,False,2,False
BH-HIG-047-003,HIVE-047,ESP32-1047,2026-01-10T06:00:00,106,18,1.0,high_humidity_fermentation_risk,wet,humid_rain,29.8,92.42,153,177,239,355,0.9111,0.6568,0.4551,approaching,False,2,True
BH-HIG-047-005,HIVE-047,ESP32-1047,2026-01-10T18:00:00,106,8,0.9929,high_humidity_fermentation_risk,wet,humid_rain,29.53,95.0,167,179,231,351,0.9055,0.6462,0.4599,approaching,False,2,True
BH-HIG-047-012,HIVE-047,ESP32-1047,2026-01-12T12:00:00,107,11,0.9833,high_humidity_fermentation_risk,wet,post_rain,29.78,94.29,151,175,248,339,0.8991,0.6826,0.4348,approaching,False,2,True
BH-HIG-047-013,HIVE-047,ESP32-1047,2026-01-12T18:00:00,107,9,1.0,high_humidity_fermentation_risk,wet,post_rain,30.23,93.08,152,178,241,340,0.8934,0.6338,0.4559,approaching,False,2,True
BH-HIG-047-014,HIVE-047,ESP32-1047,2026-01-13T00:00:00,107,14,1.0,high_humidity_fermentation_risk,wet,storm_front,29.98,94.32,153,180,245,345,0.8877,0.6854,0.423,approaching,False,3,True
BH-HIG-047-015,HIVE-047,ESP32-1047,2026-01-13T06:00:00,108,18,1.0,high_humidity_fermentation_risk,wet,storm_front,29.2,94.65,150,178,253,346,0.9442,0.6408,0.4965,approaching,False,2,True
BH-HIG-047-018,HIVE-047,ESP32-1047,2026-01-14T00:00:00,108,10,0.9968,high_humidity_fermentation_risk,wet,humid_rain,29.98,94.5,155,170,250,347,0.9087,0.678,0.4452,approaching,False,2,True
BH-HIG-047-019,HIVE-047,ESP32-1047,2026-01-14T06:00:00,108,12,0.9838,high_humidity_fermentation_risk,wet,humid_rain,29.96,93.8,155,177,238,348,0.8874,0.6354,0.4507,approaching,False,2,True
BH-HIG-047-032,HIVE-047,ESP32-1047,2026-01-17T12:00:00,112,20,0.9987,high_humidity_fermentation_risk,wet,humid_rain,29.88,94.85,150,175,232,345,0.9085,0.6481,0.4617,approaching,False,2,True
BH-HIG-047-038,HIVE-047,ESP32-1047,2026-01-19T00:00:00,114,22,0.9884,high_humidity_fermentation_risk,wet,storm_front,30.15,93.64,173,192,253,376,0.9322,0.7005,0.4509,approaching,False,3,True
BH-HIG-047-039,HIVE-047,ESP32-1047,2026-01-19T06:00:00,114,17,1.0,high_humidity_fermentation_risk,wet,storm_front,29.58,94.64,158,184,249,353,0.9305,0.7042,0.4492,approaching,False,3,True
BH-HIG-047-060,HIVE-047,ESP32-1047,2026-01-24T12:00:00,121,27,1.0,high_humidity_fermentation_risk,wet,cloudy_stable,30.25,92.51,147,173,228,336,0.935,0.6325,0.4914,approaching,False,2,True
BH-HIG-047-061,HIVE-047,ESP32-1047,2026-01-24T18:00:00,121,32,1.0,high_humidity_fermentation_risk,wet,post_rain,30.45,92.55,148,162,235,333,0.9054,0.6334,0.4676,approaching,False,2,True
BH-HIG-047-062,HIVE-047,ESP32-1047,2026-01-25T00:00:00,121,25,1.0,high_humidity_fermentation_risk,wet,humid_rain,29.98,93.37,147,168,227,343,0.9305,0.6444,0.4828,approaching,False,2,True
BH-HIG-047-063,HIVE-047,ESP32-1047,2026-01-25T06:00:00,121,29,1.0,high_humidity_fermentation_risk,wet,humid_rain,29.69,93.61,151,179,229,347,0.8995,0.6712,0.4414,approaching,False,2,True
BH-HIG-047-066,HIVE-047,ESP32-1047,2026-01-26T00:00:00,122,30,1.0,high_humidity_fermentation_risk,wet,post_rain,29.66,94.39,149,176,242,353,0.9311,0.6365,0.4875,approaching,False,2,True
BH-HIG-047-073,HIVE-047,ESP32-1047,2026-01-27T18:00:00,123,31,0.9814,high_humidity_fermentation_risk,wet,post_rain,30.37,94.6,156,177,238,346,0.9154,0.678,0.4507,approaching,False,2,True
BH-HIG-047-078,HIVE-047,ESP32-1047,2026-01-29T00:00:00,124,34,1.0,high_humidity_fermentation_risk,wet,humid_rain,29.98,94.95,159,175,257,353,0.9026,0.6924,0.4314,approaching,False,2,True
BH-HIG-047-083,HIVE-047,ESP32-1047,2026-01-30T06:00:00,124,28,1.0,high_humidity_fermentation_risk,wet,cloudy_stable,29.74,92.36,154,179,242,338,0.9543,0.6404,0.5029,approaching,False,2,True
BH-HIG-048-000,HIVE-048,ESP32-1048,2026-04-27T04:00:00,123,9,0.7673,high_humidity_fermentation_risk,inter_monsoon,post_rain,30.65,90.45,141,134,247,306,0.8231,0.5523,0.4381,approaching,False,1,True
BH-HIG-048-001,HIVE-048,ESP32-1048,2026-04-27T10:00:00,123,11,0.7598,high_humidity_fermentation_risk,inter_monsoon,post_rain,30.6,92.81,144,140,252,316,0.8006,0.5824,0.4026,approaching,False,1,True
BH-HIG-048-002,HIVE-048,ESP32-1048,2026-04-27T16:00:00,123,15,0.7897,high_humidity_fermentation_risk,inter_monsoon,post_rain,30.38,92.53,137,139,260,319,0.8146,0.5741,0.4202,approaching,False,1,True
BH-HIG-048-003,HIVE-048,ESP32-1048,2026-04-27T22:00:00,123,12,0.7873,high_humidity_fermentation_risk,inter_monsoon,post_rain,30.5,93.11,147,142,266,326,0.809,0.663,0.3663,approaching,False,3,True
BH-HIG-048-004,HIVE-048,ESP32-1048,2026-04-28T04:00:00,123,18,0.77,high_humidity_fermentation_risk,inter_monsoon,humid_rain,30.62,94.96,142,144,265,327,0.8389,0.692,0.3765,approaching,False,3,True
BH-HIG-048-005,HIVE-048,ESP32-1048,2026-04-28T10:00:00,123,15,0.7963,high_humidity_fermentation_risk,inter_monsoon,post_rain,30.63,93.94,140,149,260,309,0.8571,0.6523,0.4146,approaching,False,2,True
BH-HIG-048-009,HIVE-048,ESP32-1048,2026-04-29T10:00:00,124,17,0.7844,high_humidity_fermentation_risk,inter_monsoon,post_rain,30.07,94.9,161,151,285,331,0.8071,0.6684,0.3607,approaching,False,3,True
BH-HIG-048-010,HIVE-048,ESP32-1048,2026-04-29T16:00:00,124,16,0.7727,high_humidity_fermentation_risk,inter_monsoon,post_rain,30.21,93.61,148,146,280,322,0.8464,0.6747,0.3923,approaching,False,3,True
BH-HIG-048-011,HIVE-048,ESP32-1048,2026-04-29T22:00:00,125,11,0.8042,high_humidity_fermentation_risk,inter_monsoon,post_rain,30.45,94.26,150,147,283,316,0.8268,0.6279,0.4013,approaching,False,2,True
BH-HIG-048-018,HIVE-048,ESP32-1048,2026-05-01T16:00:00,127,16,0.8163,high_humidity_fermentation_risk,inter_monsoon,stable_clear,31.03,91.83,155,152,260,327,0.8524,0.5998,0.4355,approaching,False,2,True
BH-HIG-048-019,HIVE-048,ESP32-1048,2026-05-01T22:00:00,128,23,0.7969,high_humidity_fermentation_risk,inter_monsoon,stable_clear,30.83,94.67,159,149,270,335,0.8657,0.6514,0.4215,approaching,False,3,True
BH-HIG-048-026,HIVE-048,ESP32-1048,2026-05-03T16:00:00,131,23,0.8045,high_humidity_fermentation_risk,inter_monsoon,post_rain,29.65,94.76,149,152,261,326,0.8633,0.6478,0.4224,approaching,False,3,True
BH-HIG-048-027,HIVE-048,ESP32-1048,2026-05-03T22:00:00,132,27,0.8016,high_humidity_fermentation_risk,inter_monsoon,cloudy_stable,30.36,92.55,151,143,249,323,0.8623,0.6314,0.4287,approaching,False,2,True
BH-HIG-048-030,HIVE-048,ESP32-1048,2026-05-04T16:00:00,133,24,0.8465,high_humidity_fermentation_risk,inter_monsoon,stable_clear,30.69,92.35,146,144,259,326,0.8696,0.6587,0.4186,approaching,False,2,True
BH-HIG-048-031,HIVE-048,ESP32-1048,2026-05-04T22:00:00,134,27,0.8177,high_humidity_fermentation_risk,inter_monsoon,stable_clear,31.12,89.51,149,133,256,320,0.8543,0.6071,0.4353,approaching,False,2,True
BH-HIG-048-032,HIVE-048,ESP32-1048,2026-05-05T04:00:00,135,28,0.8327,high_humidity_fermentation_risk,inter_monsoon,humid_rain,30.51,91.77,160,146,258,310,0.8323,0.5935,0.4232,approaching,False,1,True
BH-HIG-048-033,HIVE-048,ESP32-1048,2026-05-05T10:00:00,135,25,0.8295,high_humidity_fermentation_risk,inter_monsoon,humid_rain,30.66,93.58,143,153,261,317,0.8604,0.6696,0.4071,approaching,False,2,True
BH-HIG-048-034,HIVE-048,ESP32-1048,2026-05-05T16:00:00,136,31,0.8355,high_humidity_fermentation_risk,inter_monsoon,humid_rain,30.6,93.52,144,155,266,318,0.8482,0.6603,0.403,approaching,False,2,True
BH-HIG-048-035,HIVE-048,ESP32-1048,2026-05-05T22:00:00,136,30,0.8253,high_humidity_fermentation_risk,inter_monsoon,humid_rain,30.61,94.94,147,146,277,330,0.8495,0.6721,0.3967,approaching,False,3,True
BH-HIG-048-036,HIVE-048,ESP32-1048,2026-05-06T04:00:00,137,31,0.8495,high_humidity_fermentation_risk,inter_monsoon,post_rain,30.52,94.48,139,143,277,334,0.8542,0.6857,0.3938,approaching,False,3,True
BH-HIG-048-037,HIVE-048,ESP32-1048,2026-05-06T10:00:00,138,32,0.8332,high_humidity_fermentation_risk,inter_monsoon,humid_rain,30.64,94.5,143,144,273,331,0.8487,0.6457,0.4113,approaching,False,3,True
BH-HIG-048-038,HIVE-048,ESP32-1048,2026-05-06T16:00:00,138,29,0.8573,high_humidity_fermentation_risk,inter_monsoon,humid_rain,30.18,94.48,150,147,273,333,0.9006,0.6523,0.4526,approaching,False,3,True
BH-HIG-048-039,HIVE-048,ESP32-1048,2026-05-06T22:00:00,139,27,0.8681,high_humidity_fermentation_risk,inter_monsoon,humid_rain,30.41,94.25,151,143,255,326,0.8767,0.659,0.4281,approaching,False,2,True
BH-HIG-048-040,HIVE-048,ESP32-1048,2026-05-07T04:00:00,140,35,0.8699,high_humidity_fermentation_risk,inter_monsoon,humid_rain,30.5,94.6,153,145,257,317,0.9095,0.6273,0.4748,approaching,False,1,True
BH-HIG-048-041,HIVE-048,ESP32-1048,2026-05-07T10:00:00,140,34,0.8466,high_humidity_fermentation_risk,inter_monsoon,humid_rain,30.42,93.43,149,149,258,316,0.8747,0.6136,0.4514,approaching,False,1,True
BH-HIG-048-042,HIVE-048,ESP32-1048,2026-05-07T16:00:00,141,35,0.8652,high_humidity_fermentation_risk,inter_monsoon,post_rain,30.83,92.61,151,152,264,324,0.8591,0.6396,0.4228,approaching,False,3,True
BH-HIG-048-043,HIVE-048,ESP32-1048,2026-05-07T22:00:00,141,26,0.8579,high_humidity_fermentation_risk,inter_monsoon,humid_rain,30.53,94.13,155,152,260,312,0.8971,0.5955,0.4803,approaching,False,1,True
BH-HIG-048-044,HIVE-048,ESP32-1048,2026-05-08T04:00:00,142,27,0.8746,high_humidity_fermentation_risk,inter_monsoon,humid_rain,30.53,93.49,151,158,264,322,0.8834,0.6704,0.428,approaching,False,3,True
BH-HIG-048-051,HIVE-048,ESP32-1048,2026-05-09T22:00:00,146,36,0.8707,high_humidity_fermentation_risk,inter_monsoon,stable_clear,30.97,91.96,140,156,265,320,0.8958,0.6361,0.4538,approaching,False,2,True
BH-HIG-048-052,HIVE-048,ESP32-1048,2026-05-10T04:00:00,147,39,0.9038,high_humidity_fermentation_risk,inter_monsoon,stable_clear,31.18,87.99,145,142,266,318,0.877,0.4547,0.5989,approaching,False,2,False
BH-HIG-048-053,HIVE-048,ESP32-1048,2026-05-10T10:00:00,148,38,0.9145,high_humidity_fermentation_risk,inter_monsoon,stable_clear,31.47,87.21,144,145,252,326,0.8915,0.4368,0.623,nearly_ready,False,2,False
BH-HIG-048-054,HIVE-048,ESP32-1048,2026-05-10T16:00:00,148,37,0.9103,high_humidity_fermentation_risk,inter_monsoon,stable_clear,31.69,87.62,136,138,253,324,0.9249,0.424,0.6598,nearly_ready,False,2,False
BH-HIG-048-055,HIVE-048,ESP32-1048,2026-05-10T22:00:00,149,40,0.8866,high_humidity_fermentation_risk,inter_monsoon,stable_clear,31.73,87.67,146,138,255,321,0.9417,0.4496,0.661,nearly_ready,False,2,False
BH-HIG-048-056,HIVE-048,ESP32-1048,2026-05-11T04:00:00,149,42,0.8904,high_humidity_fermentation_risk,inter_monsoon,stable_clear,31.33,87.19,146,143,254,313,0.9342,0.4089,0.676,nearly_ready,False,1,False
BH-HIG-048-057,HIVE-048,ESP32-1048,2026-05-11T10:00:00,150,37,0.8875,high_humidity_fermentation_risk,inter_monsoon,stable_clear,31.31,86.27,142,146,253,322,0.8887,0.3895,0.6471,nearly_ready,False,2,False
BH-HIG-048-058,HIVE-048,ESP32-1048,2026-05-11T16:00:00,150,43,0.9087,high_humidity_fermentation_risk,inter_monsoon,stable_clear,31.22,86.79,140,137,257,320,0.9509,0.4315,0.6788,nearly_ready,False,2,False
BH-HIG-048-059,HIVE-048,ESP32-1048,2026-05-11T22:00:00,151,45,0.9026,high_humidity_fermentation_risk,inter_monsoon,post_rain,30.84,93.12,150,150,273,333,0.9181,0.6953,0.441,approaching,False,3,True
BH-HIG-048-064,HIVE-048,ESP32-1048,2026-05-13T04:00:00,153,40,0.9123,high_humidity_fermentation_risk,inter_monsoon,cloudy_stable,30.54,92.74,151,152,266,326,0.903,0.6628,0.4475,approaching,False,3,True
BH-HIG-048-065,HIVE-048,ESP32-1048,2026-05-13T10:00:00,154,49,0.9349,high_humidity_fermentation_risk,inter_monsoon,cloudy_stable,30.7,91.13,143,152,278,318,0.9305,0.6277,0.4921,approaching,False,2,True
BH-HIG-048-066,HIVE-048,ESP32-1048,2026-05-13T16:00:00,154,42,0.9195,high_humidity_fermentation_risk,inter_monsoon,cloudy_stable,31.39,90.55,138,149,262,313,0.915,0.5715,0.5088,approaching,False,2,True
BH-HIG-048-067,HIVE-048,ESP32-1048,2026-05-13T22:00:00,155,41,0.9186,high_humidity_fermentation_risk,inter_monsoon,cloudy_stable,31.26,89.74,142,143,267,316,0.9003,0.5615,0.5026,approaching,False,2,True
BH-HIG-048-068,HIVE-048,ESP32-1048,2026-05-14T04:00:00,155,44,0.9473,high_humidity_fermentation_risk,inter_monsoon,cloudy_stable,31.2,89.19,141,144,260,301,0.947,0.5526,0.5487,approaching,False,1,True
BH-HIG-048-069,HIVE-048,ESP32-1048,2026-05-14T10:00:00,155,45,0.9444,high_humidity_fermentation_risk,inter_monsoon,cloudy_stable,31.12,88.36,142,143,270,307,0.9043,0.5851,0.4932,approaching,False,2,True
BH-HIG-048-070,HIVE-048,ESP32-1048,2026-05-14T16:00:00,156,48,0.9226,high_humidity_fermentation_risk,inter_monsoon,cloudy_stable,30.8,89.39,144,142,261,311,0.9091,0.5815,0.4989,approaching,False,2,True
BH-HIG-048-071,HIVE-048,ESP32-1048,2026-05-14T22:00:00,156,47,0.942,high_humidity_fermentation_risk,inter_monsoon,humid_rain,30.38,91.65,152,146,264,330,0.9513,0.6462,0.4994,approaching,False,3,True
BH-HIG-048-073,HIVE-048,ESP32-1048,2026-05-15T10:00:00,157,45,0.9572,high_humidity_fermentation_risk,inter_monsoon,post_rain,31.91,94.99,167,176,312,318,0.9124,0.6777,0.4464,approaching,False,2,True
BH-HIG-048-074,HIVE-048,ESP32-1048,2026-05-15T16:00:00,157,46,0.9594,high_humidity_fermentation_risk,inter_monsoon,cloudy_stable,31.42,91.63,149,156,284,322,0.9079,0.6246,0.4717,approaching,False,3,True
BH-HIG-048-078,HIVE-048,ESP32-1048,2026-05-16T16:00:00,158,48,0.9304,high_humidity_fermentation_risk,inter_monsoon,stable_clear,31.37,93.06,154,141,253,328,0.893,0.6705,0.433,approaching,False,2,True
BH-HIG-048-079,HIVE-048,ESP32-1048,2026-05-16T22:00:00,158,44,0.937,high_humidity_fermentation_risk,inter_monsoon,stable_clear,31.6,94.36,153,144,262,322,0.9675,0.6648,0.5044,approaching,False,3,True
BH-HIG-048-080,HIVE-048,ESP32-1048,2026-05-17T04:00:00,158,44,0.9592,high_humidity_fermentation_risk,inter_monsoon,stable_clear,31.87,93.55,154,148,273,327,0.9233,0.6509,0.4733,approaching,False,3,True
BH-HIG-048-081,HIVE-048,ESP32-1048,2026-05-17T10:00:00,158,52,0.9322,high_humidity_fermentation_risk,inter_monsoon,stable_clear,31.55,90.18,148,144,266,312,0.9225,0.5703,0.5155,approaching,False,2,True
BH-HIG-048-082,HIVE-048,ESP32-1048,2026-05-17T16:00:00,158,53,0.9394,high_humidity_fermentation_risk,inter_monsoon,stable_clear,31.62,89.6,144,139,255,317,0.9609,0.5414,0.5671,approaching,False,1,True
BH-HIG-048-083,HIVE-048,ESP32-1048,2026-05-17T22:00:00,158,51,0.9564,high_humidity_fermentation_risk,inter_monsoon,stable_clear,31.96,91.51,147,143,256,323,0.9511,0.5904,0.5305,approaching,False,2,True
BH-HIG-049-000,HIVE-049,ESP32-1049,2026-04-27T04:00:00,89,17,0.8503,high_humidity_fermentation_risk,wet,cloudy_stable,31.27,85.27,128,162,241,316,0.807,0.3968,0.5695,approaching,False,1,False
BH-HIG-049-001,HIVE-049,ESP32-1049,2026-04-27T10:00:00,89,15,0.8435,high_humidity_fermentation_risk,wet,cloudy_stable,31.72,90.48,150,170,260,349,0.7704,0.6173,0.3539,approaching,False,2,True
BH-HIG-049-005,HIVE-049,ESP32-1049,2026-04-28T10:00:00,89,11,0.8523,high_humidity_fermentation_risk,wet,post_rain,31.38,92.63,159,193,273,339,0.7892,0.6925,0.3309,not_ready,False,4,True
BH-HIG-049-006,HIVE-049,ESP32-1049,2026-04-28T16:00:00,89,12,0.8401,high_humidity_fermentation_risk,wet,post_rain,30.95,91.92,155,182,278,344,0.8067,0.6732,0.358,approaching,False,4,True
BH-HIG-049-007,HIVE-049,ESP32-1049,2026-04-28T22:00:00,89,9,0.8637,high_humidity_fermentation_risk,wet,post_rain,31.27,91.32,159,183,270,330,0.7987,0.652,0.363,approaching,False,4,True
BH-HIG-049-014,HIVE-049,ESP32-1049,2026-04-30T16:00:00,90,16,0.8377,high_humidity_fermentation_risk,wet,post_rain,30.93,95.0,154,192,283,359,0.8046,0.7335,0.3216,not_ready,False,4,True
BH-HIG-049-015,HIVE-049,ESP32-1049,2026-04-30T22:00:00,90,11,0.8595,high_humidity_fermentation_risk,wet,post_rain,31.0,92.59,141,180,272,347,0.8262,0.6799,0.3711,approaching,False,4,True
BH-HIG-049-016,HIVE-049,ESP32-1049,2026-05-01T04:00:00,90,9,0.8749,high_humidity_fermentation_risk,wet,humid_rain,31.22,93.27,143,188,275,348,0.8331,0.6914,0.3719,approaching,False,4,True
BH-HIG-049-017,HIVE-049,ESP32-1049,2026-05-01T10:00:00,91,20,0.8436,high_humidity_fermentation_risk,wet,humid_rain,30.64,93.34,151,185,268,340,0.7884,0.6935,0.3308,not_ready,False,4,True
BH-HIG-049-023,HIVE-049,ESP32-1049,2026-05-02T22:00:00,92,14,0.8632,high_humidity_fermentation_risk,wet,humid_rain,31.32,93.93,163,197,271,341,0.7812,0.7673,0.2817,not_ready,False,4,True
BH-HIG-049-024,HIVE-049,ESP32-1049,2026-05-03T04:00:00,92,16,0.894,high_humidity_fermentation_risk,wet,post_rain,30.68,92.7,150,185,261,334,0.836,0.6926,0.3722,approaching,False,4,True
BH-HIG-049-025,HIVE-049,ESP32-1049,2026-05-03T10:00:00,92,12,0.8835,high_humidity_fermentation_risk,wet,post_rain,30.82,92.03,154,187,267,328,0.8464,0.678,0.3911,approaching,False,4,True
BH-HIG-049-026,HIVE-049,ESP32-1049,2026-05-03T16:00:00,92,14,0.8726,high_humidity_fermentation_risk,wet,post_rain,31.42,91.79,151,184,268,338,0.8452,0.6607,0.3988,approaching,False,4,True
BH-HIG-049-027,HIVE-049,ESP32-1049,2026-05-03T22:00:00,93,20,0.8955,high_humidity_fermentation_risk,wet,post_rain,31.27,92.07,147,181,275,349,0.8482,0.659,0.4032,approaching,False,4,True
BH-HIG-049-033,HIVE-049,ESP32-1049,2026-05-05T10:00:00,94,17,0.9169,high_humidity_fermentation_risk,wet,post_rain,31.35,94.61,153,199,282,337,0.8555,0.7552,0.3549,approaching,False,4,True
BH-HIG-049-034,HIVE-049,ESP32-1049,2026-05-05T16:00:00,94,20,0.916,high_humidity_fermentation_risk,wet,post_rain,31.14,92.64,155,185,271,338,0.8362,0.7121,0.3624,approaching,False,4,True
BH-HIG-049-038,HIVE-049,ESP32-1049,2026-05-06T16:00:00,96,19,0.8924,high_humidity_fermentation_risk,wet,humid_rain,30.63,94.37,168,188,283,353,0.8401,0.7683,0.3339,not_ready,False,4,True
BH-HIG-049-039,HIVE-049,ESP32-1049,2026-05-06T22:00:00,96,16,0.9184,high_humidity_fermentation_risk,wet,humid_rain,30.29,93.97,162,192,281,349,0.8772,0.7505,0.378,approaching,False,4,True
BH-HIG-049-042,HIVE-049,ESP32-1049,2026-05-07T16:00:00,97,16,0.9332,high_humidity_fermentation_risk,wet,humid_rain,30.6,94.34,160,191,294,359,0.8497,0.7273,0.3655,approaching,False,4,True
BH-HIG-049-043,HIVE-049,ESP32-1049,2026-05-07T22:00:00,97,26,0.9231,high_humidity_fermentation_risk,wet,humid_rain,30.61,93.6,148,187,289,355,0.8514,0.7244,0.37,approaching,False,4,True
BH-HIG-049-044,HIVE-049,ESP32-1049,2026-05-08T04:00:00,97,25,0.9217,high_humidity_fermentation_risk,wet,humid_rain,30.42,92.75,153,186,283,346,0.8643,0.6889,0.4006,approaching,False,4,True
BH-HIG-049-049,HIVE-049,ESP32-1049,2026-05-09T10:00:00,99,23,0.9576,high_humidity_fermentation_risk,wet,cloudy_stable,31.2,91.35,152,191,276,345,0.8942,0.6951,0.4198,approaching,False,4,True
BH-HIG-049-054,HIVE-049,ESP32-1049,2026-05-10T16:00:00,100,19,0.9728,high_humidity_fermentation_risk,wet,humid_rain,30.44,91.24,160,200,301,364,0.8587,0.6951,0.3892,approaching,False,4,True
BH-HIG-049-055,HIVE-049,ESP32-1049,2026-05-10T22:00:00,100,23,0.9647,high_humidity_fermentation_risk,wet,humid_rain,30.51,94.83,166,202,286,363,0.8579,0.7628,0.3532,approaching,False,4,True
BH-HIG-049-061,HIVE-049,ESP32-1049,2026-05-12T10:00:00,101,21,0.9862,high_humidity_fermentation_risk,wet,cloudy_stable,31.36,92.15,154,182,279,334,0.865,0.671,0.409,approaching,False,4,True
BH-HIG-049-062,HIVE-049,ESP32-1049,2026-05-12T16:00:00,102,21,0.9903,high_humidity_fermentation_risk,wet,cloudy_stable,31.78,89.13,149,183,274,341,0.9268,0.6412,0.4804,approaching,False,4,True
BH-HIG-049-063,HIVE-049,ESP32-1049,2026-05-12T22:00:00,102,31,0.9843,high_humidity_fermentation_risk,wet,cloudy_stable,31.29,89.13,150,191,267,338,0.892,0.6344,0.4547,approaching,False,4,True
BH-HIG-049-064,HIVE-049,ESP32-1049,2026-05-13T04:00:00,102,22,0.988,high_humidity_fermentation_risk,wet,storm_front,30.72,91.99,164,189,282,335,0.8998,0.6895,0.4296,approaching,False,4,True
BH-HIG-049-070,HIVE-049,ESP32-1049,2026-05-14T16:00:00,103,29,0.9865,high_humidity_fermentation_risk,wet,cloudy_stable,31.37,91.89,156,190,269,336,0.8619,0.6784,0.4012,approaching,False,4,True
BH-HIG-049-071,HIVE-049,ESP32-1049,2026-05-14T22:00:00,103,30,0.9812,high_humidity_fermentation_risk,wet,humid_rain,30.79,92.66,162,190,265,346,0.8651,0.7221,0.3823,approaching,False,4,True
BH-HIG-049-073,HIVE-049,ESP32-1049,2026-05-15T10:00:00,103,29,1.0,high_humidity_fermentation_risk,wet,humid_rain,30.79,94.33,159,189,317,377,0.8919,0.7357,0.3965,approaching,False,4,True
BH-HIG-049-074,HIVE-049,ESP32-1049,2026-05-15T16:00:00,104,25,1.0,high_humidity_fermentation_risk,wet,post_rain,31.19,92.93,153,194,299,344,0.873,0.7086,0.3962,approaching,False,4,True
BH-HIG-049-075,HIVE-049,ESP32-1049,2026-05-15T22:00:00,104,33,1.0,high_humidity_fermentation_risk,wet,post_rain,31.62,91.82,150,187,275,343,0.8714,0.6663,0.4185,approaching,False,4,True
BH-HIG-049-076,HIVE-049,ESP32-1049,2026-05-16T04:00:00,104,25,1.0,high_humidity_fermentation_risk,wet,post_rain,31.09,90.99,153,188,272,344,0.8882,0.6995,0.4153,approaching,False,4,True
BH-HIG-049-077,HIVE-049,ESP32-1049,2026-05-16T10:00:00,104,29,1.0,high_humidity_fermentation_risk,wet,post_rain,30.92,89.87,147,188,281,359,0.8734,0.6649,0.4216,approaching,False,4,True
BH-HIG-049-078,HIVE-049,ESP32-1049,2026-05-16T16:00:00,104,27,0.9934,high_humidity_fermentation_risk,wet,post_rain,31.11,90.1,148,189,277,349,0.8883,0.6352,0.4517,approaching,False,4,True
BH-HIG-049-080,HIVE-049,ESP32-1049,2026-05-17T04:00:00,104,29,1.0,high_humidity_fermentation_risk,wet,humid_rain,33.0,91.21,181,193,299,346,0.887,0.7983,0.3557,approaching,False,5,True
BH-HIG-049-081,HIVE-049,ESP32-1049,2026-05-17T10:00:00,104,25,1.0,high_humidity_fermentation_risk,wet,humid_rain,31.86,91.7,164,195,279,365,0.8654,0.7188,0.3829,approaching,False,4,True
BH-HIG-049-082,HIVE-049,ESP32-1049,2026-05-17T16:00:00,104,28,1.0,high_humidity_fermentation_risk,wet,humid_rain,31.35,91.96,161,194,283,346,0.9196,0.6831,0.4521,approaching,False,4,True
BH-HIG-049-083,HIVE-049,ESP32-1049,2026-05-17T22:00:00,104,30,1.0,high_humidity_fermentation_risk,wet,post_rain,31.57,91.9,154,197,274,335,0.9015,0.6713,0.4432,approaching,False,4,True
BH-HIG-050-000,HIVE-050,ESP32-1050,2026-01-11T00:00:00,124,13,0.9299,high_humidity_fermentation_risk,inter_monsoon,humid_rain,29.87,86.04,154,160,209,298,0.8805,0.3818,0.6424,nearly_ready,False,1,False
BH-HIG-050-001,HIVE-050,ESP32-1050,2026-01-11T06:00:00,124,14,0.9349,high_humidity_fermentation_risk,inter_monsoon,humid_rain,30.23,87.83,168,167,223,313,0.892,0.423,0.63,nearly_ready,False,1,False
BH-HIG-050-002,HIVE-050,ESP32-1050,2026-01-11T12:00:00,124,8,0.9218,high_humidity_fermentation_risk,inter_monsoon,humid_rain,30.07,89.09,165,171,231,312,0.8689,0.5486,0.4817,approaching,False,1,True
BH-HIG-050-003,HIVE-050,ESP32-1050,2026-01-11T18:00:00,124,17,0.9206,high_humidity_fermentation_risk,inter_monsoon,cloudy_stable,29.98,86.06,157,170,228,317,0.9218,0.3533,0.695,nearly_ready,False,1,False
BH-HIG-050-004,HIVE-050,ESP32-1050,2026-01-12T00:00:00,124,12,0.9356,high_humidity_fermentation_risk,inter_monsoon,cloudy_stable,30.09,92.2,164,174,222,316,0.9199,0.6137,0.4885,approaching,False,1,True
BH-HIG-050-005,HIVE-050,ESP32-1050,2026-01-12T06:00:00,124,9,0.9376,high_humidity_fermentation_risk,inter_monsoon,cloudy_stable,30.07,94.02,171,170,227,306,0.9136,0.6213,0.481,approaching,False,1,True
BH-HIG-050-006,HIVE-050,ESP32-1050,2026-01-12T12:00:00,124,15,0.9227,high_humidity_fermentation_risk,inter_monsoon,cloudy_stable,30.11,94.34,168,175,223,308,0.8895,0.6076,0.4681,approaching,False,1,True
BH-HIG-050-007,HIVE-050,ESP32-1050,2026-01-12T18:00:00,125,16,0.923,high_humidity_fermentation_risk,inter_monsoon,humid_rain,30.05,90.86,163,174,231,292,0.866,0.5776,0.4623,approaching,False,1,True
BH-HIG-050-008,HIVE-050,ESP32-1050,2026-01-13T00:00:00,125,11,0.9572,high_humidity_fermentation_risk,inter_monsoon,humid_rain,29.81,89.63,164,174,242,297,0.943,0.5739,0.5328,approaching,False,1,True
BH-HIG-050-009,HIVE-050,ESP32-1050,2026-01-13T06:00:00,125,14,0.9568,high_humidity_fermentation_risk,inter_monsoon,humid_rain,30.6,89.37,173,175,232,310,0.9433,0.5666,0.5363,approaching,False,1,True
BH-HIG-050-010,HIVE-050,ESP32-1050,2026-01-13T12:00:00,125,18,0.9354,high_humidity_fermentation_risk,inter_monsoon,humid_rain,30.46,90.14,167,177,239,308,0.8963,0.6007,0.4774,approaching,False,1,True
BH-HIG-050-011,HIVE-050,ESP32-1050,2026-01-13T18:00:00,125,18,0.9322,high_humidity_fermentation_risk,inter_monsoon,humid_rain,30.81,93.7,170,185,249,321,0.8706,0.7139,0.3907,approaching,False,3,True
BH-HIG-050-018,HIVE-050,ESP32-1050,2026-01-15T12:00:00,127,14,0.9285,high_humidity_fermentation_risk,inter_monsoon,humid_rain,28.41,92.1,206,182,250,364,0.9141,0.7416,0.4105,approaching,False,4,True
BH-HIG-050-019,HIVE-050,ESP32-1050,2026-01-15T18:00:00,128,14,0.9403,high_humidity_fermentation_risk,inter_monsoon,humid_rain,29.08,90.81,189,181,238,337,0.9071,0.6894,0.4363,approaching,False,4,True
BH-HIG-050-020,HIVE-050,ESP32-1050,2026-01-16T00:00:00,128,16,0.9495,high_humidity_fermentation_risk,inter_monsoon,post_rain,29.63,89.44,170,178,246,324,0.917,0.6076,0.4904,approaching,False,2,True
BH-HIG-050-021,HIVE-050,ESP32-1050,2026-01-16T06:00:00,128,21,0.956,high_humidity_fermentation_risk,inter_monsoon,stable_clear,30.52,85.48,165,166,229,314,0.8713,0.4043,0.62,nearly_ready,False,1,False
BH-HIG-050-022,HIVE-050,ESP32-1050,2026-01-16T12:00:00,129,23,0.9404,high_humidity_fermentation_risk,inter_monsoon,stable_clear,30.78,84.83,162,169,224,296,0.9141,0.3325,0.7003,nearly_ready,False,1,False
BH-HIG-050-023,HIVE-050,ESP32-1050,2026-01-16T18:00:00,129,14,0.9334,high_humidity_fermentation_risk,inter_monsoon,cloudy_stable,30.58,84.59,160,169,220,301,0.9264,0.336,0.7098,nearly_ready,False,1,False
BH-HIG-050-024,HIVE-050,ESP32-1050,2026-01-17T00:00:00,130,22,0.9513,high_humidity_fermentation_risk,inter_monsoon,cloudy_stable,30.83,88.3,173,174,223,306,0.9086,0.5651,0.5061,approaching,False,1,True
BH-HIG-050-025,HIVE-050,ESP32-1050,2026-01-17T06:00:00,130,20,0.9543,high_humidity_fermentation_risk,inter_monsoon,cloudy_stable,30.73,90.25,175,188,228,325,0.8957,0.653,0.4474,approaching,False,3,True
BH-HIG-050-026,HIVE-050,ESP32-1050,2026-01-17T12:00:00,131,18,0.9625,high_humidity_fermentation_risk,inter_monsoon,humid_rain,30.92,94.06,178,190,250,340,0.9281,0.7132,0.4418,approaching,False,3,True
BH-HIG-050-028,HIVE-050,ESP32-1050,2026-01-18T00:00:00,131,16,0.9683,high_humidity_fermentation_risk,inter_monsoon,humid_rain,30.34,92.83,178,189,240,324,0.9003,0.6591,0.447,approaching,False,3,True
BH-HIG-050-029,HIVE-050,ESP32-1050,2026-01-18T06:00:00,132,25,0.9584,high_humidity_fermentation_risk,inter_monsoon,stable_clear,30.47,91.14,170,182,235,316,0.9257,0.6279,0.4878,approaching,False,2,True
BH-HIG-050-031,HIVE-050,ESP32-1050,2026-01-18T18:00:00,133,21,0.9534,high_humidity_fermentation_risk,inter_monsoon,cloudy_stable,30.89,88.67,186,195,274,373,0.9324,0.672,0.4656,approaching,False,5,True
BH-HIG-050-032,HIVE-050,ESP32-1050,2026-01-19T00:00:00,133,27,0.9492,high_humidity_fermentation_risk,inter_monsoon,cloudy_stable,30.76,85.64,175,180,252,339,0.9483,0.5898,0.5273,approaching,False,3,True
BH-HIG-050-033,HIVE-050,ESP32-1050,2026-01-19T06:00:00,134,19,0.9571,high_humidity_fermentation_risk,inter_monsoon,post_rain,30.94,86.25,167,165,240,323,0.9451,0.4363,0.6703,nearly_ready,False,2,False
BH-HIG-050-034,HIVE-050,ESP32-1050,2026-01-19T12:00:00,134,27,0.9638,high_humidity_fermentation_risk,inter_monsoon,post_rain,30.33,87.56,161,166,233,337,0.9355,0.4407,0.6587,nearly_ready,False,2,False
BH-HIG-050-035,HIVE-050,ESP32-1050,2026-01-19T18:00:00,135,23,0.9785,high_humidity_fermentation_risk,inter_monsoon,post_rain,30.3,87.92,165,175,236,315,0.9056,0.4186,0.6459,nearly_ready,False,1,False
BH-HIG-050-036,HIVE-050,ESP32-1050,2026-01-20T00:00:00,135,19,0.9478,high_humidity_fermentation_risk,inter_monsoon,post_rain,30.08,92.93,179,179,228,328,0.9479,0.6286,0.505,approaching,False,2,True
BH-HIG-050-042,HIVE-050,ESP32-1050,2026-01-21T12:00:00,138,22,0.9589,high_humidity_fermentation_risk,inter_monsoon,humid_rain,28.81,94.03,184,176,227,288,0.8996,0.6899,0.4254,approaching,False,2,True
BH-HIG-050-043,HIVE-050,ESP32-1050,2026-01-21T18:00:00,139,32,0.9809,high_humidity_fermentation_risk,inter_monsoon,humid_rain,29.08,93.39,179,168,233,289,0.9213,0.635,0.4803,approaching,False,1,True
BH-HIG-050-049,HIVE-050,ESP32-1050,2026-01-23T06:00:00,142,31,0.9918,high_humidity_fermentation_risk,inter_monsoon,humid_rain,29.67,93.48,184,192,246,339,0.9314,0.7211,0.4398,approaching,False,4,True
BH-HIG-050-051,HIVE-050,ESP32-1050,2026-01-23T18:00:00,143,28,0.9856,high_humidity_fermentation_risk,inter_monsoon,stable_clear,30.87,93.19,176,186,241,322,0.9519,0.6725,0.4841,approaching,False,3,True
BH-HIG-050-052,HIVE-050,ESP32-1050,2026-01-24T00:00:00,143,30,0.9909,high_humidity_fermentation_risk,inter_monsoon,stable_clear,31.24,92.91,178,177,233,315,0.9625,0.605,0.5329,approaching,False,1,True
BH-HIG-050-053,HIVE-050,ESP32-1050,2026-01-24T06:00:00,144,35,0.989,high_humidity_fermentation_risk,inter_monsoon,post_rain,30.93,89.91,161,170,232,314,0.9308,0.5765,0.5194,approaching,False,1,True
BH-HIG-050-054,HIVE-050,ESP32-1050,2026-01-24T12:00:00,144,35,0.985,high_humidity_fermentation_risk,inter_monsoon,post_rain,30.22,89.48,152,177,223,316,0.9152,0.5571,0.5169,approaching,False,1,True
BH-HIG-050-055,HIVE-050,ESP32-1050,2026-01-24T18:00:00,145,37,0.9676,high_humidity_fermentation_risk,inter_monsoon,post_rain,30.21,88.77,158,176,244,306,0.9127,0.565,0.5115,approaching,False,1,True
BH-HIG-050-056,HIVE-050,ESP32-1050,2026-01-25T00:00:00,145,30,0.9967,high_humidity_fermentation_risk,inter_monsoon,humid_rain,29.79,89.46,167,179,242,314,0.9292,0.5928,0.5102,approaching,False,1,True
BH-HIG-050-057,HIVE-050,ESP32-1050,2026-01-25T06:00:00,145,36,0.9989,high_humidity_fermentation_risk,inter_monsoon,humid_rain,29.76,89.55,164,174,240,312,0.9312,0.5725,0.5243,approaching,False,1,True
BH-HIG-050-058,HIVE-050,ESP32-1050,2026-01-25T12:00:00,146,40,0.9711,high_humidity_fermentation_risk,inter_monsoon,cloudy_stable,30.66,87.28,158,169,227,302,0.9055,0.4071,0.6496,nearly_ready,False,1,False
BH-HIG-050-059,HIVE-050,ESP32-1050,2026-01-25T18:00:00,146,34,0.9893,high_humidity_fermentation_risk,inter_monsoon,stable_clear,31.3,84.2,165,175,225,296,0.9367,0.3348,0.717,nearly_ready,False,1,False
BH-HIG-050-060,HIVE-050,ESP32-1050,2026-01-26T00:00:00,147,37,0.989,high_humidity_fermentation_risk,inter_monsoon,stable_clear,30.98,87.71,158,181,232,301,0.9872,0.4502,0.6984,nearly_ready,False,2,False
BH-HIG-050-061,HIVE-050,ESP32-1050,2026-01-26T06:00:00,147,36,0.9965,high_humidity_fermentation_risk,inter_monsoon,stable_clear,31.62,88.77,158,184,240,313,0.944,0.5881,0.5252,approaching,False,2,True
BH-HIG-050-062,HIVE-050,ESP32-1050,2026-01-26T12:00:00,148,40,0.9729,high_humidity_fermentation_risk,inter_monsoon,stable_clear,31.38,90.2,160,178,241,313,0.9701,0.5485,0.5707,approaching,False,1,True
BH-HIG-050-063,HIVE-050,ESP32-1050,2026-01-26T18:00:00,148,32,0.9844,high_humidity_fermentation_risk,inter_monsoon,post_rain,30.89,89.78,170,181,239,317,0.9541,0.6151,0.5198,approaching,False,2,True
BH-HIG-050-064,HIVE-050,ESP32-1050,2026-01-27T00:00:00,148,39,0.9952,high_humidity_fermentation_risk,inter_monsoon,post_rain,30.42,87.69,164,175,240,313,0.9761,0.4386,0.6955,nearly_ready,False,1,False
BH-HIG-050-065,HIVE-050,ESP32-1050,2026-01-27T06:00:00,149,35,0.9779,high_humidity_fermentation_risk,inter_monsoon,post_rain,30.67,89.47,164,172,235,299,0.9602,0.5651,0.5526,approaching,False,1,True
BH-HIG-050-066,HIVE-050,ESP32-1050,2026-01-27T12:00:00,149,35,0.9867,high_humidity_fermentation_risk,inter_monsoon,post_rain,30.38,88.99,170,167,227,310,0.9595,0.5269,0.5733,approaching,False,1,True
BH-HIG-050-067,HIVE-050,ESP32-1050,2026-01-27T18:00:00,149,34,0.983,high_humidity_fermentation_risk,inter_monsoon,humid_rain,30.33,89.54,170,172,234,315,0.9833,0.5725,0.5698,approaching,False,1,True
BH-HIG-050-068,HIVE-050,ESP32-1050,2026-01-28T00:00:00,150,39,1.0,high_humidity_fermentation_risk,inter_monsoon,stable_clear,31.25,89.73,162,173,227,315,0.9571,0.5636,0.55,approaching,False,1,True
BH-HIG-050-069,HIVE-050,ESP32-1050,2026-01-28T06:00:00,150,43,1.0,high_humidity_fermentation_risk,inter_monsoon,cloudy_stable,30.75,91.69,164,177,224,308,0.952,0.5883,0.5321,approaching,False,1,True
BH-HIG-050-072,HIVE-050,ESP32-1050,2026-01-29T00:00:00,151,41,0.9912,high_humidity_fermentation_risk,inter_monsoon,cloudy_stable,30.47,94.19,172,180,240,321,0.9862,0.6812,0.5117,approaching,False,2,True
BH-HIG-050-074,HIVE-050,ESP32-1050,2026-01-29T12:00:00,151,45,0.9914,high_humidity_fermentation_risk,inter_monsoon,humid_rain,29.94,92.11,173,172,232,313,0.9877,0.6015,0.5555,approaching,False,1,True
BH-HIG-050-078,HIVE-050,ESP32-1050,2026-01-30T12:00:00,152,43,0.9876,high_humidity_fermentation_risk,inter_monsoon,cloudy_stable,30.77,94.41,179,188,247,338,0.9586,0.7349,0.4572,approaching,False,3,True
BH-HIG-050-079,HIVE-050,ESP32-1050,2026-01-30T18:00:00,152,43,0.9914,high_humidity_fermentation_risk,inter_monsoon,post_rain,30.62,91.49,175,178,239,312,0.9613,0.6046,0.5311,approaching,False,1,True
BH-HIG-050-080,HIVE-050,ESP32-1050,2026-01-31T00:00:00,152,46,1.0,high_humidity_fermentation_risk,inter_monsoon,stable_clear,30.83,86.42,167,167,224,310,0.9666,0.421,0.6956,nearly_ready,False,1,False
BH-HIG-050-081,HIVE-050,ESP32-1050,2026-01-31T06:00:00,152,42,0.9932,high_humidity_fermentation_risk,inter_monsoon,post_rain,30.51,86.42,170,181,225,306,0.9832,0.409,0.7192,nearly_ready,False,2,False
BH-HIG-050-082,HIVE-050,ESP32-1050,2026-01-31T12:00:00,152,37,0.9971,high_humidity_fermentation_risk,inter_monsoon,post_rain,30.72,93.27,175,185,237,315,0.962,0.6406,0.5101,approaching,False,2,True
BH-HIG-051-000,HIVE-051,ESP32-1051,2026-02-19T08:00:00,127,16,1.0,high_humidity_fermentation_risk,inter_monsoon,humid_rain,32.24,88.2,129,165,217,276,0.9439,0.495,0.5759,approaching,False,1,True
BH-HIG-051-001,HIVE-051,ESP32-1051,2026-02-19T14:00:00,127,15,0.9779,high_humidity_fermentation_risk,inter_monsoon,humid_rain,32.43,93.12,144,183,235,280,0.9417,0.6339,0.4964,approaching,False,2,True
BH-HIG-051-002,HIVE-051,ESP32-1051,2026-02-19T20:00:00,127,14,0.982,high_humidity_fermentation_risk,inter_monsoon,humid_rain,32.03,90.01,144,183,238,284,0.9024,0.5957,0.4842,approaching,False,2,True
BH-HIG-051-003,HIVE-051,ESP32-1051,2026-02-20T02:00:00,127,17,0.9935,high_humidity_fermentation_risk,inter_monsoon,post_rain,32.08,86.52,135,174,228,280,0.9019,0.3576,0.6748,nearly_ready,False,1,False
BH-HIG-051-004,HIVE-051,ESP32-1051,2026-02-20T08:00:00,127,16,0.9901,high_humidity_fermentation_risk,inter_monsoon,post_rain,31.99,86.21,133,167,235,282,0.9623,0.375,0.72,nearly_ready,False,1,False
BH-HIG-051-005,HIVE-051,ESP32-1051,2026-02-20T14:00:00,127,11,0.9853,high_humidity_fermentation_risk,inter_monsoon,post_rain,32.0,86.49,122,164,233,288,0.9538,0.3926,0.7029,nearly_ready,False,1,False
BH-HIG-051-006,HIVE-051,ESP32-1051,2026-02-20T20:00:00,127,18,0.9787,high_humidity_fermentation_risk,inter_monsoon,post_rain,31.64,85.63,126,154,222,282,0.9326,0.369,0.6961,nearly_ready,False,1,False
BH-HIG-051-007,HIVE-051,ESP32-1051,2026-02-21T02:00:00,128,9,0.9773,high_humidity_fermentation_risk,inter_monsoon,cloudy_stable,32.45,83.4,125,155,219,272,0.9327,0.3103,0.7273,nearly_ready,False,1,False
BH-HIG-051-008,HIVE-051,ESP32-1051,2026-02-21T08:00:00,128,18,1.0,high_humidity_fermentation_risk,inter_monsoon,cloudy_stable,32.75,81.92,129,158,211,282,0.9538,0.3096,0.7474,nearly_ready,False,1,False
BH-HIG-051-009,HIVE-051,ESP32-1051,2026-02-21T14:00:00,128,15,0.983,high_humidity_fermentation_risk,inter_monsoon,cloudy_stable,32.86,87.36,128,162,220,288,0.9572,0.4284,0.6837,nearly_ready,False,1,False
BH-HIG-051-010,HIVE-051,ESP32-1051,2026-02-21T20:00:00,128,11,0.9965,high_humidity_fermentation_risk,inter_monsoon,cloudy_stable,32.3,90.67,133,170,220,292,0.9577,0.5946,0.5328,approaching,False,1,True
BH-HIG-051-011,HIVE-051,ESP32-1051,2026-02-22T02:00:00,128,17,0.9843,high_humidity_fermentation_risk,inter_monsoon,cloudy_stable,32.49,85.19,126,167,216,279,0.9406,0.3594,0.7067,nearly_ready,False,1,False
BH-HIG-051-013,HIVE-051,ESP32-1051,2026-02-22T14:00:00,129,11,0.9896,high_humidity_fermentation_risk,inter_monsoon,humid_rain,31.19,92.45,169,202,280,282,0.8967,0.7109,0.4141,approaching,False,3,True
BH-HIG-051-014,HIVE-051,ESP32-1051,2026-02-22T20:00:00,129,15,0.9924,high_humidity_fermentation_risk,inter_monsoon,humid_rain,31.48,92.7,159,190,254,287,0.9572,0.6421,0.5077,approaching,False,2,True
BH-HIG-051-015,HIVE-051,ESP32-1051,2026-02-23T02:00:00,130,20,1.0,high_humidity_fermentation_risk,inter_monsoon,stable_clear,32.37,89.12,141,183,245,283,0.9309,0.5941,0.5083,approaching,False,2,True
BH-HIG-051-016,HIVE-051,ESP32-1051,2026-02-23T08:00:00,130,21,0.9971,high_humidity_fermentation_risk,inter_monsoon,cloudy_stable,32.3,85.73,125,169,230,278,0.946,0.3563,0.714,nearly_ready,False,1,False
BH-HIG-051-017,HIVE-051,ESP32-1051,2026-02-23T14:00:00,130,21,0.9833,high_humidity_fermentation_risk,inter_monsoon,stable_clear,32.76,81.86,122,171,218,266,0.9544,0.3253,0.7379,nearly_ready,False,1,False
BH-HIG-051-018,HIVE-051,ESP32-1051,2026-02-23T20:00:00,131,19,0.9802,high_humidity_fermentation_risk,inter_monsoon,stable_clear,32.84,79.71,118,162,217,273,0.9584,0.3019,0.7558,nearly_ready,False,0,False
BH-HIG-051-019,HIVE-051,ESP32-1051,2026-02-24T02:00:00,131,22,0.9758,high_humidity_fermentation_risk,inter_monsoon,post_rain,31.98,81.52,124,167,225,270,0.9074,0.3179,0.7007,nearly_ready,False,1,False
BH-HIG-051-020,HIVE-051,ESP32-1051,2026-02-24T08:00:00,131,13,0.9865,high_humidity_fermentation_risk,inter_monsoon,post_rain,32.13,83.75,118,165,226,275,0.9642,0.3204,0.7507,nearly_ready,False,1,False
BH-HIG-051-021,HIVE-051,ESP32-1051,2026-02-24T14:00:00,132,23,1.0,high_humidity_fermentation_risk,inter_monsoon,stable_clear,32.63,81.46,119,164,214,272,0.9073,0.3032,0.7093,nearly_ready,False,1,False
BH-HIG-051-022,HIVE-051,ESP32-1051,2026-02-24T20:00:00,132,19,0.9998,high_humidity_fermentation_risk,inter_monsoon,stable_clear,32.67,79.7,120,165,208,265,0.9362,0.2773,0.7502,nearly_ready,False,0,False
BH-HIG-051-023,HIVE-051,ESP32-1051,2026-02-25T02:00:00,133,16,0.9924,high_humidity_fermentation_risk,inter_monsoon,stable_clear,33.44,84.92,128,170,222,271,0.8949,0.4443,0.6186,nearly_ready,False,1,False
BH-HIG-051-024,HIVE-051,ESP32-1051,2026-02-25T08:00:00,133,19,1.0,high_humidity_fermentation_risk,inter_monsoon,stable_clear,33.82,86.01,145,163,224,261,0.9652,0.5245,0.639,nearly_ready,False,2,False
BH-HIG-051-025,HIVE-051,ESP32-1051,2026-02-25T14:00:00,134,23,1.0,high_humidity_fermentation_risk,inter_monsoon,stable_clear,33.77,88.33,136,168,235,260,0.9548,0.6764,0.4865,approaching,False,2,True
BH-HIG-051-026,HIVE-051,ESP32-1051,2026-02-25T20:00:00,134,25,0.9769,high_humidity_fermentation_risk,inter_monsoon,post_rain,32.92,93.59,142,174,238,265,0.927,0.6659,0.465,approaching,False,1,True
BH-HIG-051-027,HIVE-051,ESP32-1051,2026-02-26T02:00:00,134,16,0.9932,high_humidity_fermentation_risk,inter_monsoon,post_rain,32.68,88.37,137,167,221,259,0.9494,0.5397,0.5552,approaching,False,1,True
BH-HIG-051-028,HIVE-051,ESP32-1051,2026-02-26T08:00:00,135,20,0.9894,high_humidity_fermentation_risk,inter_monsoon,post_rain,32.15,87.3,141,167,218,277,0.9572,0.4074,0.6965,nearly_ready,False,1,False
BH-HIG-051-029,HIVE-051,ESP32-1051,2026-02-26T14:00:00,135,26,0.9849,high_humidity_fermentation_risk,inter_monsoon,humid_rain,31.97,92.78,142,183,233,298,0.944,0.6272,0.5021,approaching,False,2,True
BH-HIG-051-030,HIVE-051,ESP32-1051,2026-02-26T20:00:00,136,22,0.9855,high_humidity_fermentation_risk,inter_monsoon,humid_rain,32.36,94.7,145,194,242,292,0.9493,0.6445,0.4988,approaching,False,2,True
BH-HIG-051-032,HIVE-051,ESP32-1051,2026-02-27T08:00:00,137,28,0.9847,high_humidity_fermentation_risk,inter_monsoon,cloudy_stable,31.79,93.5,137,178,230,300,0.9273,0.6066,0.4998,approaching,False,1,True
BH-HIG-051-034,HIVE-051,ESP32-1051,2026-02-27T20:00:00,138,22,1.0,high_humidity_fermentation_risk,inter_monsoon,post_rain,31.68,90.07,133,180,222,283,0.9203,0.6102,0.4902,approaching,False,2,True
BH-HIG-051-035,HIVE-051,ESP32-1051,2026-02-28T02:00:00,139,22,1.0,high_humidity_fermentation_risk,inter_monsoon,post_rain,31.92,86.71,134,174,218,280,0.9306,0.3773,0.6891,nearly_ready,False,1,False
BH-HIG-051-036,HIVE-051,ESP32-1051,2026-02-28T08:00:00,139,24,0.9806,high_humidity_fermentation_risk,inter_monsoon,post_rain,32.15,86.31,133,173,211,276,0.9409,0.3704,0.7034,nearly_ready,False,1,False
BH-HIG-051-037,HIVE-051,ESP32-1051,2026-02-28T14:00:00,140,21,1.0,high_humidity_fermentation_risk,inter_monsoon,post_rain,31.92,85.76,128,167,216,274,0.9403,0.3686,0.7037,nearly_ready,False,1,False
BH-HIG-051-039,HIVE-051,ESP32-1051,2026-03-01T02:00:00,141,23,1.0,high_humidity_fermentation_risk,inter_monsoon,post_rain,31.32,83.18,148,201,236,276,0.9298,0.3622,0.6958,nearly_ready,False,2,False
BH-HIG-051-040,HIVE-051,ESP32-1051,2026-03-01T08:00:00,141,25,1.0,high_humidity_fermentation_risk,inter_monsoon,post_rain,32.01,90.06,143,191,225,284,0.9635,0.6093,0.5276,approaching,False,2,True
BH-HIG-051-041,HIVE-051,ESP32-1051,2026-03-01T14:00:00,142,27,1.0,high_humidity_fermentation_risk,inter_monsoon,post_rain,32.55,92.92,137,183,223,294,0.926,0.6422,0.4789,approaching,False,2,True
BH-HIG-051-042,HIVE-051,ESP32-1051,2026-03-01T20:00:00,142,33,1.0,high_humidity_fermentation_risk,inter_monsoon,humid_rain,32.1,88.72,128,178,230,297,0.9659,0.5284,0.5761,approaching,False,1,True
BH-HIG-051-043,HIVE-051,ESP32-1051,2026-03-02T02:00:00,143,27,0.9978,high_humidity_fermentation_risk,inter_monsoon,post_rain,31.5,85.78,129,166,224,282,0.9396,0.3576,0.7071,nearly_ready,False,1,False
BH-HIG-051-044,HIVE-051,ESP32-1051,2026-03-02T08:00:00,143,26,1.0,high_humidity_fermentation_risk,inter_monsoon,post_rain,31.42,84.96,122,159,217,278,0.95,0.3488,0.7232,nearly_ready,False,1,False
BH-HIG-051-045,HIVE-051,ESP32-1051,2026-03-02T14:00:00,144,33,1.0,high_humidity_fermentation_risk,inter_monsoon,post_rain,31.56,85.53,126,162,216,266,0.9406,0.352,0.7133,nearly_ready,False,1,False
BH-HIG-051-046,HIVE-051,ESP32-1051,2026-03-02T20:00:00,144,34,0.9805,high_humidity_fermentation_risk,inter_monsoon,post_rain,31.64,84.76,126,163,220,273,0.9502,0.3519,0.722,nearly_ready,False,1,False
BH-HIG-051-047,HIVE-051,ESP32-1051,2026-03-03T02:00:00,145,27,0.992,high_humidity_fermentation_risk,inter_monsoon,stable_clear,32.56,80.94,121,166,217,252,0.9323,0.3177,0.7216,nearly_ready,False,1,False
BH-HIG-051-048,HIVE-051,ESP32-1051,2026-03-03T08:00:00,145,31,0.9814,high_humidity_fermentation_risk,inter_monsoon,stable_clear,32.74,83.5,119,164,226,268,0.9587,0.3777,0.714,nearly_ready,False,1,False
BH-HIG-051-049,HIVE-051,ESP32-1051,2026-03-03T14:00:00,146,37,0.9831,high_humidity_fermentation_risk,inter_monsoon,stable_clear,32.48,84.21,127,161,224,268,0.955,0.3151,0.746,nearly_ready,False,1,False
BH-HIG-051-051,HIVE-051,ESP32-1051,2026-03-04T02:00:00,147,33,1.0,high_humidity_fermentation_risk,inter_monsoon,stable_clear,31.07,81.74,161,170,229,267,0.9103,0.2951,0.7117,nearly_ready,False,1,False
BH-HIG-051-053,HIVE-051,ESP32-1051,2026-03-04T14:00:00,148,35,1.0,high_humidity_fermentation_risk,inter_monsoon,stable_clear,32.71,78.19,125,151,264,255,0.9638,0.2909,0.7658,nearly_ready,False,1,False
BH-HIG-051-054,HIVE-051,ESP32-1051,2026-03-04T20:00:00,149,38,0.9997,high_humidity_fermentation_risk,inter_monsoon,stable_clear,32.87,78.43,119,159,241,253,0.9575,0.2562,0.7807,nearly_ready,False,0,False
BH-HIG-051-055,HIVE-051,ESP32-1051,2026-03-05T02:00:00,149,35,0.9916,high_humidity_fermentation_risk,inter_monsoon,post_rain,32.92,82.3,124,158,236,265,0.9554,0.3289,0.7377,nearly_ready,False,1,False
BH-HIG-051-056,HIVE-051,ESP32-1051,2026-03-05T08:00:00,150,33,1.0,high_humidity_fermentation_risk,inter_monsoon,post_rain,32.26,84.05,129,160,226,276,0.9531,0.3018,0.7502,nearly_ready,False,1,False
BH-HIG-051-057,HIVE-051,ESP32-1051,2026-03-05T14:00:00,150,37,1.0,high_humidity_fermentation_risk,inter_monsoon,post_rain,31.96,84.08,127,163,218,276,0.9319,0.34,0.7123,nearly_ready,False,1,False
BH-HIG-051-058,HIVE-051,ESP32-1051,2026-03-05T20:00:00,150,39,1.0,high_humidity_fermentation_risk,inter_monsoon,post_rain,31.88,83.07,121,171,231,266,0.9698,0.3107,0.7614,nearly_ready,False,1,False
BH-HIG-051-059,HIVE-051,ESP32-1051,2026-03-06T02:00:00,151,37,0.9852,high_humidity_fermentation_risk,inter_monsoon,post_rain,32.24,84.04,124,173,221,266,0.9651,0.3302,0.7463,nearly_ready,False,1,False
BH-HIG-051-060,HIVE-051,ESP32-1051,2026-03-06T08:00:00,151,41,0.9821,high_humidity_fermentation_risk,inter_monsoon,cloudy_stable,32.21,82.16,121,166,218,261,0.9797,0.3107,0.77,nearly_ready,False,1,False
BH-HIG-051-061,HIVE-051,ESP32-1051,2026-03-06T14:00:00,152,33,1.0,high_humidity_fermentation_risk,inter_monsoon,cloudy_stable,32.68,82.27,127,174,214,254,0.9914,0.3597,0.7532,nearly_ready,False,1,False
BH-HIG-051-062,HIVE-051,ESP32-1051,2026-03-06T20:00:00,152,39,0.9857,high_humidity_fermentation_risk,inter_monsoon,cloudy_stable,32.71,81.16,123,160,216,251,0.9812,0.3004,0.7773,nearly_ready,False,1,False
BH-HIG-051-063,HIVE-051,ESP32-1051,2026-03-07T02:00:00,153,34,1.0,high_humidity_fermentation_risk,inter_monsoon,cloudy_stable,32.55,81.43,119,164,214,265,0.9764,0.316,0.7647,nearly_ready,False,1,False
BH-HIG-051-064,HIVE-051,ESP32-1051,2026-03-07T08:00:00,153,42,1.0,high_humidity_fermentation_risk,inter_monsoon,cloudy_stable,32.0,81.94,120,166,214,261,0.9771,0.3183,0.7634,nearly_ready,False,1,False
BH-HIG-051-065,HIVE-051,ESP32-1051,2026-03-07T14:00:00,153,38,1.0,high_humidity_fermentation_risk,inter_monsoon,cloudy_stable,32.02,81.87,114,158,217,261,0.9345,0.2738,0.7514,nearly_ready,False,1,False
BH-HIG-051-066,HIVE-051,ESP32-1051,2026-03-07T20:00:00,154,45,1.0,high_humidity_fermentation_risk,inter_monsoon,humid_rain,31.95,84.14,126,165,218,270,0.9722,0.3037,0.7668,nearly_ready,False,1,False
BH-HIG-051-067,HIVE-051,ESP32-1051,2026-03-08T02:00:00,154,38,1.0,high_humidity_fermentation_risk,inter_monsoon,humid_rain,32.31,84.67,123,171,223,278,0.9803,0.3595,0.7437,nearly_ready,False,1,False
BH-HIG-051-068,HIVE-051,ESP32-1051,2026-03-08T08:00:00,154,39,0.9898,high_humidity_fermentation_risk,inter_monsoon,stable_clear,32.85,81.83,122,161,221,268,0.965,0.3324,0.7436,nearly_ready,False,1,False
BH-HIG-051-069,HIVE-051,ESP32-1051,2026-03-08T14:00:00,155,37,1.0,high_humidity_fermentation_risk,inter_monsoon,cloudy_stable,32.29,81.89,118,166,219,260,0.9831,0.2981,0.7798,nearly_ready,False,1,False
BH-HIG-051-070,HIVE-051,ESP32-1051,2026-03-08T20:00:00,155,41,0.9948,high_humidity_fermentation_risk,inter_monsoon,cloudy_stable,32.15,80.84,120,155,218,273,0.9517,0.2635,0.7714,nearly_ready,False,1,False
BH-HIG-051-071,HIVE-051,ESP32-1051,2026-03-09T02:00:00,155,36,1.0,high_humidity_fermentation_risk,inter_monsoon,humid_rain,31.99,89.39,130,164,229,282,0.9364,0.5653,0.5282,approaching,False,1,True
BH-HIG-051-072,HIVE-051,ESP32-1051,2026-03-09T08:00:00,156,44,0.9982,high_humidity_fermentation_risk,inter_monsoon,cloudy_stable,31.91,89.84,127,169,227,284,0.9862,0.5496,0.585,approaching,False,1,True
BH-HIG-051-073,HIVE-051,ESP32-1051,2026-03-09T14:00:00,156,38,1.0,high_humidity_fermentation_risk,inter_monsoon,cloudy_stable,32.51,92.51,122,177,218,284,0.9837,0.5982,0.5537,approaching,False,1,True
BH-HIG-051-074,HIVE-051,ESP32-1051,2026-03-09T20:00:00,156,39,0.9948,high_humidity_fermentation_risk,inter_monsoon,cloudy_stable,32.08,91.63,126,179,227,277,0.9635,0.5726,0.5513,approaching,False,1,True
BH-HIG-051-075,HIVE-051,ESP32-1051,2026-03-10T02:00:00,156,38,0.9944,high_humidity_fermentation_risk,inter_monsoon,cloudy_stable,32.16,91.98,127,174,228,274,0.9833,0.5613,0.5761,approaching,False,1,True
BH-HIG-051-076,HIVE-051,ESP32-1051,2026-03-10T08:00:00,156,41,0.982,high_humidity_fermentation_risk,inter_monsoon,cloudy_stable,32.09,86.01,119,164,212,268,0.9734,0.3691,0.73,nearly_ready,False,1,False
BH-HIG-051-077,HIVE-051,ESP32-1051,2026-03-10T14:00:00,157,45,1.0,high_humidity_fermentation_risk,inter_monsoon,stable_clear,32.73,82.0,113,160,216,263,0.9671,0.3524,0.7337,nearly_ready,False,1,False
BH-HIG-051-078,HIVE-051,ESP32-1051,2026-03-10T20:00:00,157,44,1.0,high_humidity_fermentation_risk,inter_monsoon,stable_clear,33.16,80.48,113,157,222,252,0.9762,0.3565,0.7411,nearly_ready,False,1,False
BH-HIG-051-079,HIVE-051,ESP32-1051,2026-03-11T02:00:00,157,44,1.0,high_humidity_fermentation_risk,inter_monsoon,stable_clear,33.41,77.79,119,160,207,261,0.9498,0.3031,0.7469,nearly_ready,False,0,False
BH-HIG-051-080,HIVE-051,ESP32-1051,2026-03-11T08:00:00,157,46,0.9861,high_humidity_fermentation_risk,inter_monsoon,stable_clear,32.97,78.33,120,162,211,260,0.9246,0.291,0.7323,nearly_ready,False,0,False
BH-HIG-051-081,HIVE-051,ESP32-1051,2026-03-11T14:00:00,157,48,0.9992,high_humidity_fermentation_risk,inter_monsoon,stable_clear,32.95,77.42,125,164,197,266,0.9462,0.2479,0.7755,nearly_ready,False,0,False
BH-HIG-051-082,HIVE-051,ESP32-1051,2026-03-11T20:00:00,157,48,1.0,high_humidity_fermentation_risk,inter_monsoon,stable_clear,33.13,78.27,123,159,201,260,0.9635,0.2815,0.7721,nearly_ready,False,0,False
BH-HIG-051-083,HIVE-051,ESP32-1051,2026-03-12T02:00:00,157,46,0.9963,high_humidity_fermentation_risk,inter_monsoon,post_rain,32.51,81.19,129,159,208,269,0.9439,0.2815,0.7529,nearly_ready,False,1,False
BH-HIG-052-000,HIVE-052,ESP32-1052,2026-03-15T00:00:00,96,14,0.6755,high_gas_stress,wet,humid_rain,32.03,72.07,217,191,290,310,0.7286,0.4892,0.3895,approaching,False,3,True
BH-HIG-052-001,HIVE-052,ESP32-1052,2026-03-15T06:00:00,96,17,0.6936,high_gas_stress,wet,humid_rain,31.51,75.71,231,206,303,328,0.7233,0.5533,0.3485,not_ready,False,4,True
BH-HIG-052-002,HIVE-052,ESP32-1052,2026-03-15T12:00:00,96,8,0.691,high_gas_stress,wet,humid_rain,31.61,76.58,229,211,302,334,0.7197,0.5867,0.3299,not_ready,False,4,True
BH-HIG-052-003,HIVE-052,ESP32-1052,2026-03-15T18:00:00,96,15,0.6851,high_gas_stress,wet,humid_rain,31.68,77.48,232,207,305,333,0.7248,0.5822,0.3369,not_ready,False,4,True
BH-HIG-052-004,HIVE-052,ESP32-1052,2026-03-16T00:00:00,96,8,0.6939,high_gas_stress,wet,humid_rain,31.91,77.95,227,210,310,335,0.76,0.5826,0.3675,approaching,False,4,True
BH-HIG-052-005,HIVE-052,ESP32-1052,2026-03-16T06:00:00,96,13,0.6946,high_gas_stress,wet,humid_rain,31.78,78.64,235,215,312,334,0.7065,0.6087,0.3061,not_ready,False,4,True
BH-HIG-052-006,HIVE-052,ESP32-1052,2026-03-16T12:00:00,96,14,0.6741,high_gas_stress,wet,humid_rain,31.67,77.41,232,213,307,340,0.6884,0.5497,0.3225,not_ready,False,4,True
BH-HIG-052-007,HIVE-052,ESP32-1052,2026-03-16T18:00:00,97,12,0.6876,high_gas_stress,wet,post_rain,31.93,77.41,241,223,319,354,0.7092,0.6163,0.3039,not_ready,False,4,True
BH-HIG-052-016,HIVE-052,ESP32-1052,2026-03-19T00:00:00,99,12,0.6933,high_gas_stress,wet,cloudy_stable,32.02,74.97,233,201,309,339,0.7151,0.5646,0.3358,not_ready,False,4,True
BH-HIG-052-017,HIVE-052,ESP32-1052,2026-03-19T06:00:00,100,15,0.7101,high_gas_stress,wet,cloudy_stable,32.48,74.44,230,199,312,336,0.7399,0.5688,0.3569,approaching,False,4,True
BH-HIG-052-018,HIVE-052,ESP32-1052,2026-03-19T12:00:00,100,15,0.6996,high_gas_stress,wet,cloudy_stable,32.75,74.51,235,217,308,365,0.7662,0.6255,0.3488,not_ready,False,4,True
BH-HIG-052-019,HIVE-052,ESP32-1052,2026-03-19T18:00:00,100,22,0.6892,high_gas_stress,wet,cloudy_stable,32.98,73.62,244,214,320,353,0.714,0.6164,0.3079,not_ready,False,4,True
BH-HIG-052-023,HIVE-052,ESP32-1052,2026-03-20T18:00:00,102,15,0.7149,high_gas_stress,wet,humid_rain,32.01,78.01,240,219,319,368,0.702,0.5731,0.3199,not_ready,False,4,True
BH-HIG-052-025,HIVE-052,ESP32-1052,2026-03-21T06:00:00,103,23,0.7265,high_gas_stress,wet,humid_rain,31.19,78.53,231,213,318,355,0.7177,0.605,0.3164,not_ready,False,4,True
BH-HIG-052-026,HIVE-052,ESP32-1052,2026-03-21T12:00:00,104,18,0.7031,high_gas_stress,wet,cloudy_stable,31.9,76.34,221,210,315,337,0.7589,0.5937,0.3583,approaching,False,4,True
BH-HIG-052-027,HIVE-052,ESP32-1052,2026-03-21T18:00:00,104,18,0.7076,high_gas_stress,wet,humid_rain,31.92,77.13,230,214,313,338,0.7384,0.5429,0.3704,approaching,False,4,True
BH-HIG-052-028,HIVE-052,ESP32-1052,2026-03-22T00:00:00,105,27,0.7293,high_gas_stress,wet,humid_rain,32.18,77.0,234,205,307,328,0.7554,0.5828,0.3632,approaching,False,4,True
BH-HIG-052-029,HIVE-052,ESP32-1052,2026-03-22T06:00:00,105,22,0.7262,high_gas_stress,wet,humid_rain,31.94,76.62,234,204,311,326,0.7672,0.5875,0.3713,approaching,False,4,True
BH-HIG-052-030,HIVE-052,ESP32-1052,2026-03-22T12:00:00,106,21,0.7242,high_gas_stress,wet,humid_rain,32.02,77.26,236,204,310,319,0.7578,0.5125,0.4043,approaching,False,3,True
BH-HIG-052-031,HIVE-052,ESP32-1052,2026-03-22T18:00:00,106,28,0.7006,high_gas_stress,wet,humid_rain,31.66,76.95,239,210,314,337,0.7433,0.5656,0.3617,approaching,False,4,True
BH-HIG-052-032,HIVE-052,ESP32-1052,2026-03-23T00:00:00,107,21,0.7059,high_gas_stress,wet,humid_rain,31.24,78.51,234,211,303,339,0.7192,0.5908,0.3261,not_ready,False,4,True
BH-HIG-052-038,HIVE-052,ESP32-1052,2026-03-24T12:00:00,110,24,0.7361,high_gas_stress,wet,cloudy_stable,31.68,74.55,230,212,313,325,0.7211,0.5678,0.3388,not_ready,False,4,True
BH-HIG-052-047,HIVE-052,ESP32-1052,2026-03-26T18:00:00,115,34,0.7437,high_gas_stress,wet,storm_front,30.96,79.8,236,211,320,332,0.7898,0.6142,0.376,approaching,False,4,True
BH-HIG-052-055,HIVE-052,ESP32-1052,2026-03-28T18:00:00,119,34,0.7636,high_gas_stress,wet,humid_rain,31.22,78.3,242,219,317,365,0.7814,0.6111,0.3699,approaching,False,4,True
BH-HIG-052-056,HIVE-052,ESP32-1052,2026-03-29T00:00:00,120,35,0.7863,high_gas_stress,wet,humid_rain,31.84,78.71,245,219,314,341,0.808,0.5964,0.4012,approaching,False,4,True
BH-HIG-052-057,HIVE-052,ESP32-1052,2026-03-29T06:00:00,120,42,0.7557,high_gas_stress,wet,post_rain,31.45,77.51,237,216,300,336,0.8054,0.5744,0.411,approaching,False,4,True
BH-HIG-052-058,HIVE-052,ESP32-1052,2026-03-29T12:00:00,121,40,0.7862,high_gas_stress,wet,post_rain,32.29,77.73,235,211,294,335,0.7919,0.548,0.4134,approaching,False,4,True
BH-HIG-052-065,HIVE-052,ESP32-1052,2026-03-31T06:00:00,124,41,0.7749,high_gas_stress,wet,humid_rain,32.13,76.8,244,223,313,360,0.7854,0.5962,0.3822,approaching,False,4,True
BH-HIG-052-066,HIVE-052,ESP32-1052,2026-03-31T12:00:00,124,44,0.7673,high_gas_stress,wet,humid_rain,31.77,78.52,232,224,314,356,0.7631,0.5933,0.3634,approaching,False,4,True
BH-HIG-052-067,HIVE-052,ESP32-1052,2026-03-31T18:00:00,125,43,0.7743,high_gas_stress,wet,storm_front,31.4,78.15,239,221,311,350,0.77,0.6028,0.3649,approaching,False,4,True
BH-HIG-052-069,HIVE-052,ESP32-1052,2026-04-01T06:00:00,125,39,0.7994,high_gas_stress,wet,storm_front,31.36,78.9,240,220,318,344,0.8492,0.6266,0.4221,approaching,False,4,True
BH-HIG-052-070,HIVE-052,ESP32-1052,2026-04-01T12:00:00,125,37,0.79,high_gas_stress,wet,storm_front,30.99,80.28,239,224,315,334,0.8339,0.5998,0.4223,approaching,False,5,True
BH-HIG-052-071,HIVE-052,ESP32-1052,2026-04-01T18:00:00,126,39,0.776,high_gas_stress,wet,storm_front,31.32,80.27,243,221,304,334,0.7744,0.5922,0.3749,approaching,False,5,True
BH-HIG-052-072,HIVE-052,ESP32-1052,2026-04-02T00:00:00,126,48,0.81,high_gas_stress,wet,post_rain,31.65,77.97,239,212,310,343,0.8337,0.5755,0.435,approaching,False,4,True
BH-HIG-052-073,HIVE-052,ESP32-1052,2026-04-02T06:00:00,126,47,0.7889,high_gas_stress,wet,post_rain,32.31,78.01,232,209,308,336,0.7977,0.5928,0.3942,approaching,False,4,True
BH-HIG-052-080,HIVE-052,ESP32-1052,2026-04-04T00:00:00,127,47,0.7791,high_gas_stress,wet,humid_rain,32.35,78.29,243,212,313,376,0.7892,0.6,0.3814,approaching,False,4,True
BH-HIG-053-000,HIVE-053,ESP32-1053,2026-04-28T20:00:00,90,11,0.6629,high_gas_stress,inter_monsoon,cloudy_stable,31.19,74.1,163,178,251,289,0.7247,0.2748,0.564,approaching,False,0,False
BH-HIG-053-001,HIVE-053,ESP32-1053,2026-04-29T02:00:00,90,15,0.6535,high_gas_stress,inter_monsoon,cloudy_stable,31.74,75.21,167,192,255,290,0.6662,0.2834,0.5083,approaching,False,1,False
BH-HIG-053-002,HIVE-053,ESP32-1053,2026-04-29T08:00:00,90,14,0.6691,high_gas_stress,inter_monsoon,cloudy_stable,31.73,75.66,175,188,252,299,0.7154,0.3188,0.5336,approaching,False,1,False
BH-HIG-053-003,HIVE-053,ESP32-1053,2026-04-29T14:00:00,90,10,0.6538,high_gas_stress,inter_monsoon,post_rain,32.17,77.61,173,199,261,302,0.7172,0.3287,0.5282,approaching,False,2,False
BH-HIG-053-004,HIVE-053,ESP32-1053,2026-04-29T20:00:00,90,13,0.68,high_gas_stress,inter_monsoon,post_rain,32.18,77.78,173,204,266,302,0.7199,0.3218,0.5362,approaching,False,2,False
BH-HIG-053-005,HIVE-053,ESP32-1053,2026-04-30T02:00:00,90,13,0.6803,high_gas_stress,inter_monsoon,stable_clear,32.78,74.93,155,197,270,300,0.7097,0.3693,0.4983,approaching,False,2,False
BH-HIG-053-006,HIVE-053,ESP32-1053,2026-04-30T08:00:00,90,18,0.6674,high_gas_stress,inter_monsoon,stable_clear,32.28,74.77,159,190,262,299,0.7201,0.3281,0.5318,approaching,False,2,False
BH-HIG-053-007,HIVE-053,ESP32-1053,2026-04-30T14:00:00,90,15,0.6879,high_gas_stress,inter_monsoon,stable_clear,32.44,73.94,163,187,259,291,0.7402,0.281,0.5759,approaching,False,1,False
BH-HIG-053-008,HIVE-053,ESP32-1053,2026-04-30T20:00:00,90,8,0.6918,high_gas_stress,inter_monsoon,stable_clear,31.8,73.92,165,194,260,291,0.7394,0.2982,0.5652,approaching,False,1,False
BH-HIG-053-009,HIVE-053,ESP32-1053,2026-05-01T02:00:00,90,8,0.6652,high_gas_stress,inter_monsoon,stable_clear,31.74,73.59,169,192,265,293,0.7373,0.3397,0.5415,approaching,False,2,False
BH-HIG-053-010,HIVE-053,ESP32-1053,2026-05-01T08:00:00,90,8,0.6896,high_gas_stress,inter_monsoon,stable_clear,32.35,73.85,186,201,288,309,0.7379,0.5021,0.3908,approaching,False,3,True
BH-HIG-053-011,HIVE-053,ESP32-1053,2026-05-01T14:00:00,91,16,0.6608,high_gas_stress,inter_monsoon,stable_clear,32.81,75.3,196,200,290,328,0.7158,0.5489,0.346,not_ready,False,4,True
BH-HIG-053-012,HIVE-053,ESP32-1053,2026-05-01T20:00:00,91,18,0.6704,high_gas_stress,inter_monsoon,stable_clear,32.71,74.19,191,204,297,333,0.684,0.5588,0.3136,not_ready,False,4,True
BH-HIG-053-013,HIVE-053,ESP32-1053,2026-05-02T02:00:00,91,15,0.6656,high_gas_stress,inter_monsoon,stable_clear,32.47,74.98,193,210,296,335,0.6745,0.5544,0.3076,not_ready,False,4,True
BH-HIG-053-014,HIVE-053,ESP32-1053,2026-05-02T08:00:00,91,19,0.6778,high_gas_stress,inter_monsoon,stable_clear,32.43,74.76,194,211,296,338,0.7087,0.5491,0.3414,not_ready,False,4,True
BH-HIG-053-015,HIVE-053,ESP32-1053,2026-05-02T14:00:00,91,9,0.6813,high_gas_stress,inter_monsoon,stable_clear,32.91,72.5,170,203,285,326,0.7119,0.5582,0.3366,not_ready,False,3,True
BH-HIG-053-016,HIVE-053,ESP32-1053,2026-05-02T20:00:00,91,10,0.6997,high_gas_stress,inter_monsoon,stable_clear,32.46,71.83,170,202,272,319,0.7086,0.35,0.5096,approaching,False,2,False
BH-HIG-053-017,HIVE-053,ESP32-1053,2026-05-03T02:00:00,91,16,0.7046,high_gas_stress,inter_monsoon,stable_clear,33.3,73.46,186,215,276,333,0.7383,0.6372,0.316,not_ready,False,4,True
BH-HIG-053-018,HIVE-053,ESP32-1053,2026-05-03T08:00:00,91,16,0.7157,high_gas_stress,inter_monsoon,humid_rain,32.49,77.67,205,214,293,336,0.7,0.5874,0.3087,not_ready,False,4,True
BH-HIG-053-019,HIVE-053,ESP32-1053,2026-05-03T14:00:00,91,15,0.7111,high_gas_stress,inter_monsoon,stable_clear,32.69,75.67,180,203,271,305,0.6954,0.4062,0.4659,approaching,False,2,False
BH-HIG-053-020,HIVE-053,ESP32-1053,2026-05-03T20:00:00,92,16,0.7175,high_gas_stress,inter_monsoon,post_rain,32.42,78.1,181,202,281,310,0.6987,0.5097,0.3526,approaching,False,3,True
BH-HIG-053-021,HIVE-053,ESP32-1053,2026-05-04T02:00:00,92,12,0.6874,high_gas_stress,inter_monsoon,post_rain,31.66,78.82,181,199,280,308,0.6896,0.5126,0.3429,not_ready,False,3,True
BH-HIG-053-022,HIVE-053,ESP32-1053,2026-05-04T08:00:00,92,13,0.7229,high_gas_stress,inter_monsoon,stable_clear,32.12,75.99,177,202,273,281,0.7603,0.3633,0.5465,approaching,False,2,False
BH-HIG-053-023,HIVE-053,ESP32-1053,2026-05-04T14:00:00,92,15,0.716,high_gas_stress,inter_monsoon,stable_clear,32.56,74.06,173,200,265,287,0.706,0.3542,0.5044,approaching,False,2,False
BH-HIG-053-024,HIVE-053,ESP32-1053,2026-05-04T20:00:00,92,18,0.721,high_gas_stress,inter_monsoon,post_rain,32.36,77.03,179,208,259,305,0.7481,0.3518,0.5425,approaching,False,1,False
BH-HIG-053-025,HIVE-053,ESP32-1053,2026-05-05T02:00:00,92,16,0.7382,high_gas_stress,inter_monsoon,post_rain,31.78,78.49,182,208,266,309,0.7177,0.512,0.3679,approaching,False,3,True
BH-HIG-053-026,HIVE-053,ESP32-1053,2026-05-05T08:00:00,92,11,0.7272,high_gas_stress,inter_monsoon,post_rain,31.82,79.17,180,213,265,312,0.718,0.4889,0.3824,approaching,False,3,True
BH-HIG-053-027,HIVE-053,ESP32-1053,2026-05-05T14:00:00,93,18,0.7156,high_gas_stress,inter_monsoon,post_rain,31.87,78.7,183,220,288,340,0.7604,0.5414,0.3902,approaching,False,4,True
BH-HIG-053-028,HIVE-053,ESP32-1053,2026-05-05T20:00:00,93,17,0.7175,high_gas_stress,inter_monsoon,post_rain,31.64,77.91,193,216,299,336,0.7548,0.535,0.3887,approaching,False,4,True
BH-HIG-053-029,HIVE-053,ESP32-1053,2026-05-06T02:00:00,93,18,0.7177,high_gas_stress,inter_monsoon,post_rain,31.89,79.0,202,225,289,338,0.7006,0.5971,0.3066,not_ready,False,4,True
BH-HIG-053-030,HIVE-053,ESP32-1053,2026-05-06T08:00:00,93,21,0.7519,high_gas_stress,inter_monsoon,post_rain,32.04,79.94,202,240,293,342,0.724,0.5704,0.3422,not_ready,False,4,True
BH-HIG-053-031,HIVE-053,ESP32-1053,2026-05-06T14:00:00,93,13,0.7478,high_gas_stress,inter_monsoon,post_rain,31.78,79.79,203,231,305,347,0.7762,0.5969,0.3738,approaching,False,4,True
BH-HIG-053-032,HIVE-053,ESP32-1053,2026-05-06T20:00:00,93,19,0.7608,high_gas_stress,inter_monsoon,post_rain,31.92,79.04,189,219,290,331,0.7719,0.5331,0.4046,approaching,False,4,True
BH-HIG-053-033,HIVE-053,ESP32-1053,2026-05-07T02:00:00,94,18,0.7306,high_gas_stress,inter_monsoon,post_rain,32.04,80.11,187,213,288,319,0.7694,0.5403,0.3989,approaching,False,4,True
BH-HIG-053-034,HIVE-053,ESP32-1053,2026-05-07T08:00:00,94,12,0.7438,high_gas_stress,inter_monsoon,post_rain,31.51,80.33,174,215,291,309,0.7605,0.5097,0.4073,approaching,False,3,True
BH-HIG-053-035,HIVE-053,ESP32-1053,2026-05-07T14:00:00,94,20,0.7562,high_gas_stress,inter_monsoon,post_rain,31.44,79.3,173,210,276,306,0.726,0.3755,0.5114,approaching,False,2,False
BH-HIG-053-036,HIVE-053,ESP32-1053,2026-05-07T20:00:00,94,19,0.7807,high_gas_stress,inter_monsoon,stable_clear,31.91,76.01,170,192,269,307,0.7718,0.3546,0.5612,approaching,False,2,False
BH-HIG-053-037,HIVE-053,ESP32-1053,2026-05-08T02:00:00,94,15,0.746,high_gas_stress,inter_monsoon,stable_clear,32.13,75.08,167,191,272,303,0.7694,0.3077,0.5868,approaching,False,2,False
BH-HIG-053-039,HIVE-053,ESP32-1053,2026-05-08T14:00:00,95,13,0.7766,high_gas_stress,inter_monsoon,stable_clear,34.75,70.65,171,218,245,330,0.7188,0.6637,0.2832,not_ready,False,3,True
BH-HIG-053-040,HIVE-053,ESP32-1053,2026-05-08T20:00:00,95,16,0.7849,high_gas_stress,inter_monsoon,stable_clear,33.7,72.19,178,205,251,299,0.7694,0.4534,0.504,approaching,False,2,False
BH-HIG-053-041,HIVE-053,ESP32-1053,2026-05-09T02:00:00,95,19,0.7789,high_gas_stress,inter_monsoon,humid_rain,32.42,75.95,183,199,273,312,0.7778,0.4837,0.4335,approaching,False,3,True
BH-HIG-053-042,HIVE-053,ESP32-1053,2026-05-09T08:00:00,95,19,0.7859,high_gas_stress,inter_monsoon,humid_rain,32.03,78.43,178,205,280,309,0.7875,0.3639,0.5706,approaching,False,2,False
BH-HIG-053-043,HIVE-053,ESP32-1053,2026-05-09T14:00:00,95,19,0.7961,high_gas_stress,inter_monsoon,cloudy_stable,32.1,76.94,171,205,282,305,0.8004,0.367,0.5814,approaching,False,2,False
BH-HIG-053-044,HIVE-053,ESP32-1053,2026-05-09T20:00:00,96,18,0.786,high_gas_stress,inter_monsoon,cloudy_stable,32.27,76.75,184,215,287,328,0.7489,0.5261,0.3885,approaching,False,4,True
BH-HIG-053-045,HIVE-053,ESP32-1053,2026-05-10T02:00:00,96,20,0.7931,high_gas_stress,inter_monsoon,cloudy_stable,32.55,76.28,191,218,287,343,0.7474,0.555,0.3713,approaching,False,4,True
BH-HIG-053-046,HIVE-053,ESP32-1053,2026-05-10T08:00:00,96,19,0.811,high_gas_stress,inter_monsoon,cloudy_stable,32.36,74.61,184,202,276,321,0.7889,0.5376,0.4166,approaching,False,4,True
BH-HIG-053-047,HIVE-053,ESP32-1053,2026-05-10T14:00:00,96,20,0.8201,high_gas_stress,inter_monsoon,stable_clear,32.53,72.39,180,210,273,316,0.814,0.5343,0.4407,approaching,False,3,True
BH-HIG-053-048,HIVE-053,ESP32-1053,2026-05-10T20:00:00,96,15,0.791,high_gas_stress,inter_monsoon,post_rain,31.95,76.01,183,209,274,316,0.7741,0.5142,0.4155,approaching,False,3,True
BH-HIG-053-049,HIVE-053,ESP32-1053,2026-05-11T02:00:00,97,16,0.8273,high_gas_stress,inter_monsoon,cloudy_stable,31.95,75.27,190,222,301,326,0.7787,0.5707,0.3901,approaching,False,4,True
BH-HIG-053-050,HIVE-053,ESP32-1053,2026-05-11T08:00:00,97,25,0.8341,high_gas_stress,inter_monsoon,cloudy_stable,32.22,75.58,202,218,300,323,0.7975,0.5747,0.4046,approaching,False,4,True
BH-HIG-053-051,HIVE-053,ESP32-1053,2026-05-11T14:00:00,97,16,0.8289,high_gas_stress,inter_monsoon,cloudy_stable,32.58,76.05,215,235,295,327,0.7776,0.6155,0.3641,approaching,False,4,True
BH-HIG-053-052,HIVE-053,ESP32-1053,2026-05-11T20:00:00,97,23,0.8198,high_gas_stress,inter_monsoon,cloudy_stable,32.71,75.0,204,236,308,341,0.8212,0.6204,0.4001,approaching,False,4,True
BH-HIG-053-054,HIVE-053,ESP32-1053,2026-05-12T08:00:00,97,24,0.8195,high_gas_stress,inter_monsoon,humid_rain,32.08,79.07,193,222,289,334,0.7491,0.5563,0.3704,approaching,False,4,True
BH-HIG-053-055,HIVE-053,ESP32-1053,2026-05-12T14:00:00,98,19,0.8421,high_gas_stress,inter_monsoon,humid_rain,31.8,78.9,194,213,285,316,0.7919,0.5103,0.4351,approaching,False,3,True
BH-HIG-053-056,HIVE-053,ESP32-1053,2026-05-12T20:00:00,98,18,0.8606,high_gas_stress,inter_monsoon,humid_rain,32.05,79.42,199,216,285,303,0.7921,0.522,0.4289,approaching,False,3,True
BH-HIG-053-057,HIVE-053,ESP32-1053,2026-05-13T02:00:00,98,26,0.8601,high_gas_stress,inter_monsoon,humid_rain,31.61,79.73,197,217,282,294,0.7856,0.5343,0.4162,approaching,False,3,True
BH-HIG-053-058,HIVE-053,ESP32-1053,2026-05-13T08:00:00,98,24,0.8368,high_gas_stress,inter_monsoon,humid_rain,31.59,79.76,199,199,282,315,0.7856,0.5284,0.4201,approaching,False,3,True
BH-HIG-053-059,HIVE-053,ESP32-1053,2026-05-13T14:00:00,98,23,0.8322,high_gas_stress,inter_monsoon,cloudy_stable,31.95,76.17,183,198,282,317,0.7799,0.499,0.4291,approaching,False,3,True
BH-HIG-053-060,HIVE-053,ESP32-1053,2026-05-13T20:00:00,98,18,0.8619,high_gas_stress,inter_monsoon,stable_clear,32.26,75.29,186,195,273,297,0.8439,0.4962,0.4882,approaching,False,3,True
BH-HIG-053-061,HIVE-053,ESP32-1053,2026-05-14T02:00:00,98,22,0.839,high_gas_stress,inter_monsoon,stable_clear,32.37,73.62,182,193,274,298,0.7753,0.4778,0.4383,approaching,False,3,True
BH-HIG-053-062,HIVE-053,ESP32-1053,2026-05-14T08:00:00,99,20,0.8803,high_gas_stress,inter_monsoon,stable_clear,32.34,73.58,168,196,275,304,0.834,0.3624,0.614,nearly_ready,False,2,False
BH-HIG-053-063,HIVE-053,ESP32-1053,2026-05-14T14:00:00,99,23,0.8646,high_gas_stress,inter_monsoon,stable_clear,32.79,74.01,170,191,265,303,0.794,0.3795,0.5686,approaching,False,2,False
BH-HIG-053-064,HIVE-053,ESP32-1053,2026-05-14T20:00:00,99,27,0.8804,high_gas_stress,inter_monsoon,stable_clear,32.82,72.73,173,191,266,308,0.831,0.3926,0.5946,approaching,False,2,False
BH-HIG-053-065,HIVE-053,ESP32-1053,2026-05-15T02:00:00,99,23,0.8813,high_gas_stress,inter_monsoon,cloudy_stable,32.23,74.28,176,194,262,305,0.8483,0.3612,0.6257,nearly_ready,False,2,False
BH-HIG-053-066,HIVE-053,ESP32-1053,2026-05-15T08:00:00,99,22,0.8633,high_gas_stress,inter_monsoon,stable_clear,32.15,74.52,174,194,272,299,0.7973,0.349,0.5892,approaching,False,2,False
BH-HIG-053-067,HIVE-053,ESP32-1053,2026-05-15T14:00:00,99,18,0.869,high_gas_stress,inter_monsoon,stable_clear,32.45,73.79,184,190,262,310,0.8352,0.516,0.4697,approaching,False,3,True
BH-HIG-053-068,HIVE-053,ESP32-1053,2026-05-15T20:00:00,99,21,0.8566,high_gas_stress,inter_monsoon,stable_clear,32.74,73.98,179,193,276,305,0.7864,0.3573,0.5744,approaching,False,2,False
BH-HIG-053-069,HIVE-053,ESP32-1053,2026-05-16T02:00:00,99,27,0.8837,high_gas_stress,inter_monsoon,post_rain,32.42,77.44,193,206,297,310,0.8389,0.4985,0.4809,approaching,False,3,True
BH-HIG-053-070,HIVE-053,ESP32-1053,2026-05-16T08:00:00,99,20,0.8755,high_gas_stress,inter_monsoon,post_rain,31.91,78.16,200,209,296,325,0.7837,0.5172,0.4234,approaching,False,4,True
BH-HIG-053-072,HIVE-053,ESP32-1053,2026-05-16T20:00:00,100,20,0.8671,high_gas_stress,inter_monsoon,humid_rain,30.85,77.87,219,217,303,366,0.8324,0.593,0.422,approaching,False,4,True
BH-HIG-053-073,HIVE-053,ESP32-1053,2026-05-17T02:00:00,100,18,0.8793,high_gas_stress,inter_monsoon,post_rain,31.2,80.27,202,211,302,353,0.826,0.6118,0.4079,approaching,False,5,True
BH-HIG-053-074,HIVE-053,ESP32-1053,2026-05-17T08:00:00,100,22,0.8871,high_gas_stress,inter_monsoon,stable_clear,32.55,78.29,204,211,293,346,0.818,0.5603,0.4278,approaching,False,4,True
BH-HIG-053-076,HIVE-053,ESP32-1053,2026-05-17T20:00:00,100,25,0.9093,high_gas_stress,inter_monsoon,cloudy_stable,31.56,78.85,180,227,302,335,0.855,0.5469,0.4665,approaching,False,3,True
BH-HIG-053-077,HIVE-053,ESP32-1053,2026-05-18T02:00:00,100,18,0.8873,high_gas_stress,inter_monsoon,cloudy_stable,32.21,77.78,170,216,284,334,0.8409,0.5327,0.4645,approaching,False,3,True
BH-HIG-053-078,HIVE-053,ESP32-1053,2026-05-18T08:00:00,100,28,0.9092,high_gas_stress,inter_monsoon,humid_rain,32.3,79.86,179,206,282,321,0.8043,0.5155,0.4426,approaching,False,3,True
BH-HIG-053-079,HIVE-053,ESP32-1053,2026-05-18T14:00:00,100,22,0.8927,high_gas_stress,inter_monsoon,humid_rain,31.83,79.82,182,210,282,306,0.8221,0.54,0.4452,approaching,False,3,True
BH-HIG-053-080,HIVE-053,ESP32-1053,2026-05-18T20:00:00,100,20,0.8923,high_gas_stress,inter_monsoon,humid_rain,31.79,81.7,196,218,287,325,0.8267,0.5739,0.4302,approaching,False,5,True
BH-HIG-053-081,HIVE-053,ESP32-1053,2026-05-19T02:00:00,100,18,0.8888,high_gas_stress,inter_monsoon,humid_rain,32.24,82.11,197,220,296,349,0.8081,0.6134,0.3923,approaching,False,5,True
BH-HIG-054-000,HIVE-054,ESP32-1054,2026-04-26T16:00:00,109,8,0.8308,high_gas_stress,wet,humid_rain,29.41,80.18,189,197,281,378,0.8121,0.5907,0.4072,approaching,False,5,True
BH-HIG-054-006,HIVE-054,ESP32-1054,2026-04-28T04:00:00,110,12,0.8566,high_gas_stress,wet,storm_front,28.76,86.09,202,220,296,380,0.8218,0.6664,0.3759,approaching,False,5,True
BH-HIG-054-065,HIVE-054,ESP32-1054,2026-05-12T22:00:00,140,45,0.9969,high_gas_stress,wet,cloudy_stable,29.64,80.43,201,208,293,374,0.9327,0.5856,0.5175,approaching,False,5,True
BH-HIG-055-000,HIVE-055,ESP32-1055,2026-04-11T16:00:00,93,10,0.8948,high_gas_stress,wet,humid_rain,29.23,74.63,196,183,264,350,0.8385,0.5007,0.4799,approaching,False,4,True
BH-HIG-055-006,HIVE-055,ESP32-1055,2026-04-13T04:00:00,93,14,0.8947,high_gas_stress,wet,cloudy_stable,29.49,78.2,215,203,280,380,0.8139,0.5843,0.4123,approaching,False,4,True
BH-HIG-055-007,HIVE-055,ESP32-1055,2026-04-13T10:00:00,94,11,0.8958,high_gas_stress,wet,cloudy_stable,29.82,76.94,197,200,278,362,0.8476,0.5447,0.4644,approaching,False,4,True
BH-HIG-055-008,HIVE-055,ESP32-1055,2026-04-13T16:00:00,94,14,0.9099,high_gas_stress,wet,cloudy_stable,29.32,73.93,198,197,267,368,0.848,0.5223,0.4763,approaching,False,4,True
BH-HIG-055-009,HIVE-055,ESP32-1055,2026-04-13T22:00:00,94,12,0.8976,high_gas_stress,wet,cloudy_stable,29.77,74.48,215,208,286,374,0.7999,0.5644,0.4115,approaching,False,4,True
BH-HIG-055-032,HIVE-055,ESP32-1055,2026-04-19T16:00:00,103,19,0.934,high_gas_stress,wet,post_rain,28.79,79.97,230,205,304,378,0.8584,0.6347,0.4241,approaching,False,4,True
BH-HIG-055-033,HIVE-055,ESP32-1055,2026-04-19T22:00:00,104,25,0.9205,high_gas_stress,wet,post_rain,29.14,79.11,224,197,296,367,0.8419,0.5649,0.4486,approaching,False,4,True
BH-HIG-055-034,HIVE-055,ESP32-1055,2026-04-20T04:00:00,104,22,0.9313,high_gas_stress,wet,storm_front,28.71,80.4,223,199,276,379,0.833,0.5829,0.4306,approaching,False,5,True
BH-HIG-055-042,HIVE-055,ESP32-1055,2026-04-22T04:00:00,109,31,0.965,high_gas_stress,wet,humid_rain,28.85,79.52,217,212,279,372,0.8594,0.5844,0.4535,approaching,False,4,True
BH-HIG-055-043,HIVE-055,ESP32-1055,2026-04-22T10:00:00,109,26,0.9381,high_gas_stress,wet,cloudy_stable,28.99,75.95,204,215,263,371,0.8452,0.5213,0.4746,approaching,False,4,True
BH-HIG-055-044,HIVE-055,ESP32-1055,2026-04-22T16:00:00,110,33,0.9716,high_gas_stress,wet,cloudy_stable,29.46,74.73,208,201,255,360,0.8648,0.4891,0.5099,approaching,False,3,True
BH-HIG-055-045,HIVE-055,ESP32-1055,2026-04-22T22:00:00,110,31,0.9647,high_gas_stress,wet,post_rain,29.03,75.97,214,201,272,364,0.9064,0.5587,0.5085,approaching,False,4,True
BH-HIG-055-046,HIVE-055,ESP32-1055,2026-04-23T04:00:00,111,34,0.9376,high_gas_stress,wet,post_rain,28.62,77.1,213,191,272,361,0.8701,0.5573,0.4776,approaching,False,4,True
BH-HIG-055-047,HIVE-055,ESP32-1055,2026-04-23T10:00:00,112,34,0.9436,high_gas_stress,wet,storm_front,28.44,80.69,227,212,296,374,0.8599,0.6129,0.4364,approaching,False,5,True
BH-HIG-055-053,HIVE-055,ESP32-1055,2026-04-24T22:00:00,115,39,0.9646,high_gas_stress,wet,humid_rain,28.57,81.71,225,216,292,378,0.8508,0.661,0.4035,approaching,False,5,True
BH-HIG-055-054,HIVE-055,ESP32-1055,2026-04-25T04:00:00,115,30,0.9696,high_gas_stress,wet,humid_rain,28.9,81.01,213,201,284,374,0.8865,0.6188,0.4581,approaching,False,5,True
BH-HIG-055-055,HIVE-055,ESP32-1055,2026-04-25T10:00:00,116,36,0.9612,high_gas_stress,wet,humid_rain,28.63,82.25,220,201,283,377,0.8704,0.596,0.4568,approaching,False,5,True
BH-HIG-055-056,HIVE-055,ESP32-1055,2026-04-25T16:00:00,116,40,0.9693,high_gas_stress,wet,humid_rain,28.64,80.48,218,200,271,369,0.8748,0.5953,0.4613,approaching,False,5,True
BH-HIG-055-057,HIVE-055,ESP32-1055,2026-04-25T22:00:00,117,32,0.9933,high_gas_stress,wet,humid_rain,28.94,81.16,226,201,276,371,0.8877,0.5783,0.482,approaching,False,5,True
BH-HIG-055-058,HIVE-055,ESP32-1055,2026-04-26T04:00:00,117,34,0.9883,high_gas_stress,wet,humid_rain,28.99,80.54,222,195,271,374,0.8665,0.615,0.4436,approaching,False,5,True
BH-HIG-055-073,HIVE-055,ESP32-1055,2026-04-29T22:00:00,122,42,1.0,high_gas_stress,wet,humid_rain,28.43,79.63,221,205,288,380,0.9149,0.5855,0.5011,approaching,False,4,True
BH-HIG-055-080,HIVE-055,ESP32-1055,2026-05-01T16:00:00,123,44,0.9877,high_gas_stress,wet,cloudy_stable,29.03,76.53,220,192,302,362,0.9017,0.597,0.4808,approaching,False,4,True
BH-HIG-056-000,HIVE-056,ESP32-1056,2026-04-22T12:00:00,109,17,0.8816,high_gas_stress,inter_monsoon,stable_clear,31.48,70.16,188,209,266,339,0.8611,0.5218,0.4882,approaching,False,4,True
BH-HIG-056-001,HIVE-056,ESP32-1056,2026-04-22T18:00:00,109,12,0.8574,high_gas_stress,inter_monsoon,humid_rain,31.69,76.03,215,232,297,375,0.7918,0.5685,0.3992,approaching,False,4,True
BH-HIG-056-004,HIVE-056,ESP32-1056,2026-04-23T12:00:00,109,10,0.8841,high_gas_stress,inter_monsoon,humid_rain,32.04,76.16,213,237,313,377,0.8143,0.5981,0.4021,approaching,False,4,True
BH-HIG-056-005,HIVE-056,ESP32-1056,2026-04-23T18:00:00,109,13,0.8473,high_gas_stress,inter_monsoon,humid_rain,31.56,77.82,205,232,298,376,0.8462,0.5662,0.451,approaching,False,4,True
BH-HIG-056-006,HIVE-056,ESP32-1056,2026-04-24T00:00:00,109,11,0.8703,high_gas_stress,inter_monsoon,humid_rain,31.5,76.45,220,233,287,373,0.8509,0.5519,0.464,approaching,False,4,True
BH-HIG-056-007,HIVE-056,ESP32-1056,2026-04-24T06:00:00,109,10,0.8609,high_gas_stress,inter_monsoon,humid_rain,30.98,78.39,220,242,290,369,0.7934,0.578,0.3981,approaching,False,4,True
BH-HIG-056-008,HIVE-056,ESP32-1056,2026-04-24T12:00:00,109,14,0.8759,high_gas_stress,inter_monsoon,humid_rain,31.15,78.66,212,230,288,360,0.8063,0.5586,0.4213,approaching,False,4,True
BH-HIG-056-009,HIVE-056,ESP32-1056,2026-04-24T18:00:00,110,13,0.8857,high_gas_stress,inter_monsoon,cloudy_stable,31.48,75.77,204,227,270,354,0.8136,0.539,0.437,approaching,False,4,True
BH-HIG-056-010,HIVE-056,ESP32-1056,2026-04-25T00:00:00,110,11,0.8579,high_gas_stress,inter_monsoon,cloudy_stable,31.19,74.32,198,225,261,370,0.8192,0.5282,0.4487,approaching,False,4,True
BH-HIG-056-011,HIVE-056,ESP32-1056,2026-04-25T06:00:00,110,16,0.8617,high_gas_stress,inter_monsoon,cloudy_stable,31.26,73.78,198,228,262,361,0.8325,0.5636,0.442,approaching,False,4,True
BH-HIG-056-012,HIVE-056,ESP32-1056,2026-04-25T12:00:00,110,15,0.8666,high_gas_stress,inter_monsoon,cloudy_stable,31.49,74.15,198,225,272,349,0.8382,0.5639,0.4465,approaching,False,4,True
BH-HIG-056-013,HIVE-056,ESP32-1056,2026-04-25T18:00:00,110,9,0.8545,high_gas_stress,inter_monsoon,cloudy_stable,31.85,73.77,193,225,256,358,0.7952,0.5242,0.4302,approaching,False,3,True
BH-HIG-056-014,HIVE-056,ESP32-1056,2026-04-26T00:00:00,110,9,0.8703,high_gas_stress,inter_monsoon,cloudy_stable,31.68,74.42,200,221,258,349,0.864,0.5397,0.4824,approaching,False,3,True
BH-HIG-056-015,HIVE-056,ESP32-1056,2026-04-26T06:00:00,111,10,0.8857,high_gas_stress,inter_monsoon,stable_clear,32.34,73.14,205,226,271,344,0.8661,0.5799,0.4608,approaching,False,4,True
BH-HIG-056-016,HIVE-056,ESP32-1056,2026-04-26T12:00:00,111,12,0.894,high_gas_stress,inter_monsoon,stable_clear,32.27,71.44,206,219,265,359,0.8705,0.5317,0.4922,approaching,False,4,True
BH-HIG-056-017,HIVE-056,ESP32-1056,2026-04-26T18:00:00,111,12,0.8773,high_gas_stress,inter_monsoon,stable_clear,32.18,70.87,201,217,266,362,0.8205,0.5702,0.4278,approaching,False,4,True
BH-HIG-056-018,HIVE-056,ESP32-1056,2026-04-27T00:00:00,111,20,0.8707,high_gas_stress,inter_monsoon,cloudy_stable,31.98,73.0,197,228,276,356,0.8508,0.5677,0.4545,approaching,False,4,True
BH-HIG-056-019,HIVE-056,ESP32-1056,2026-04-27T06:00:00,111,20,0.8627,high_gas_stress,inter_monsoon,cloudy_stable,31.56,73.39,204,228,279,366,0.8516,0.534,0.4743,approaching,False,4,True
BH-HIG-056-020,HIVE-056,ESP32-1056,2026-04-27T12:00:00,112,21,0.9034,high_gas_stress,inter_monsoon,cloudy_stable,31.6,74.0,200,231,279,357,0.8765,0.5275,0.5007,approaching,False,4,True
BH-HIG-056-021,HIVE-056,ESP32-1056,2026-04-27T18:00:00,112,13,0.8994,high_gas_stress,inter_monsoon,cloudy_stable,32.65,74.8,207,238,299,365,0.8594,0.6263,0.4287,approaching,False,4,True
BH-HIG-056-022,HIVE-056,ESP32-1056,2026-04-28T00:00:00,112,15,0.8879,high_gas_stress,inter_monsoon,cloudy_stable,32.82,75.7,208,239,298,367,0.8356,0.6399,0.4025,approaching,False,4,True
BH-HIG-056-023,HIVE-056,ESP32-1056,2026-04-28T06:00:00,112,14,0.8809,high_gas_stress,inter_monsoon,cloudy_stable,32.75,76.88,209,242,299,372,0.8267,0.6298,0.4003,approaching,False,4,True
BH-HIG-056-024,HIVE-056,ESP32-1056,2026-04-28T12:00:00,113,18,0.9012,high_gas_stress,inter_monsoon,cloudy_stable,32.43,75.47,204,227,281,355,0.8493,0.5593,0.4576,approaching,False,4,True
BH-HIG-056-025,HIVE-056,ESP32-1056,2026-04-28T18:00:00,113,20,0.901,high_gas_stress,inter_monsoon,stable_clear,32.09,73.46,201,223,266,352,0.8176,0.5212,0.4508,approaching,False,4,True
BH-HIG-056-026,HIVE-056,ESP32-1056,2026-04-29T00:00:00,113,17,0.8997,high_gas_stress,inter_monsoon,stable_clear,32.28,72.17,201,227,276,357,0.8812,0.5761,0.4774,approaching,False,4,True
BH-HIG-056-027,HIVE-056,ESP32-1056,2026-04-29T06:00:00,113,17,0.902,high_gas_stress,inter_monsoon,stable_clear,31.84,72.16,193,215,276,347,0.8593,0.5142,0.492,approaching,False,4,True
BH-HIG-056-028,HIVE-056,ESP32-1056,2026-04-29T12:00:00,114,22,0.9103,high_gas_stress,inter_monsoon,stable_clear,32.17,71.75,193,220,276,356,0.8693,0.5333,0.4906,approaching,False,4,True
BH-HIG-056-029,HIVE-056,ESP32-1056,2026-04-29T18:00:00,114,16,0.8848,high_gas_stress,inter_monsoon,stable_clear,32.3,71.41,194,218,262,343,0.8176,0.5373,0.4432,approaching,False,4,True
BH-HIG-056-030,HIVE-056,ESP32-1056,2026-04-30T00:00:00,114,18,0.9089,high_gas_stress,inter_monsoon,stable_clear,32.29,72.32,199,223,273,344,0.8655,0.5204,0.4946,approaching,False,4,True
BH-HIG-056-031,HIVE-056,ESP32-1056,2026-04-30T06:00:00,115,23,0.9166,high_gas_stress,inter_monsoon,stable_clear,32.61,72.77,203,222,278,355,0.8619,0.5952,0.45,approaching,False,4,True
BH-HIG-056-032,HIVE-056,ESP32-1056,2026-04-30T12:00:00,115,22,0.8964,high_gas_stress,inter_monsoon,stable_clear,32.19,71.87,208,224,277,352,0.8795,0.5394,0.4958,approaching,False,4,True
BH-HIG-056-033,HIVE-056,ESP32-1056,2026-04-30T18:00:00,115,19,0.9241,high_gas_stress,inter_monsoon,stable_clear,31.94,70.6,205,231,259,350,0.8936,0.5575,0.4982,approaching,False,3,True
BH-HIG-056-034,HIVE-056,ESP32-1056,2026-05-01T00:00:00,115,22,0.8995,high_gas_stress,inter_monsoon,stable_clear,32.21,73.31,212,241,273,363,0.8177,0.5529,0.433,approaching,False,4,True
BH-HIG-056-035,HIVE-056,ESP32-1056,2026-05-01T06:00:00,116,15,0.914,high_gas_stress,inter_monsoon,stable_clear,32.15,74.47,219,249,292,376,0.8588,0.5966,0.4463,approaching,False,4,True
BH-HIG-056-036,HIVE-056,ESP32-1056,2026-05-01T12:00:00,116,24,0.9172,high_gas_stress,inter_monsoon,stable_clear,32.82,73.26,228,241,303,379,0.8817,0.6729,0.4234,approaching,False,4,True
BH-HIG-056-040,HIVE-056,ESP32-1056,2026-05-02T12:00:00,117,25,0.927,high_gas_stress,inter_monsoon,humid_rain,31.94,75.84,210,229,291,374,0.88,0.6015,0.4603,approaching,False,4,True
BH-HIG-056-047,HIVE-056,ESP32-1056,2026-05-04T06:00:00,120,27,0.9333,high_gas_stress,inter_monsoon,stable_clear,32.34,71.91,196,220,292,370,0.906,0.571,0.5013,approaching,False,4,True
BH-HIG-056-048,HIVE-056,ESP32-1056,2026-05-04T12:00:00,120,28,0.9603,high_gas_stress,inter_monsoon,stable_clear,32.47,72.28,198,212,294,354,0.9207,0.5621,0.5202,approaching,False,4,True
BH-HIG-056-049,HIVE-056,ESP32-1056,2026-05-04T18:00:00,120,23,0.9705,high_gas_stress,inter_monsoon,humid_rain,31.44,76.08,199,224,297,362,0.8762,0.5454,0.4868,approaching,False,4,True
BH-HIG-056-050,HIVE-056,ESP32-1056,2026-05-05T00:00:00,120,28,0.9702,high_gas_stress,inter_monsoon,humid_rain,31.33,77.31,206,233,288,372,0.8823,0.5546,0.4901,approaching,False,4,True
BH-HIG-056-051,HIVE-056,ESP32-1056,2026-05-05T06:00:00,121,21,0.968,high_gas_stress,inter_monsoon,humid_rain,31.19,78.69,210,240,285,370,0.8666,0.5838,0.4603,approaching,False,4,True
BH-HIG-056-052,HIVE-056,ESP32-1056,2026-05-05T12:00:00,121,29,0.9655,high_gas_stress,inter_monsoon,humid_rain,31.63,78.51,213,232,283,363,0.9119,0.5839,0.5,approaching,False,4,True
BH-HIG-056-053,HIVE-056,ESP32-1056,2026-05-05T18:00:00,121,21,0.957,high_gas_stress,inter_monsoon,humid_rain,31.24,79.31,211,240,292,368,0.8901,0.5948,0.4746,approaching,False,4,True
BH-HIG-056-054,HIVE-056,ESP32-1056,2026-05-06T00:00:00,122,28,0.9734,high_gas_stress,inter_monsoon,stable_clear,31.8,74.75,205,236,284,353,0.9189,0.5749,0.5087,approaching,False,4,True
BH-HIG-056-055,HIVE-056,ESP32-1056,2026-05-06T06:00:00,122,28,0.9665,high_gas_stress,inter_monsoon,stable_clear,32.12,72.27,198,223,277,356,0.9164,0.534,0.5304,approaching,False,4,True
BH-HIG-056-061,HIVE-056,ESP32-1056,2026-05-07T18:00:00,123,25,0.9867,high_gas_stress,inter_monsoon,stable_clear,32.36,73.49,209,228,288,368,0.9196,0.5706,0.5114,approaching,False,4,True
BH-HIG-056-062,HIVE-056,ESP32-1056,2026-05-08T00:00:00,124,32,0.9626,high_gas_stress,inter_monsoon,stable_clear,32.86,73.28,213,235,274,376,0.8969,0.6358,0.458,approaching,False,4,True
BH-HIG-056-064,HIVE-056,ESP32-1056,2026-05-08T12:00:00,124,26,0.9833,high_gas_stress,inter_monsoon,stable_clear,33.03,72.72,222,237,286,370,0.9098,0.6148,0.481,approaching,False,4,True
BH-HIG-056-065,HIVE-056,ESP32-1056,2026-05-08T18:00:00,124,26,0.9885,high_gas_stress,inter_monsoon,stable_clear,32.76,72.79,207,228,284,365,0.8987,0.6031,0.478,approaching,False,4,True
BH-HIG-056-066,HIVE-056,ESP32-1056,2026-05-09T00:00:00,124,28,0.9803,high_gas_stress,inter_monsoon,post_rain,31.63,74.65,211,231,269,371,0.8713,0.5581,0.4763,approaching,False,4,True
BH-HIG-056-067,HIVE-056,ESP32-1056,2026-05-09T06:00:00,125,24,1.0,high_gas_stress,inter_monsoon,humid_rain,31.39,77.83,206,243,286,377,0.8785,0.5936,0.4641,approaching,False,4,True
BH-HIG-056-068,HIVE-056,ESP32-1056,2026-05-09T12:00:00,125,34,0.9788,high_gas_stress,inter_monsoon,humid_rain,31.54,78.27,207,242,289,374,0.874,0.5875,0.4654,approaching,False,4,True
BH-HIG-056-077,HIVE-056,ESP32-1056,2026-05-11T18:00:00,126,26,1.0,high_gas_stress,inter_monsoon,stable_clear,31.42,67.82,219,243,280,377,0.8928,0.5839,0.4797,approaching,False,4,True
BH-HIG-056-078,HIVE-056,ESP32-1056,2026-05-12T00:00:00,126,30,1.0,high_gas_stress,inter_monsoon,cloudy_stable,32.45,73.19,229,239,289,374,0.9216,0.5967,0.4978,approaching,False,4,True
BH-HIG-056-079,HIVE-056,ESP32-1056,2026-05-12T06:00:00,126,26,0.9907,high_gas_stress,inter_monsoon,cloudy_stable,32.35,74.04,227,238,290,360,0.9445,0.5835,0.5295,approaching,False,4,True
BH-HIG-056-081,HIVE-056,ESP32-1056,2026-05-12T18:00:00,126,32,1.0,high_gas_stress,inter_monsoon,cloudy_stable,32.18,73.25,214,226,283,358,0.8952,0.5687,0.4921,approaching,False,4,True
BH-HIG-057-000,HIVE-057,ESP32-1057,2026-03-15T16:00:00,95,18,0.8059,high_gas_stress,wet,cloudy_stable,31.73,70.08,219,203,288,368,0.7766,0.5403,0.4036,approaching,False,4,True
BH-HIG-057-008,HIVE-057,ESP32-1057,2026-03-17T16:00:00,96,12,0.7955,high_gas_stress,wet,post_rain,31.16,78.43,223,195,304,379,0.7878,0.5621,0.4033,approaching,False,4,True
BH-HIG-057-009,HIVE-057,ESP32-1057,2026-03-17T22:00:00,96,13,0.8095,high_gas_stress,wet,post_rain,31.04,78.07,230,204,298,369,0.7573,0.5504,0.3828,approaching,False,4,True
BH-HIG-057-010,HIVE-057,ESP32-1057,2026-03-18T04:00:00,96,18,0.7966,high_gas_stress,wet,humid_rain,31.39,77.93,229,202,299,374,0.8083,0.5432,0.4316,approaching,False,4,True
BH-HIG-057-011,HIVE-057,ESP32-1057,2026-03-18T10:00:00,96,18,0.7966,high_gas_stress,wet,humid_rain,31.24,78.78,228,210,303,372,0.8007,0.5928,0.3976,approaching,False,4,True
BH-HIG-057-012,HIVE-057,ESP32-1057,2026-03-18T16:00:00,96,19,0.7924,high_gas_stress,wet,storm_front,30.63,78.17,236,212,299,362,0.7903,0.5823,0.3934,approaching,False,4,True
BH-HIG-057-013,HIVE-057,ESP32-1057,2026-03-18T22:00:00,97,16,0.81,high_gas_stress,wet,storm_front,30.58,79.29,235,220,293,372,0.788,0.6074,0.3783,approaching,False,4,True
BH-HIG-057-014,HIVE-057,ESP32-1057,2026-03-19T04:00:00,97,20,0.8241,high_gas_stress,wet,storm_front,30.28,78.72,227,214,289,374,0.7941,0.565,0.4068,approaching,False,4,True
BH-HIG-057-016,HIVE-057,ESP32-1057,2026-03-19T16:00:00,97,10,0.8121,high_gas_stress,wet,post_rain,31.29,77.83,227,202,297,375,0.7656,0.556,0.3854,approaching,False,4,True
BH-HIG-057-018,HIVE-057,ESP32-1057,2026-03-20T04:00:00,98,17,0.841,high_gas_stress,wet,humid_rain,30.96,78.17,239,207,309,377,0.823,0.5583,0.4362,approaching,False,4,True
BH-HIG-057-024,HIVE-057,ESP32-1057,2026-03-21T16:00:00,100,22,0.8527,high_gas_stress,wet,humid_rain,31.0,78.79,223,204,296,379,0.8335,0.5668,0.4394,approaching,False,4,True
BH-HIG-057-025,HIVE-057,ESP32-1057,2026-03-21T22:00:00,100,13,0.8379,high_gas_stress,wet,humid_rain,31.44,77.92,226,213,287,372,0.7978,0.5766,0.4032,approaching,False,4,True
BH-HIG-057-053,HIVE-057,ESP32-1057,2026-03-28T22:00:00,112,29,0.9624,high_gas_stress,wet,humid_rain,31.31,76.96,227,196,305,380,0.872,0.5758,0.4676,approaching,False,4,True
BH-HIG-057-054,HIVE-057,ESP32-1057,2026-03-29T04:00:00,113,31,0.9647,high_gas_stress,wet,humid_rain,31.03,78.65,232,194,301,380,0.8714,0.569,0.4723,approaching,False,4,True
BH-HIG-057-057,HIVE-057,ESP32-1057,2026-03-29T22:00:00,114,34,0.9467,high_gas_stress,wet,humid_rain,31.89,79.86,233,206,300,375,0.8588,0.5784,0.4566,approaching,False,4,True
BH-HIG-057-058,HIVE-057,ESP32-1057,2026-03-30T04:00:00,114,33,0.9754,high_gas_stress,wet,post_rain,31.31,77.4,230,207,304,365,0.8551,0.5782,0.4519,approaching,False,4,True
BH-HIG-057-059,HIVE-057,ESP32-1057,2026-03-30T10:00:00,115,36,0.9567,high_gas_stress,wet,humid_rain,30.84,76.75,237,213,304,370,0.8471,0.5666,0.4523,approaching,False,4,True
BH-HIG-057-061,HIVE-057,ESP32-1057,2026-03-30T22:00:00,115,31,0.9699,high_gas_stress,wet,storm_front,30.7,78.76,234,210,304,374,0.8921,0.6037,0.4714,approaching,False,4,True
BH-HIG-057-064,HIVE-057,ESP32-1057,2026-03-31T16:00:00,116,34,0.9878,high_gas_stress,wet,post_rain,31.7,76.18,225,207,302,368,0.8662,0.5606,0.473,approaching,False,4,True
BH-HIG-057-072,HIVE-057,ESP32-1057,2026-04-02T16:00:00,118,35,0.9947,high_gas_stress,wet,storm_front,30.01,79.47,229,214,310,377,0.9031,0.5998,0.4833,approaching,False,4,True
BH-HIG-057-073,HIVE-057,ESP32-1057,2026-04-02T22:00:00,118,33,1.0,high_gas_stress,wet,storm_front,30.44,80.19,233,210,302,375,0.9096,0.6303,0.4723,approaching,False,5,True
BH-HIG-058-000,HIVE-058,ESP32-1058,2026-01-16T04:00:00,85,10,0.9792,high_gas_stress,wet,storm_front,31.28,75.08,175,162,295,331,0.8647,0.3186,0.6631,nearly_ready,False,2,False
BH-HIG-058-001,HIVE-058,ESP32-1058,2026-01-16T10:00:00,85,10,0.9835,high_gas_stress,wet,storm_front,31.21,76.98,181,176,316,339,0.8214,0.4725,0.4812,approaching,False,3,True
BH-HIG-058-002,HIVE-058,ESP32-1058,2026-01-16T16:00:00,85,9,1.0,high_gas_stress,wet,storm_front,31.15,78.52,186,183,311,342,0.8733,0.5239,0.4992,approaching,False,4,True
BH-HIG-058-003,HIVE-058,ESP32-1058,2026-01-16T22:00:00,85,18,0.9792,high_gas_stress,wet,storm_front,31.01,79.68,190,178,314,356,0.8183,0.5326,0.446,approaching,False,3,True
BH-HIG-058-005,HIVE-058,ESP32-1058,2026-01-17T10:00:00,85,12,0.9955,high_gas_stress,wet,storm_front,30.6,80.13,193,173,314,353,0.8355,0.5333,0.4611,approaching,False,4,True
BH-HIG-058-022,HIVE-058,ESP32-1058,2026-01-21T16:00:00,90,18,0.9958,high_gas_stress,wet,humid_rain,30.79,80.43,200,186,315,346,0.8937,0.5633,0.496,approaching,False,5,True
BH-HIG-058-023,HIVE-058,ESP32-1058,2026-01-21T22:00:00,90,21,0.9932,high_gas_stress,wet,humid_rain,31.18,79.36,196,192,308,353,0.8706,0.5906,0.4596,approaching,False,4,True
BH-HIG-058-030,HIVE-058,ESP32-1058,2026-01-23T16:00:00,93,19,0.9904,high_gas_stress,wet,post_rain,31.66,79.84,203,200,317,356,0.8921,0.6179,0.4622,approaching,False,4,True
BH-HIG-058-037,HIVE-058,ESP32-1058,2026-01-25T10:00:00,96,27,1.0,high_gas_stress,wet,humid_rain,31.86,79.41,186,196,316,363,0.8867,0.5463,0.4984,approaching,False,4,True
BH-HIG-058-038,HIVE-058,ESP32-1058,2026-01-25T16:00:00,96,24,0.9833,high_gas_stress,wet,humid_rain,31.43,79.39,181,188,318,365,0.8905,0.5831,0.4818,approaching,False,4,True
BH-HIG-058-039,HIVE-058,ESP32-1058,2026-01-25T22:00:00,97,22,1.0,high_gas_stress,wet,humid_rain,30.92,80.59,183,192,317,359,0.8464,0.565,0.4523,approaching,False,5,True
BH-HIG-058-052,HIVE-058,ESP32-1058,2026-01-29T04:00:00,103,35,0.9907,high_gas_stress,wet,cloudy_stable,31.5,78.05,189,184,320,326,0.8807,0.5512,0.4876,approaching,False,4,True
BH-HIG-058-053,HIVE-058,ESP32-1058,2026-01-29T10:00:00,103,26,1.0,high_gas_stress,wet,humid_rain,31.81,80.0,195,179,311,341,0.8806,0.5241,0.5047,approaching,False,3,True
BH-HIG-058-059,HIVE-058,ESP32-1058,2026-01-30T22:00:00,105,30,0.9898,high_gas_stress,wet,storm_front,30.71,81.04,206,194,315,355,0.9043,0.6011,0.4844,approaching,False,5,True
BH-HIG-058-062,HIVE-058,ESP32-1058,2026-01-31T16:00:00,107,33,0.998,high_gas_stress,wet,post_rain,31.64,80.18,185,185,309,341,0.9203,0.5459,0.5286,approaching,False,5,True
BH-HIG-058-063,HIVE-058,ESP32-1058,2026-01-31T22:00:00,107,38,0.9892,high_gas_stress,wet,post_rain,31.98,78.63,185,180,308,344,0.8979,0.5433,0.5097,approaching,False,4,True
BH-HIG-058-064,HIVE-058,ESP32-1058,2026-02-01T04:00:00,107,34,0.9815,high_gas_stress,wet,post_rain,31.7,80.21,185,182,317,359,0.8733,0.5447,0.4873,approaching,False,5,True
BH-HIG-058-065,HIVE-058,ESP32-1058,2026-02-01T10:00:00,107,40,1.0,high_gas_stress,wet,post_rain,31.52,79.59,181,182,315,348,0.8593,0.5443,0.4759,approaching,False,4,True
BH-HIG-058-066,HIVE-058,ESP32-1058,2026-02-01T16:00:00,108,41,1.0,high_gas_stress,wet,post_rain,31.68,79.62,193,194,317,352,0.905,0.549,0.5135,approaching,False,4,True
BH-HIG-058-067,HIVE-058,ESP32-1058,2026-02-01T22:00:00,108,41,1.0,high_gas_stress,wet,humid_rain,31.8,80.87,198,207,319,367,0.9206,0.5816,0.5089,approaching,False,5,True
BH-HIG-058-076,HIVE-058,ESP32-1058,2026-02-04T04:00:00,110,34,1.0,high_gas_stress,wet,post_rain,31.32,79.5,203,198,316,351,0.8824,0.5695,0.4812,approaching,False,4,True
BH-HIG-058-080,HIVE-058,ESP32-1058,2026-02-05T04:00:00,110,38,0.9804,high_gas_stress,wet,cloudy_stable,31.69,79.02,194,189,317,362,0.8791,0.5333,0.4977,approaching,False,4,True
BH-ENV-059-000,HIVE-059,ESP32-1059,2026-01-03T12:00:00,121,9,0.4313,environmentally_unstable,inter_monsoon,humid_rain,31.59,79.15,189,184,172,328,0.5631,0.4558,0.2617,not_ready,False,3,True
BH-ENV-059-001,HIVE-059,ESP32-1059,2026-01-03T18:00:00,121,14,0.4161,environmentally_unstable,inter_monsoon,stable_clear,31.83,77.34,184,182,172,331,0.5425,0.3902,0.2813,not_ready,False,3,True
BH-ENV-059-002,HIVE-059,ESP32-1059,2026-01-04T00:00:00,121,10,0.4249,environmentally_unstable,inter_monsoon,stable_clear,32.84,80.56,187,190,181,343,0.5548,0.5415,0.2064,not_ready,False,4,True
BH-ENV-059-003,HIVE-059,ESP32-1059,2026-01-04T06:00:00,121,15,0.4033,environmentally_unstable,inter_monsoon,stable_clear,32.28,83.95,188,183,189,341,0.5761,0.5309,0.2321,not_ready,False,4,True
BH-ENV-059-004,HIVE-059,ESP32-1059,2026-01-04T12:00:00,121,12,0.41,environmentally_unstable,inter_monsoon,stable_clear,32.2,85.04,188,176,176,333,0.5831,0.5093,0.2519,not_ready,False,3,True
BH-ENV-059-005,HIVE-059,ESP32-1059,2026-01-04T18:00:00,121,13,0.4298,environmentally_unstable,inter_monsoon,stable_clear,32.28,84.37,192,178,177,342,0.5751,0.4933,0.2541,not_ready,False,3,True
BH-ENV-059-006,HIVE-059,ESP32-1059,2026-01-05T00:00:00,121,10,0.4176,environmentally_unstable,inter_monsoon,post_rain,32.2,87.36,184,192,188,359,0.5462,0.5687,0.1856,not_ready,False,4,True
BH-ENV-059-007,HIVE-059,ESP32-1059,2026-01-05T06:00:00,121,14,0.4412,environmentally_unstable,inter_monsoon,cloudy_stable,32.39,87.94,183,195,195,348,0.5968,0.6279,0.1989,not_ready,False,4,True
BH-ENV-059-008,HIVE-059,ESP32-1059,2026-01-05T12:00:00,121,18,0.4365,environmentally_unstable,inter_monsoon,cloudy_stable,32.53,81.86,172,190,196,336,0.5967,0.4669,0.2847,not_ready,False,3,True
BH-ENV-059-009,HIVE-059,ESP32-1059,2026-01-05T18:00:00,122,19,0.4319,environmentally_unstable,inter_monsoon,cloudy_stable,32.49,78.9,179,182,181,329,0.5896,0.3028,0.4303,approaching,False,2,False
BH-ENV-059-010,HIVE-059,ESP32-1059,2026-01-06T00:00:00,122,17,0.4104,environmentally_unstable,inter_monsoon,midday_heat,33.57,75.51,192,191,200,345,0.546,0.5451,0.1961,not_ready,False,4,True
BH-ENV-059-011,HIVE-059,ESP32-1059,2026-01-06T06:00:00,122,9,0.4464,environmentally_unstable,inter_monsoon,midday_heat,33.47,74.64,187,189,182,338,0.5622,0.506,0.2354,not_ready,False,3,True
BH-ENV-059-012,HIVE-059,ESP32-1059,2026-01-06T12:00:00,122,12,0.4475,environmentally_unstable,inter_monsoon,midday_heat,35.1,74.42,206,203,205,351,0.6043,0.6719,0.1778,not_ready,False,4,True
BH-ENV-059-013,HIVE-059,ESP32-1059,2026-01-06T18:00:00,122,13,0.4513,environmentally_unstable,inter_monsoon,midday_heat,36.07,74.14,199,203,204,371,0.5882,0.767,0.1133,not_ready,False,4,True
BH-ENV-059-014,HIVE-059,ESP32-1059,2026-01-07T00:00:00,122,15,0.4535,environmentally_unstable,inter_monsoon,stable_clear,35.37,75.0,190,203,213,355,0.5625,0.6861,0.1354,not_ready,False,4,True
BH-ENV-059-019,HIVE-059,ESP32-1059,2026-01-08T06:00:00,123,20,0.4588,environmentally_unstable,inter_monsoon,post_rain,31.36,82.17,197,187,202,357,0.5475,0.5522,0.1941,not_ready,False,4,True
BH-ENV-059-020,HIVE-059,ESP32-1059,2026-01-08T12:00:00,124,11,0.4713,environmentally_unstable,inter_monsoon,post_rain,31.55,82.1,189,190,194,341,0.6077,0.4848,0.2872,not_ready,False,4,True
BH-ENV-059-022,HIVE-059,ESP32-1059,2026-01-09T00:00:00,124,20,0.4475,environmentally_unstable,inter_monsoon,humid_rain,31.66,80.02,179,199,180,349,0.5956,0.4997,0.2644,not_ready,False,3,True
BH-ENV-059-023,HIVE-059,ESP32-1059,2026-01-09T06:00:00,124,16,0.4566,environmentally_unstable,inter_monsoon,humid_rain,32.91,79.29,200,218,205,371,0.5483,0.5236,0.2103,not_ready,False,3,True
BH-ENV-059-025,HIVE-059,ESP32-1059,2026-01-09T18:00:00,125,12,0.4498,environmentally_unstable,inter_monsoon,stable_clear,33.19,77.63,197,193,197,362,0.5749,0.4869,0.2556,not_ready,False,3,True
BH-ENV-059-026,HIVE-059,ESP32-1059,2026-01-10T00:00:00,125,22,0.4518,environmentally_unstable,inter_monsoon,humid_rain,32.49,80.58,186,197,184,332,0.5821,0.5242,0.2404,not_ready,False,4,True
BH-ENV-059-027,HIVE-059,ESP32-1059,2026-01-10T06:00:00,126,15,0.4812,environmentally_unstable,inter_monsoon,humid_rain,32.59,80.32,208,219,204,375,0.6284,0.568,0.2587,not_ready,False,4,True
BH-ENV-059-028,HIVE-059,ESP32-1059,2026-01-10T12:00:00,126,18,0.4845,environmentally_unstable,inter_monsoon,humid_rain,32.74,79.75,221,223,218,372,0.5974,0.5078,0.2653,not_ready,False,3,True
BH-ENV-059-029,HIVE-059,ESP32-1059,2026-01-10T18:00:00,126,17,0.4629,environmentally_unstable,inter_monsoon,storm_front,31.66,81.72,193,206,198,339,0.6117,0.5168,0.2694,not_ready,False,4,True
BH-ENV-059-030,HIVE-059,ESP32-1059,2026-01-11T00:00:00,127,23,0.4851,environmentally_unstable,inter_monsoon,storm_front,30.93,81.04,188,202,190,347,0.6116,0.5215,0.2692,not_ready,False,4,True
BH-ENV-059-031,HIVE-059,ESP32-1059,2026-01-11T06:00:00,127,20,0.4846,environmentally_unstable,inter_monsoon,post_rain,30.78,81.82,196,203,197,337,0.6418,0.5186,0.2985,not_ready,False,4,True
BH-ENV-059-032,HIVE-059,ESP32-1059,2026-01-11T12:00:00,127,14,0.4807,environmentally_unstable,inter_monsoon,post_rain,31.33,82.12,177,185,185,330,0.5752,0.4468,0.2782,not_ready,False,3,True
BH-ENV-059-036,HIVE-059,ESP32-1059,2026-01-12T12:00:00,129,24,0.5054,environmentally_unstable,inter_monsoon,humid_rain,32.49,79.22,210,204,210,377,0.6541,0.4659,0.3372,not_ready,False,3,True
BH-ENV-059-038,HIVE-059,ESP32-1059,2026-01-13T00:00:00,129,17,0.5076,environmentally_unstable,inter_monsoon,humid_rain,32.27,81.65,198,204,204,365,0.6025,0.5525,0.2433,not_ready,False,4,True
BH-ENV-059-039,HIVE-059,ESP32-1059,2026-01-13T06:00:00,130,23,0.5326,environmentally_unstable,inter_monsoon,stable_clear,33.17,75.83,180,198,190,343,0.6025,0.5354,0.2503,not_ready,False,3,True
BH-ENV-059-040,HIVE-059,ESP32-1059,2026-01-13T12:00:00,130,18,0.5127,environmentally_unstable,inter_monsoon,stable_clear,32.58,76.24,182,189,176,344,0.5961,0.4654,0.2868,not_ready,False,3,True
BH-ENV-059-041,HIVE-059,ESP32-1059,2026-01-13T18:00:00,130,21,0.5235,environmentally_unstable,inter_monsoon,midday_heat,35.41,71.77,204,217,205,361,0.5914,0.7806,0.1017,not_ready,False,4,True
BH-ENV-059-043,HIVE-059,ESP32-1059,2026-01-14T06:00:00,131,21,0.5354,environmentally_unstable,inter_monsoon,stable_clear,34.07,72.59,188,204,195,356,0.5936,0.5882,0.2119,not_ready,False,4,True
BH-ENV-059-044,HIVE-059,ESP32-1059,2026-01-14T12:00:00,131,27,0.5382,environmentally_unstable,inter_monsoon,stable_clear,33.77,73.66,190,196,192,341,0.6578,0.582,0.2772,not_ready,False,4,True
BH-ENV-059-045,HIVE-059,ESP32-1059,2026-01-14T18:00:00,132,21,0.5512,environmentally_unstable,inter_monsoon,stable_clear,33.79,74.6,197,197,172,328,0.6784,0.5652,0.305,not_ready,False,4,True
BH-ENV-059-046,HIVE-059,ESP32-1059,2026-01-15T00:00:00,132,24,0.5466,environmentally_unstable,inter_monsoon,stable_clear,32.94,73.97,186,182,165,343,0.6238,0.4445,0.3217,not_ready,False,3,True
BH-ENV-059-047,HIVE-059,ESP32-1059,2026-01-15T06:00:00,132,21,0.543,environmentally_unstable,inter_monsoon,stable_clear,33.75,78.62,188,197,182,351,0.6301,0.5878,0.2467,not_ready,False,4,True
BH-ENV-059-048,HIVE-059,ESP32-1059,2026-01-15T12:00:00,133,28,0.5649,environmentally_unstable,inter_monsoon,humid_rain,33.26,84.8,201,205,198,358,0.6158,0.6574,0.1958,not_ready,False,4,True
BH-ENV-059-049,HIVE-059,ESP32-1059,2026-01-15T18:00:00,133,21,0.5768,environmentally_unstable,inter_monsoon,storm_front,33.15,88.88,203,218,196,370,0.6717,0.7162,0.2146,not_ready,False,4,True
BH-ENV-059-050,HIVE-059,ESP32-1059,2026-01-16T00:00:00,133,26,0.5726,environmentally_unstable,inter_monsoon,post_rain,33.11,89.11,218,212,192,376,0.6541,0.7302,0.1932,not_ready,False,4,True
BH-ENV-059-051,HIVE-059,ESP32-1059,2026-01-16T06:00:00,134,23,0.5457,environmentally_unstable,inter_monsoon,stable_clear,34.59,83.81,209,201,196,362,0.6606,0.7341,0.1915,not_ready,False,5,True
BH-ENV-059-053,HIVE-059,ESP32-1059,2026-01-16T18:00:00,134,24,0.5547,environmentally_unstable,inter_monsoon,stable_clear,35.19,76.47,190,194,180,345,0.6455,0.7074,0.191,not_ready,False,4,True
BH-ENV-059-054,HIVE-059,ESP32-1059,2026-01-17T00:00:00,135,24,0.5836,environmentally_unstable,inter_monsoon,midday_heat,34.42,73.19,195,197,190,331,0.6534,0.5965,0.2634,not_ready,False,4,True
BH-ENV-059-055,HIVE-059,ESP32-1059,2026-01-17T06:00:00,135,29,0.5801,environmentally_unstable,inter_monsoon,midday_heat,34.48,76.48,217,216,205,363,0.6496,0.6409,0.2361,not_ready,False,4,True
BH-ENV-059-056,HIVE-059,ESP32-1059,2026-01-17T12:00:00,135,31,0.601,environmentally_unstable,inter_monsoon,midday_heat,34.25,77.19,231,227,224,377,0.7005,0.6429,0.2812,not_ready,False,4,True
BH-ENV-059-059,HIVE-059,ESP32-1059,2026-01-18T06:00:00,136,31,0.5808,environmentally_unstable,inter_monsoon,stable_clear,32.64,79.97,199,198,208,362,0.6218,0.5044,0.2829,not_ready,False,3,True
BH-ENV-059-060,HIVE-059,ESP32-1059,2026-01-18T12:00:00,137,24,0.6006,environmentally_unstable,inter_monsoon,stable_clear,33.05,76.34,194,184,196,341,0.679,0.4988,0.3399,not_ready,False,3,True
BH-ENV-059-061,HIVE-059,ESP32-1059,2026-01-18T18:00:00,137,24,0.5833,environmentally_unstable,inter_monsoon,stable_clear,32.72,75.02,190,183,196,339,0.6819,0.4286,0.383,approaching,False,3,True
BH-ENV-059-062,HIVE-059,ESP32-1059,2026-01-19T00:00:00,137,28,0.6253,environmentally_unstable,inter_monsoon,stable_clear,33.76,73.84,192,189,193,339,0.7087,0.5928,0.3148,not_ready,False,4,True
BH-ENV-059-063,HIVE-059,ESP32-1059,2026-01-19T06:00:00,138,26,0.5967,environmentally_unstable,inter_monsoon,stable_clear,34.6,72.21,191,202,185,345,0.6764,0.6393,0.2607,not_ready,False,4,True
BH-ENV-059-064,HIVE-059,ESP32-1059,2026-01-19T12:00:00,138,27,0.6114,environmentally_unstable,inter_monsoon,stable_clear,33.73,74.39,192,188,178,335,0.6915,0.5591,0.3177,not_ready,False,4,True
BH-ENV-059-065,HIVE-059,ESP32-1059,2026-01-19T18:00:00,138,30,0.6271,environmentally_unstable,inter_monsoon,cloudy_stable,33.35,75.96,187,187,180,344,0.666,0.4769,0.342,not_ready,False,3,True
BH-ENV-059-066,HIVE-059,ESP32-1059,2026-01-20T00:00:00,139,26,0.6141,environmentally_unstable,inter_monsoon,cloudy_stable,32.5,77.15,183,182,172,337,0.6775,0.4198,0.3827,approaching,False,3,True
BH-ENV-059-067,HIVE-059,ESP32-1059,2026-01-20T06:00:00,139,36,0.6261,environmentally_unstable,inter_monsoon,storm_front,32.78,80.52,202,216,208,374,0.6918,0.5851,0.3029,not_ready,False,4,True
BH-ENV-059-069,HIVE-059,ESP32-1059,2026-01-20T18:00:00,139,29,0.6254,environmentally_unstable,inter_monsoon,post_rain,32.56,81.1,205,191,195,359,0.6794,0.5695,0.2996,not_ready,False,4,True
BH-ENV-059-070,HIVE-059,ESP32-1059,2026-01-21T00:00:00,140,28,0.6327,environmentally_unstable,inter_monsoon,post_rain,32.57,80.71,196,193,190,342,0.7076,0.5017,0.3661,approaching,False,4,True
BH-ENV-059-071,HIVE-059,ESP32-1059,2026-01-21T06:00:00,140,36,0.6285,environmentally_unstable,inter_monsoon,post_rain,32.38,80.39,195,191,187,330,0.6688,0.499,0.3334,not_ready,False,4,True
BH-ENV-059-073,HIVE-059,ESP32-1059,2026-01-21T18:00:00,140,30,0.6325,environmentally_unstable,inter_monsoon,post_rain,32.42,77.61,218,192,233,325,0.6651,0.4376,0.3592,approaching,False,3,True
BH-ENV-059-074,HIVE-059,ESP32-1059,2026-01-22T00:00:00,140,30,0.6497,environmentally_unstable,inter_monsoon,post_rain,31.25,76.79,204,205,228,364,0.7271,0.4551,0.4058,approaching,False,3,True
BH-ENV-059-075,HIVE-059,ESP32-1059,2026-01-22T06:00:00,141,29,0.6353,environmentally_unstable,inter_monsoon,post_rain,31.25,75.33,211,221,224,346,0.7332,0.4565,0.4128,approaching,False,3,True
BH-ENV-059-076,HIVE-059,ESP32-1059,2026-01-22T12:00:00,141,32,0.6258,environmentally_unstable,inter_monsoon,post_rain,32.18,79.86,204,207,214,343,0.6581,0.5007,0.3192,not_ready,False,3,True
BH-ENV-059-077,HIVE-059,ESP32-1059,2026-01-22T18:00:00,141,29,0.6316,environmentally_unstable,inter_monsoon,post_rain,32.24,79.97,206,189,188,338,0.6748,0.4625,0.3584,approaching,False,3,True
BH-ENV-059-078,HIVE-059,ESP32-1059,2026-01-23T00:00:00,141,35,0.6604,environmentally_unstable,inter_monsoon,stable_clear,32.27,76.71,204,183,186,349,0.6897,0.4151,0.3968,approaching,False,3,True
BH-ENV-059-079,HIVE-059,ESP32-1059,2026-01-23T06:00:00,141,33,0.6531,environmentally_unstable,inter_monsoon,stable_clear,32.87,75.21,193,180,181,341,0.7141,0.3299,0.5247,approaching,False,2,False
BH-ENV-059-080,HIVE-059,ESP32-1059,2026-01-23T12:00:00,141,35,0.6668,environmentally_unstable,inter_monsoon,stable_clear,33.21,74.53,189,176,178,337,0.7305,0.3469,0.5308,approaching,False,2,False
BH-ENV-059-081,HIVE-059,ESP32-1059,2026-01-23T18:00:00,142,35,0.6341,environmentally_unstable,inter_monsoon,stable_clear,32.58,73.84,189,182,189,336,0.68,0.4385,0.3753,approaching,False,3,True
BH-ENV-059-082,HIVE-059,ESP32-1059,2026-01-24T00:00:00,142,34,0.6354,environmentally_unstable,inter_monsoon,stable_clear,33.07,74.87,195,187,173,331,0.6672,0.455,0.3549,approaching,False,3,True
BH-ENV-059-083,HIVE-059,ESP32-1059,2026-01-24T06:00:00,142,38,0.6648,environmentally_unstable,inter_monsoon,stable_clear,33.26,73.18,185,185,171,331,0.718,0.4742,0.3896,approaching,False,3,True
BH-ENV-059-084,HIVE-059,ESP32-1059,2026-01-24T12:00:00,142,31,0.6487,environmentally_unstable,inter_monsoon,humid_rain,32.51,79.48,186,190,194,345,0.7201,0.4885,0.38,approaching,False,3,True
BH-ENV-059-085,HIVE-059,ESP32-1059,2026-01-24T18:00:00,142,39,0.6625,environmentally_unstable,inter_monsoon,humid_rain,32.31,81.06,186,193,184,359,0.7117,0.4956,0.3722,approaching,False,4,True
BH-ENV-059-086,HIVE-059,ESP32-1059,2026-01-25T00:00:00,142,29,0.6459,environmentally_unstable,inter_monsoon,humid_rain,31.63,81.6,196,198,197,363,0.6923,0.5376,0.3314,not_ready,False,4,True
BH-ENV-059-087,HIVE-059,ESP32-1059,2026-01-25T06:00:00,142,31,0.6467,environmentally_unstable,inter_monsoon,humid_rain,31.85,80.76,218,211,196,377,0.7158,0.5323,0.3555,approaching,False,4,True
BH-ENV-059-088,HIVE-059,ESP32-1059,2026-01-25T12:00:00,142,30,0.6418,environmentally_unstable,inter_monsoon,humid_rain,31.48,81.9,219,208,211,362,0.7334,0.5188,0.3783,approaching,False,4,True
BH-ENV-059-089,HIVE-059,ESP32-1059,2026-01-25T18:00:00,142,32,0.6595,environmentally_unstable,inter_monsoon,humid_rain,31.9,81.31,218,210,216,356,0.7249,0.5389,0.3602,approaching,False,4,True
BH-ENV-060-000,HIVE-060,ESP32-1060,2026-04-11T12:00:00,120,16,0.5189,environmentally_unstable,inter_monsoon,stable_clear,34.02,74.55,166,81,233,224,0.6379,0.3478,0.4468,approaching,False,1,False
BH-ENV-060-001,HIVE-060,ESP32-1060,2026-04-11T18:00:00,120,8,0.5006,environmentally_unstable,inter_monsoon,cloudy_stable,34.34,76.69,174,94,241,231,0.6139,0.3853,0.4061,approaching,False,1,False
BH-ENV-060-002,HIVE-060,ESP32-1060,2026-04-12T00:00:00,120,12,0.5085,environmentally_unstable,inter_monsoon,storm_front,33.53,80.55,177,101,251,246,0.626,0.3865,0.4143,approaching,False,2,False
BH-ENV-060-004,HIVE-060,ESP32-1060,2026-04-12T12:00:00,120,9,0.5218,environmentally_unstable,inter_monsoon,storm_front,34.09,86.26,199,131,258,274,0.5921,0.6992,0.15,not_ready,False,3,True
BH-ENV-060-005,HIVE-060,ESP32-1060,2026-04-12T18:00:00,120,14,0.5269,environmentally_unstable,inter_monsoon,humid_rain,34.78,87.48,214,137,274,291,0.5945,0.7904,0.1057,not_ready,False,4,True
BH-ENV-060-006,HIVE-060,ESP32-1060,2026-04-13T00:00:00,120,10,0.5286,environmentally_unstable,inter_monsoon,cloudy_stable,35.76,84.28,218,127,262,281,0.6297,0.8231,0.1174,not_ready,False,4,True
BH-ENV-060-007,HIVE-060,ESP32-1060,2026-04-13T06:00:00,120,10,0.5402,environmentally_unstable,inter_monsoon,cloudy_stable,35.77,83.31,219,132,272,280,0.644,0.7958,0.1483,not_ready,False,4,True
BH-ENV-060-008,HIVE-060,ESP32-1060,2026-04-13T12:00:00,121,18,0.5149,environmentally_unstable,inter_monsoon,cloudy_stable,35.95,83.21,222,139,283,276,0.6256,0.8253,0.1158,not_ready,False,4,True
BH-ENV-060-009,HIVE-060,ESP32-1060,2026-04-13T18:00:00,121,12,0.5414,environmentally_unstable,inter_monsoon,humid_rain,36.17,85.78,223,140,297,284,0.6152,0.8757,0.0778,not_ready,False,4,True
BH-ENV-060-010,HIVE-060,ESP32-1060,2026-04-14T00:00:00,121,10,0.5186,environmentally_unstable,inter_monsoon,post_rain,35.89,84.59,217,146,297,284,0.5972,0.8112,0.098,not_ready,False,4,True
BH-ENV-060-011,HIVE-060,ESP32-1060,2026-04-14T06:00:00,121,16,0.5478,environmentally_unstable,inter_monsoon,post_rain,34.44,82.64,196,118,278,263,0.6193,0.6867,0.182,not_ready,False,4,True
BH-ENV-060-012,HIVE-060,ESP32-1060,2026-04-14T12:00:00,121,10,0.522,environmentally_unstable,inter_monsoon,post_rain,32.56,82.8,195,119,248,261,0.5787,0.3621,0.3858,approaching,False,2,False
BH-ENV-060-013,HIVE-060,ESP32-1060,2026-04-14T18:00:00,122,17,0.5493,environmentally_unstable,inter_monsoon,post_rain,31.74,83.71,199,120,269,272,0.6469,0.5085,0.307,not_ready,False,3,True
BH-ENV-060-014,HIVE-060,ESP32-1060,2026-04-15T00:00:00,122,15,0.5203,environmentally_unstable,inter_monsoon,post_rain,31.75,84.76,195,114,266,268,0.6087,0.4902,0.2853,not_ready,False,3,True
BH-ENV-060-015,HIVE-060,ESP32-1060,2026-04-15T06:00:00,122,15,0.5336,environmentally_unstable,inter_monsoon,post_rain,31.92,84.61,207,118,276,252,0.6632,0.5134,0.3202,not_ready,False,3,True
BH-ENV-060-016,HIVE-060,ESP32-1060,2026-04-15T12:00:00,122,18,0.5309,environmentally_unstable,inter_monsoon,stable_clear,33.58,78.71,190,94,255,232,0.5828,0.3868,0.3727,approaching,False,2,False
BH-ENV-060-017,HIVE-060,ESP32-1060,2026-04-15T18:00:00,122,13,0.5627,environmentally_unstable,inter_monsoon,stable_clear,34.3,76.68,177,100,244,236,0.6184,0.369,0.4183,approaching,False,1,False
BH-ENV-060-018,HIVE-060,ESP32-1060,2026-04-16T00:00:00,123,15,0.5542,environmentally_unstable,inter_monsoon,stable_clear,34.53,75.03,166,93,241,227,0.6038,0.4079,0.3853,approaching,False,1,False
BH-ENV-060-019,HIVE-060,ESP32-1060,2026-04-16T06:00:00,123,14,0.5362,environmentally_unstable,inter_monsoon,stable_clear,33.89,79.51,189,109,267,264,0.5943,0.5723,0.2233,not_ready,False,3,True
BH-ENV-060-020,HIVE-060,ESP32-1060,2026-04-16T12:00:00,123,14,0.5583,environmentally_unstable,inter_monsoon,stable_clear,33.68,81.44,190,118,272,263,0.6346,0.6095,0.2416,not_ready,False,4,True
BH-ENV-060-021,HIVE-060,ESP32-1060,2026-04-16T18:00:00,124,19,0.5441,environmentally_unstable,inter_monsoon,stable_clear,33.51,81.49,199,127,286,286,0.6502,0.5639,0.2809,not_ready,False,4,True
BH-ENV-060-022,HIVE-060,ESP32-1060,2026-04-17T00:00:00,124,13,0.5431,environmentally_unstable,inter_monsoon,stable_clear,33.5,82.26,193,126,288,272,0.6694,0.6134,0.271,not_ready,False,4,True
BH-ENV-060-023,HIVE-060,ESP32-1060,2026-04-17T06:00:00,124,19,0.5623,environmentally_unstable,inter_monsoon,stable_clear,32.97,81.41,189,120,280,272,0.6297,0.5248,0.2838,not_ready,False,3,True
BH-ENV-060-024,HIVE-060,ESP32-1060,2026-04-17T12:00:00,125,20,0.5829,environmentally_unstable,inter_monsoon,stable_clear,34.49,77.21,175,103,257,238,0.6282,0.4101,0.401,approaching,False,1,False
BH-ENV-060-025,HIVE-060,ESP32-1060,2026-04-17T18:00:00,125,18,0.5886,environmentally_unstable,inter_monsoon,stable_clear,35.13,78.96,196,124,269,268,0.6758,0.6184,0.2711,not_ready,False,3,True
BH-ENV-060-026,HIVE-060,ESP32-1060,2026-04-18T00:00:00,125,14,0.5823,environmentally_unstable,inter_monsoon,stable_clear,35.28,80.16,195,132,283,267,0.6436,0.7219,0.1881,not_ready,False,4,True
BH-ENV-060-027,HIVE-060,ESP32-1060,2026-04-18T06:00:00,126,22,0.5832,environmentally_unstable,inter_monsoon,midday_heat,35.99,80.4,215,136,286,290,0.6694,0.7904,0.172,not_ready,False,4,True
BH-ENV-060-028,HIVE-060,ESP32-1060,2026-04-18T12:00:00,126,22,0.5734,environmentally_unstable,inter_monsoon,stable_clear,35.4,81.9,204,130,281,288,0.6537,0.7707,0.169,not_ready,False,4,True
BH-ENV-060-029,HIVE-060,ESP32-1060,2026-04-18T18:00:00,126,19,0.578,environmentally_unstable,inter_monsoon,stable_clear,34.97,78.31,185,102,263,253,0.6123,0.6302,0.2081,not_ready,False,3,True
BH-ENV-060-031,HIVE-060,ESP32-1060,2026-04-19T06:00:00,127,25,0.6043,environmentally_unstable,inter_monsoon,cloudy_stable,34.31,78.32,202,88,259,277,0.658,0.43,0.4197,approaching,False,2,False
BH-ENV-060-032,HIVE-060,ESP32-1060,2026-04-19T12:00:00,128,26,0.6049,environmentally_unstable,inter_monsoon,storm_front,34.12,86.64,208,119,281,297,0.6322,0.7473,0.1598,not_ready,False,4,True
BH-ENV-060-034,HIVE-060,ESP32-1060,2026-04-20T00:00:00,128,17,0.5996,environmentally_unstable,inter_monsoon,stable_clear,33.82,80.09,199,126,267,311,0.6412,0.6122,0.2413,not_ready,False,4,True
BH-ENV-060-035,HIVE-060,ESP32-1060,2026-04-20T06:00:00,129,27,0.6072,environmentally_unstable,inter_monsoon,stable_clear,34.58,76.1,177,109,245,276,0.6799,0.4134,0.4461,approaching,False,1,False
BH-ENV-060-036,HIVE-060,ESP32-1060,2026-04-20T12:00:00,129,23,0.6368,environmentally_unstable,inter_monsoon,midday_heat,35.94,74.45,177,95,241,258,0.6657,0.6091,0.2668,not_ready,False,1,True
BH-ENV-060-037,HIVE-060,ESP32-1060,2026-04-20T18:00:00,130,27,0.6182,environmentally_unstable,inter_monsoon,midday_heat,35.84,73.58,178,99,257,251,0.7013,0.6274,0.2911,not_ready,False,1,True
BH-ENV-060-038,HIVE-060,ESP32-1060,2026-04-21T00:00:00,130,22,0.62,environmentally_unstable,inter_monsoon,humid_rain,35.06,78.55,198,109,258,264,0.6394,0.4881,0.3695,approaching,False,2,False
BH-ENV-060-040,HIVE-060,ESP32-1060,2026-04-21T12:00:00,131,29,0.6452,environmentally_unstable,inter_monsoon,humid_rain,37.42,86.09,197,142,276,309,0.6739,0.8952,0.1118,not_ready,False,4,True
BH-ENV-060-041,HIVE-060,ESP32-1060,2026-04-21T18:00:00,131,29,0.6476,environmentally_unstable,inter_monsoon,stable_clear,36.69,78.94,200,113,271,286,0.6724,0.7398,0.1991,not_ready,False,3,True
BH-ENV-060-042,HIVE-060,ESP32-1060,2026-04-22T00:00:00,132,25,0.6566,environmentally_unstable,inter_monsoon,stable_clear,35.75,76.27,199,109,265,279,0.694,0.6688,0.2595,not_ready,False,3,True
BH-ENV-060-043,HIVE-060,ESP32-1060,2026-04-22T06:00:00,132,28,0.6438,environmentally_unstable,inter_monsoon,post_rain,35.11,78.28,196,113,266,282,0.6762,0.6558,0.252,not_ready,False,3,True
BH-ENV-060-044,HIVE-060,ESP32-1060,2026-04-22T12:00:00,133,27,0.6536,environmentally_unstable,inter_monsoon,post_rain,34.73,80.18,178,114,257,265,0.7155,0.4839,0.4411,approaching,False,2,False
BH-ENV-060-045,HIVE-060,ESP32-1060,2026-04-22T18:00:00,133,21,0.6687,environmentally_unstable,inter_monsoon,post_rain,33.89,84.96,183,109,253,261,0.667,0.638,0.2519,not_ready,False,3,True
BH-ENV-060-046,HIVE-060,ESP32-1060,2026-04-23T00:00:00,134,25,0.6701,environmentally_unstable,inter_monsoon,post_rain,33.83,86.58,175,113,273,269,0.7092,0.6422,0.2894,not_ready,False,3,True
BH-ENV-060-047,HIVE-060,ESP32-1060,2026-04-23T06:00:00,134,27,0.6535,environmentally_unstable,inter_monsoon,post_rain,33.79,87.68,170,116,261,243,0.6973,0.6728,0.2624,not_ready,False,3,True
BH-ENV-060-048,HIVE-060,ESP32-1060,2026-04-23T12:00:00,135,24,0.6875,environmentally_unstable,inter_monsoon,humid_rain,33.29,88.22,185,120,261,237,0.7189,0.648,0.2946,not_ready,False,3,True
BH-ENV-060-050,HIVE-060,ESP32-1060,2026-04-24T00:00:00,135,31,0.6757,environmentally_unstable,inter_monsoon,stable_clear,36.18,76.03,206,127,262,265,0.7219,0.7557,0.2315,not_ready,False,3,True
BH-ENV-060-051,HIVE-060,ESP32-1060,2026-04-24T06:00:00,136,26,0.7024,environmentally_unstable,inter_monsoon,stable_clear,37.13,72.32,204,118,260,258,0.694,0.7063,0.2382,not_ready,False,3,True
BH-ENV-060-053,HIVE-060,ESP32-1060,2026-04-24T18:00:00,137,33,0.6967,environmentally_unstable,inter_monsoon,midday_heat,37.03,67.82,222,106,283,319,0.7173,0.7593,0.2252,not_ready,False,3,True
BH-ENV-060-055,HIVE-060,ESP32-1060,2026-04-25T06:00:00,138,36,0.7153,environmentally_unstable,inter_monsoon,midday_heat,38.28,68.45,219,124,271,286,0.7227,0.7266,0.2547,not_ready,False,3,True
BH-ENV-060-057,HIVE-060,ESP32-1060,2026-04-25T18:00:00,138,34,0.7173,environmentally_unstable,inter_monsoon,midday_heat,37.11,78.22,210,93,260,238,0.7179,0.7066,0.2567,not_ready,False,2,True
BH-ENV-060-058,HIVE-060,ESP32-1060,2026-04-26T00:00:00,139,31,0.6963,environmentally_unstable,inter_monsoon,midday_heat,37.03,76.4,191,95,254,239,0.7138,0.6874,0.2686,not_ready,False,2,True
BH-ENV-060-059,HIVE-060,ESP32-1060,2026-04-26T06:00:00,139,29,0.7103,environmentally_unstable,inter_monsoon,cloudy_stable,35.27,77.31,196,98,257,228,0.724,0.4935,0.4414,approaching,False,2,False
BH-ENV-060-060,HIVE-060,ESP32-1060,2026-04-26T12:00:00,140,38,0.7435,environmentally_unstable,inter_monsoon,cloudy_stable,34.31,77.01,181,90,251,234,0.732,0.3902,0.5069,approaching,False,2,False
BH-ENV-060-061,HIVE-060,ESP32-1060,2026-04-26T18:00:00,140,36,0.7338,environmentally_unstable,inter_monsoon,midday_heat,35.62,74.75,183,102,246,243,0.7643,0.6175,0.3489,not_ready,False,2,True
BH-ENV-060-062,HIVE-060,ESP32-1060,2026-04-27T00:00:00,140,36,0.7175,environmentally_unstable,inter_monsoon,post_rain,34.51,78.72,176,102,253,251,0.705,0.409,0.4711,approaching,False,1,False
BH-ENV-060-063,HIVE-060,ESP32-1060,2026-04-27T06:00:00,141,29,0.7247,environmentally_unstable,inter_monsoon,post_rain,33.94,80.16,187,97,259,245,0.7368,0.5695,0.3529,approaching,False,3,True
BH-ENV-060-064,HIVE-060,ESP32-1060,2026-04-27T12:00:00,141,37,0.7238,environmentally_unstable,inter_monsoon,post_rain,33.74,80.7,198,103,268,224,0.7369,0.5787,0.3489,not_ready,False,4,True
BH-ENV-060-065,HIVE-060,ESP32-1060,2026-04-27T18:00:00,141,35,0.7586,environmentally_unstable,inter_monsoon,post_rain,33.96,80.72,187,107,259,238,0.7499,0.5754,0.3624,approaching,False,3,True
BH-ENV-060-066,HIVE-060,ESP32-1060,2026-04-28T00:00:00,142,36,0.7383,environmentally_unstable,inter_monsoon,stable_clear,34.39,80.55,195,117,282,262,0.7327,0.6319,0.3154,not_ready,False,4,True
BH-ENV-060-067,HIVE-060,ESP32-1060,2026-04-28T06:00:00,142,31,0.7365,environmentally_unstable,inter_monsoon,stable_clear,34.21,80.2,200,118,275,266,0.7812,0.6286,0.3609,approaching,False,4,True
BH-ENV-060-068,HIVE-060,ESP32-1060,2026-04-28T12:00:00,142,39,0.738,environmentally_unstable,inter_monsoon,humid_rain,33.32,84.81,207,140,277,276,0.7457,0.5995,0.3419,not_ready,False,3,True
BH-ENV-060-069,HIVE-060,ESP32-1060,2026-04-28T18:00:00,143,36,0.7493,environmentally_unstable,inter_monsoon,humid_rain,33.14,86.01,212,141,293,276,0.7281,0.6424,0.3062,not_ready,False,3,True
BH-ENV-060-070,HIVE-060,ESP32-1060,2026-04-29T00:00:00,143,31,0.7671,environmentally_unstable,inter_monsoon,humid_rain,32.88,85.98,205,122,287,290,0.7497,0.5872,0.3555,approaching,False,3,True
BH-ENV-060-071,HIVE-060,ESP32-1060,2026-04-29T06:00:00,143,38,0.7518,environmentally_unstable,inter_monsoon,stable_clear,33.85,78.86,181,104,258,265,0.7169,0.4231,0.4714,approaching,False,2,False
BH-ENV-060-072,HIVE-060,ESP32-1060,2026-04-29T12:00:00,144,36,0.7548,environmentally_unstable,inter_monsoon,stable_clear,34.23,75.6,185,102,253,243,0.76,0.4083,0.5216,approaching,False,2,False
BH-ENV-060-073,HIVE-060,ESP32-1060,2026-04-29T18:00:00,144,38,0.753,environmentally_unstable,inter_monsoon,stable_clear,33.92,77.63,197,113,260,255,0.765,0.5278,0.4007,approaching,False,3,True
BH-ENV-060-074,HIVE-060,ESP32-1060,2026-04-30T00:00:00,144,35,0.7877,environmentally_unstable,inter_monsoon,stable_clear,34.16,80.16,189,113,261,253,0.8158,0.6149,0.3979,approaching,False,4,True
BH-ENV-060-075,HIVE-060,ESP32-1060,2026-04-30T06:00:00,144,33,0.7545,environmentally_unstable,inter_monsoon,stable_clear,33.76,82.14,194,123,271,262,0.7762,0.6115,0.3645,approaching,False,4,True
BH-ENV-060-076,HIVE-060,ESP32-1060,2026-04-30T12:00:00,144,36,0.7959,environmentally_unstable,inter_monsoon,stable_clear,34.82,76.96,191,107,253,256,0.7894,0.4469,0.5237,approaching,False,2,False
BH-ENV-060-077,HIVE-060,ESP32-1060,2026-04-30T18:00:00,145,35,0.7661,environmentally_unstable,inter_monsoon,stable_clear,35.67,73.73,202,127,286,285,0.7631,0.7081,0.2975,not_ready,False,3,True
BH-ENV-060-078,HIVE-060,ESP32-1060,2026-05-01T00:00:00,145,35,0.7621,environmentally_unstable,inter_monsoon,stable_clear,36.83,72.93,212,139,287,264,0.7913,0.737,0.3076,not_ready,False,3,True
BH-ENV-060-079,HIVE-060,ESP32-1060,2026-05-01T06:00:00,145,42,0.7732,environmentally_unstable,inter_monsoon,stable_clear,37.34,71.66,222,140,296,288,0.7423,0.7334,0.2677,not_ready,False,3,True
BH-ENV-060-080,HIVE-060,ESP32-1060,2026-05-01T12:00:00,145,38,0.7855,environmentally_unstable,inter_monsoon,humid_rain,36.92,76.09,221,133,306,283,0.7712,0.7202,0.2993,not_ready,False,3,True
BH-ENV-060-081,HIVE-060,ESP32-1060,2026-05-01T18:00:00,145,42,0.7797,environmentally_unstable,inter_monsoon,humid_rain,36.57,77.62,227,142,293,296,0.7564,0.7417,0.2757,not_ready,False,3,True
BH-ENV-060-082,HIVE-060,ESP32-1060,2026-05-02T00:00:00,146,42,0.7705,environmentally_unstable,inter_monsoon,humid_rain,35.27,81.3,206,130,291,264,0.7284,0.7364,0.2506,not_ready,False,4,True
BH-ENV-060-083,HIVE-060,ESP32-1060,2026-05-02T06:00:00,146,41,0.7965,environmentally_unstable,inter_monsoon,humid_rain,34.35,81.11,189,122,269,259,0.7962,0.6283,0.3723,approaching,False,4,True
BH-ENV-060-084,HIVE-060,ESP32-1060,2026-05-02T12:00:00,146,38,0.8087,environmentally_unstable,inter_monsoon,humid_rain,33.77,80.97,180,108,260,252,0.8117,0.6021,0.4012,approaching,False,4,True
BH-ENV-060-085,HIVE-060,ESP32-1060,2026-05-02T18:00:00,146,44,0.7811,environmentally_unstable,inter_monsoon,stable_clear,34.14,76.58,178,106,247,245,0.7814,0.377,0.5571,approaching,False,1,False
BH-ENV-060-086,HIVE-060,ESP32-1060,2026-05-03T00:00:00,146,37,0.7905,environmentally_unstable,inter_monsoon,stable_clear,34.66,75.56,178,92,251,244,0.7673,0.383,0.5427,approaching,False,1,False
BH-ENV-060-087,HIVE-060,ESP32-1060,2026-05-03T06:00:00,146,34,0.7996,environmentally_unstable,inter_monsoon,stable_clear,34.43,74.57,174,92,254,254,0.7673,0.3903,0.5393,approaching,False,1,False
BH-ENV-060-088,HIVE-060,ESP32-1060,2026-05-03T12:00:00,146,35,0.7806,environmentally_unstable,inter_monsoon,stable_clear,34.38,74.29,160,97,254,246,0.7972,0.3924,0.5651,approaching,False,1,False
BH-ENV-060-089,HIVE-060,ESP32-1060,2026-05-03T18:00:00,146,43,0.8024,environmentally_unstable,inter_monsoon,stable_clear,33.91,74.33,183,108,260,257,0.8185,0.3575,0.6018,nearly_ready,False,2,False
BH-ENV-061-000,HIVE-061,ESP32-1061,2026-01-07T00:00:00,117,13,0.711,environmentally_unstable,dry,midday_heat,31.99,82.24,171,165,203,234,0.736,0.2568,0.5833,approaching,False,1,False
BH-ENV-061-001,HIVE-061,ESP32-1061,2026-01-07T06:00:00,117,15,0.6818,environmentally_unstable,dry,midday_heat,32.75,78.81,190,180,222,258,0.6644,0.2984,0.4962,approaching,False,2,False
BH-ENV-061-002,HIVE-061,ESP32-1061,2026-01-07T12:00:00,117,13,0.7106,environmentally_unstable,dry,midday_heat,32.56,77.68,187,188,238,273,0.6969,0.2998,0.5269,approaching,False,2,False
BH-ENV-061-003,HIVE-061,ESP32-1061,2026-01-07T18:00:00,117,9,0.7145,environmentally_unstable,dry,midday_heat,32.89,75.42,185,183,228,264,0.699,0.3334,0.5097,approaching,False,2,False
BH-ENV-061-005,HIVE-061,ESP32-1061,2026-01-08T06:00:00,117,11,0.6826,environmentally_unstable,dry,midday_heat,35.43,70.9,202,214,284,296,0.6363,0.7424,0.1615,not_ready,False,4,True
BH-ENV-061-006,HIVE-061,ESP32-1061,2026-01-08T12:00:00,117,12,0.6854,environmentally_unstable,dry,midday_heat,34.33,76.47,189,201,232,287,0.6512,0.6004,0.2567,not_ready,False,3,True
BH-ENV-061-007,HIVE-061,ESP32-1061,2026-01-08T18:00:00,117,13,0.6783,environmentally_unstable,dry,midday_heat,33.92,76.98,181,191,235,262,0.7168,0.5214,0.3623,approaching,False,3,True
BH-ENV-061-008,HIVE-061,ESP32-1061,2026-01-09T00:00:00,117,10,0.7017,environmentally_unstable,dry,humid_rain,32.23,84.65,177,175,222,248,0.6493,0.3756,0.4371,approaching,False,1,False
BH-ENV-061-009,HIVE-061,ESP32-1061,2026-01-09T06:00:00,118,18,0.7174,environmentally_unstable,dry,humid_rain,31.2,90.34,197,195,247,291,0.7268,0.6117,0.3169,not_ready,False,3,True
BH-ENV-061-010,HIVE-061,ESP32-1061,2026-01-09T12:00:00,118,16,0.7066,environmentally_unstable,dry,cloudy_stable,31.54,89.42,187,204,238,264,0.6771,0.5711,0.2999,not_ready,False,3,True
BH-ENV-061-011,HIVE-061,ESP32-1061,2026-01-09T18:00:00,118,18,0.7113,environmentally_unstable,dry,cloudy_stable,31.85,87.77,197,201,241,289,0.7432,0.5858,0.3499,not_ready,False,3,True
BH-ENV-061-012,HIVE-061,ESP32-1061,2026-01-10T00:00:00,118,16,0.6974,environmentally_unstable,dry,cloudy_stable,31.97,88.0,200,200,233,287,0.7061,0.6015,0.31,not_ready,False,3,True
BH-ENV-061-013,HIVE-061,ESP32-1061,2026-01-10T06:00:00,118,15,0.7086,environmentally_unstable,dry,cloudy_stable,31.58,88.39,204,204,242,278,0.6775,0.5683,0.3023,not_ready,False,3,True
BH-ENV-061-014,HIVE-061,ESP32-1061,2026-01-10T12:00:00,118,9,0.6984,environmentally_unstable,dry,cloudy_stable,31.53,88.64,205,201,232,289,0.724,0.5857,0.3344,not_ready,False,3,True
BH-ENV-061-015,HIVE-061,ESP32-1061,2026-01-10T18:00:00,118,10,0.7226,environmentally_unstable,dry,cloudy_stable,31.15,85.24,192,181,213,277,0.7129,0.5242,0.3556,approaching,False,3,True
BH-ENV-061-016,HIVE-061,ESP32-1061,2026-01-11T00:00:00,119,13,0.7235,environmentally_unstable,dry,midday_heat,34.33,87.28,196,185,233,296,0.7091,0.7349,0.2319,not_ready,False,4,True
BH-ENV-061-017,HIVE-061,ESP32-1061,2026-01-11T06:00:00,119,14,0.7197,environmentally_unstable,dry,midday_heat,34.82,87.5,189,195,230,286,0.7003,0.8034,0.1928,not_ready,False,4,True
BH-ENV-061-018,HIVE-061,ESP32-1061,2026-01-11T12:00:00,119,11,0.699,environmentally_unstable,dry,midday_heat,35.46,88.65,199,196,237,278,0.683,0.8432,0.1551,not_ready,False,4,True
BH-ENV-061-019,HIVE-061,ESP32-1061,2026-01-11T18:00:00,119,20,0.7001,environmentally_unstable,dry,midday_heat,35.44,88.57,192,197,229,278,0.6949,0.8566,0.1601,not_ready,False,4,True
BH-ENV-061-020,HIVE-061,ESP32-1061,2026-01-12T00:00:00,119,10,0.6937,environmentally_unstable,dry,stable_clear,34.4,90.81,192,185,227,276,0.7011,0.8125,0.1867,not_ready,False,4,True
BH-ENV-061-021,HIVE-061,ESP32-1061,2026-01-12T06:00:00,120,12,0.7095,environmentally_unstable,dry,stable_clear,34.85,91.6,197,181,226,296,0.6767,0.8446,0.1493,not_ready,False,4,True
BH-ENV-061-022,HIVE-061,ESP32-1061,2026-01-12T12:00:00,120,13,0.7024,environmentally_unstable,dry,stable_clear,33.63,85.29,179,173,213,270,0.6855,0.4754,0.4154,approaching,False,2,False
BH-ENV-061-023,HIVE-061,ESP32-1061,2026-01-12T18:00:00,120,18,0.7267,environmentally_unstable,dry,stable_clear,32.72,82.18,170,179,219,268,0.7322,0.3349,0.5365,approaching,False,1,False
BH-ENV-061-024,HIVE-061,ESP32-1061,2026-01-13T00:00:00,120,21,0.711,environmentally_unstable,dry,stable_clear,32.27,80.82,168,166,222,252,0.71,0.2623,0.5584,approaching,False,1,False
BH-ENV-061-025,HIVE-061,ESP32-1061,2026-01-13T06:00:00,121,14,0.7298,environmentally_unstable,dry,midday_heat,33.18,79.1,175,172,214,256,0.7508,0.3006,0.5724,approaching,False,0,False
BH-ENV-061-026,HIVE-061,ESP32-1061,2026-01-13T12:00:00,121,18,0.7101,environmentally_unstable,dry,midday_heat,31.97,78.41,178,175,221,261,0.7104,0.1924,0.5963,approaching,False,0,False
BH-ENV-061-027,HIVE-061,ESP32-1061,2026-01-13T18:00:00,121,17,0.7184,environmentally_unstable,dry,midday_heat,31.24,79.57,180,175,228,262,0.7143,0.2358,0.5768,approaching,False,1,False
BH-ENV-061-028,HIVE-061,ESP32-1061,2026-01-14T00:00:00,121,16,0.7278,environmentally_unstable,dry,midday_heat,31.18,79.64,186,189,225,251,0.692,0.3106,0.5175,approaching,False,2,False
BH-ENV-061-029,HIVE-061,ESP32-1061,2026-01-14T06:00:00,122,23,0.7368,environmentally_unstable,dry,stable_clear,30.39,79.88,184,199,216,267,0.7023,0.2905,0.536,approaching,False,2,False
BH-ENV-061-030,HIVE-061,ESP32-1061,2026-01-14T12:00:00,122,14,0.7422,environmentally_unstable,dry,stable_clear,29.85,79.84,189,189,205,259,0.704,0.2974,0.5343,approaching,False,2,False
BH-ENV-061-031,HIVE-061,ESP32-1061,2026-01-14T18:00:00,122,23,0.719,environmentally_unstable,dry,midday_heat,31.42,78.7,177,197,223,264,0.7291,0.2782,0.5643,approaching,False,1,False
BH-ENV-061-032,HIVE-061,ESP32-1061,2026-01-15T00:00:00,123,24,0.7189,environmentally_unstable,dry,midday_heat,32.4,79.93,177,182,226,262,0.7007,0.248,0.5573,approaching,False,1,False
BH-ENV-061-034,HIVE-061,ESP32-1061,2026-01-15T12:00:00,123,17,0.7444,environmentally_unstable,dry,midday_heat,34.2,79.07,181,179,232,295,0.7011,0.4201,0.4625,approaching,False,2,False
BH-ENV-061-035,HIVE-061,ESP32-1061,2026-01-15T18:00:00,124,23,0.7566,environmentally_unstable,dry,midday_heat,33.58,79.0,183,180,225,275,0.7623,0.5143,0.4063,approaching,False,3,True
BH-ENV-061-036,HIVE-061,ESP32-1061,2026-01-16T00:00:00,124,24,0.7267,environmentally_unstable,dry,stable_clear,33.24,79.56,186,172,227,256,0.708,0.3388,0.5153,approaching,False,1,False
BH-ENV-061-037,HIVE-061,ESP32-1061,2026-01-16T06:00:00,124,25,0.7317,environmentally_unstable,dry,midday_heat,33.07,78.29,183,162,219,246,0.7101,0.2589,0.5611,approaching,False,1,False
BH-ENV-061-038,HIVE-061,ESP32-1061,2026-01-16T12:00:00,124,23,0.749,environmentally_unstable,dry,midday_heat,33.22,78.62,174,161,220,261,0.7701,0.2724,0.607,nearly_ready,False,0,False
BH-ENV-061-039,HIVE-061,ESP32-1061,2026-01-16T18:00:00,125,20,0.7602,environmentally_unstable,dry,midday_heat,33.66,77.66,174,170,225,264,0.7199,0.3402,0.5247,approaching,False,1,False
BH-ENV-061-040,HIVE-061,ESP32-1061,2026-01-17T00:00:00,125,19,0.753,environmentally_unstable,dry,stable_clear,31.95,80.45,172,168,213,267,0.7373,0.2487,0.587,approaching,False,1,False
BH-ENV-061-041,HIVE-061,ESP32-1061,2026-01-17T06:00:00,125,20,0.7539,environmentally_unstable,dry,midday_heat,32.14,80.26,182,175,235,264,0.7517,0.3101,0.5698,approaching,False,2,False
BH-ENV-061-042,HIVE-061,ESP32-1061,2026-01-17T12:00:00,126,18,0.7447,environmentally_unstable,dry,midday_heat,31.67,81.05,189,187,226,266,0.7103,0.4316,0.4058,approaching,False,3,True
BH-ENV-061-043,HIVE-061,ESP32-1061,2026-01-17T18:00:00,126,20,0.7663,environmentally_unstable,dry,midday_heat,32.39,79.89,181,179,236,259,0.7671,0.301,0.587,approaching,False,1,False
BH-ENV-061-044,HIVE-061,ESP32-1061,2026-01-18T00:00:00,126,24,0.74,environmentally_unstable,dry,stable_clear,32.39,80.22,173,164,221,258,0.7376,0.2708,0.5794,approaching,False,1,False
BH-ENV-061-045,HIVE-061,ESP32-1061,2026-01-18T06:00:00,127,28,0.7725,environmentally_unstable,dry,stable_clear,32.31,80.75,165,161,211,246,0.755,0.2627,0.599,approaching,False,1,False
BH-ENV-061-046,HIVE-061,ESP32-1061,2026-01-18T12:00:00,127,27,0.7563,environmentally_unstable,dry,stable_clear,31.93,80.44,170,164,201,240,0.742,0.2616,0.5878,approaching,False,1,False
BH-ENV-061-047,HIVE-061,ESP32-1061,2026-01-18T18:00:00,127,18,0.765,environmentally_unstable,dry,stable_clear,32.91,85.76,190,187,228,277,0.7406,0.598,0.3367,not_ready,False,3,True
BH-ENV-061-048,HIVE-061,ESP32-1061,2026-01-19T00:00:00,128,22,0.7767,environmentally_unstable,dry,stable_clear,32.83,88.18,214,195,252,270,0.7381,0.6499,0.3097,not_ready,False,3,True
BH-ENV-061-049,HIVE-061,ESP32-1061,2026-01-19T06:00:00,128,23,0.7524,environmentally_unstable,dry,stable_clear,33.29,89.83,214,203,247,288,0.7635,0.7326,0.2869,not_ready,False,3,True
BH-ENV-061-050,HIVE-061,ESP32-1061,2026-01-19T12:00:00,128,23,0.7707,environmentally_unstable,dry,stable_clear,32.86,84.28,188,191,216,252,0.7178,0.5438,0.3476,not_ready,False,3,True
BH-ENV-061-051,HIVE-061,ESP32-1061,2026-01-19T18:00:00,129,24,0.7899,environmentally_unstable,dry,stable_clear,32.6,83.9,178,172,211,262,0.7526,0.3327,0.5579,approaching,False,1,False
BH-ENV-061-052,HIVE-061,ESP32-1061,2026-01-20T00:00:00,129,27,0.7754,environmentally_unstable,dry,stable_clear,32.82,80.57,188,182,212,289,0.7711,0.4853,0.4289,approaching,False,3,True
BH-ENV-061-053,HIVE-061,ESP32-1061,2026-01-20T06:00:00,129,27,0.796,environmentally_unstable,dry,stable_clear,32.38,80.48,181,176,218,277,0.7331,0.3148,0.5505,approaching,False,2,False
BH-ENV-061-054,HIVE-061,ESP32-1061,2026-01-20T12:00:00,129,26,0.7721,environmentally_unstable,dry,stable_clear,31.86,79.54,184,181,239,266,0.7682,0.2608,0.6105,nearly_ready,False,2,False
BH-ENV-061-055,HIVE-061,ESP32-1061,2026-01-20T18:00:00,130,27,0.7845,environmentally_unstable,dry,stable_clear,32.04,78.26,184,192,226,261,0.7713,0.2508,0.6194,nearly_ready,False,2,False
BH-ENV-061-056,HIVE-061,ESP32-1061,2026-01-21T00:00:00,130,26,0.7978,environmentally_unstable,dry,cloudy_stable,32.08,79.99,188,183,217,277,0.7924,0.266,0.6296,nearly_ready,False,2,False
BH-ENV-061-057,HIVE-061,ESP32-1061,2026-01-21T06:00:00,130,27,0.774,environmentally_unstable,dry,humid_rain,31.01,83.33,195,185,236,279,0.7205,0.5224,0.3626,approaching,False,3,True
BH-ENV-061-058,HIVE-061,ESP32-1061,2026-01-21T12:00:00,131,29,0.7762,environmentally_unstable,dry,humid_rain,30.83,86.12,182,179,216,269,0.76,0.3902,0.5318,approaching,False,2,False
BH-ENV-061-059,HIVE-061,ESP32-1061,2026-01-21T18:00:00,131,31,0.8015,environmentally_unstable,dry,humid_rain,30.64,87.8,186,173,212,261,0.7634,0.4255,0.5162,approaching,False,2,False
BH-ENV-061-060,HIVE-061,ESP32-1061,2026-01-22T00:00:00,131,28,0.7772,environmentally_unstable,dry,humid_rain,30.27,88.03,180,167,218,271,0.7309,0.5053,0.384,approaching,False,2,True
BH-ENV-061-061,HIVE-061,ESP32-1061,2026-01-22T06:00:00,132,29,0.809,environmentally_unstable,dry,humid_rain,30.98,88.12,181,168,232,274,0.7508,0.4949,0.4068,approaching,False,2,True
BH-ENV-061-062,HIVE-061,ESP32-1061,2026-01-22T12:00:00,132,25,0.8076,environmentally_unstable,dry,humid_rain,31.04,89.82,182,169,234,272,0.779,0.5387,0.4082,approaching,False,2,True
BH-ENV-061-063,HIVE-061,ESP32-1061,2026-01-22T18:00:00,132,23,0.8025,environmentally_unstable,dry,humid_rain,32.82,92.22,204,196,256,293,0.7449,0.6893,0.2902,not_ready,False,3,True
BH-ENV-061-064,HIVE-061,ESP32-1061,2026-01-23T00:00:00,132,30,0.8165,environmentally_unstable,dry,humid_rain,33.71,92.63,205,216,266,302,0.7603,0.8136,0.239,not_ready,False,5,True
BH-ENV-061-065,HIVE-061,ESP32-1061,2026-01-23T06:00:00,133,26,0.8111,environmentally_unstable,dry,midday_heat,35.6,86.47,216,218,264,312,0.7691,0.9282,0.1792,not_ready,False,5,True
BH-ENV-061-066,HIVE-061,ESP32-1061,2026-01-23T12:00:00,133,26,0.7893,environmentally_unstable,dry,midday_heat,34.46,81.16,182,184,232,272,0.7527,0.6504,0.3177,not_ready,False,4,True
BH-ENV-061-067,HIVE-061,ESP32-1061,2026-01-23T18:00:00,133,31,0.8108,environmentally_unstable,dry,midday_heat,34.35,79.46,177,180,224,270,0.8059,0.4418,0.5449,approaching,False,2,False
BH-ENV-061-068,HIVE-061,ESP32-1061,2026-01-24T00:00:00,133,29,0.8266,environmentally_unstable,dry,midday_heat,33.67,77.43,190,199,245,291,0.782,0.5247,0.4162,approaching,False,3,True
BH-ENV-061-069,HIVE-061,ESP32-1061,2026-01-24T06:00:00,134,26,0.8238,environmentally_unstable,dry,humid_rain,31.12,81.32,195,199,241,279,0.7985,0.5121,0.4338,approaching,False,3,True
BH-ENV-061-070,HIVE-061,ESP32-1061,2026-01-24T12:00:00,134,26,0.8055,environmentally_unstable,dry,humid_rain,30.79,84.13,213,187,237,286,0.7818,0.5456,0.4052,approaching,False,3,True
BH-ENV-061-073,HIVE-061,ESP32-1061,2026-01-25T06:00:00,134,26,0.8285,environmentally_unstable,dry,storm_front,29.4,87.86,202,207,246,339,0.7738,0.6346,0.3443,not_ready,False,4,True
BH-ENV-061-074,HIVE-061,ESP32-1061,2026-01-25T12:00:00,135,36,0.8318,environmentally_unstable,dry,storm_front,29.62,88.32,190,194,231,291,0.7983,0.5776,0.4029,approaching,False,3,True
BH-ENV-061-075,HIVE-061,ESP32-1061,2026-01-25T18:00:00,135,27,0.819,environmentally_unstable,dry,storm_front,30.58,88.02,196,191,231,264,0.7719,0.556,0.3909,approaching,False,3,True
BH-ENV-061-076,HIVE-061,ESP32-1061,2026-01-26T00:00:00,135,34,0.8267,environmentally_unstable,dry,storm_front,31.46,89.84,201,199,241,276,0.7666,0.6392,0.3399,not_ready,False,3,True
BH-ENV-061-077,HIVE-061,ESP32-1061,2026-01-26T06:00:00,135,28,0.812,environmentally_unstable,dry,midday_heat,33.34,86.09,192,196,248,266,0.7573,0.6468,0.3248,not_ready,False,3,True
BH-ENV-061-078,HIVE-061,ESP32-1061,2026-01-26T12:00:00,135,30,0.8356,environmentally_unstable,dry,midday_heat,34.61,83.54,198,190,248,275,0.808,0.7341,0.3231,not_ready,False,4,True
BH-ENV-061-079,HIVE-061,ESP32-1061,2026-01-26T18:00:00,135,26,0.8208,environmentally_unstable,dry,midday_heat,34.71,83.96,197,201,244,273,0.7743,0.7082,0.3112,not_ready,False,4,True
BH-ENV-061-080,HIVE-061,ESP32-1061,2026-01-27T00:00:00,135,26,0.8308,environmentally_unstable,dry,midday_heat,35.08,83.58,191,196,247,300,0.8022,0.7785,0.2963,not_ready,False,4,True
BH-ENV-061-081,HIVE-061,ESP32-1061,2026-01-27T06:00:00,136,36,0.8327,environmentally_unstable,dry,midday_heat,35.57,81.89,190,198,252,304,0.7786,0.7595,0.2855,not_ready,False,4,True
BH-ENV-061-082,HIVE-061,ESP32-1061,2026-01-27T12:00:00,136,32,0.8376,environmentally_unstable,dry,midday_heat,34.64,79.61,183,183,240,266,0.8019,0.6016,0.3909,approaching,False,3,True
BH-ENV-061-083,HIVE-061,ESP32-1061,2026-01-27T18:00:00,136,35,0.834,environmentally_unstable,dry,midday_heat,33.95,78.84,183,187,229,268,0.788,0.5127,0.4295,approaching,False,3,True
BH-ENV-061-084,HIVE-061,ESP32-1061,2026-01-28T00:00:00,136,30,0.8125,environmentally_unstable,dry,midday_heat,32.1,84.11,197,189,247,273,0.7438,0.5172,0.3832,approaching,False,3,True
BH-ENV-061-085,HIVE-061,ESP32-1061,2026-01-28T06:00:00,136,32,0.8216,environmentally_unstable,dry,midday_heat,31.69,85.88,204,195,242,281,0.8212,0.56,0.4326,approaching,False,3,True
BH-ENV-061-086,HIVE-061,ESP32-1061,2026-01-28T12:00:00,136,36,0.8062,environmentally_unstable,dry,midday_heat,31.22,87.13,207,189,247,290,0.8143,0.5545,0.4297,approaching,False,3,True
BH-ENV-061-087,HIVE-061,ESP32-1061,2026-01-28T18:00:00,136,32,0.8282,environmentally_unstable,dry,midday_heat,31.19,86.8,196,191,234,282,0.7943,0.5628,0.4087,approaching,False,3,True
BH-ENV-061-088,HIVE-061,ESP32-1061,2026-01-29T00:00:00,136,31,0.8251,environmentally_unstable,dry,midday_heat,31.15,88.16,206,207,243,294,0.8021,0.5959,0.3966,approaching,False,3,True
BH-ENV-061-089,HIVE-061,ESP32-1061,2026-01-29T06:00:00,136,28,0.8396,environmentally_unstable,dry,midday_heat,31.07,87.06,196,207,239,295,0.8,0.5486,0.4213,approaching,False,3,True
BH-ENV-062-000,HIVE-062,ESP32-1062,2026-03-18T04:00:00,82,11,0.7715,environmentally_unstable,inter_monsoon,post_rain,34.31,58.97,122,179,239,272,0.6619,0.3547,0.4642,approaching,False,1,False
BH-ENV-062-001,HIVE-062,ESP32-1062,2026-03-18T10:00:00,82,9,0.7996,environmentally_unstable,inter_monsoon,stable_clear,34.94,55.51,131,186,249,280,0.6859,0.4903,0.4105,approaching,False,2,False
BH-ENV-062-003,HIVE-062,ESP32-1062,2026-03-18T22:00:00,82,13,0.7909,environmentally_unstable,inter_monsoon,cloudy_stable,35.71,57.81,151,222,268,305,0.679,0.7097,0.221,not_ready,False,3,True
BH-ENV-062-004,HIVE-062,ESP32-1062,2026-03-19T04:00:00,82,12,0.8013,environmentally_unstable,inter_monsoon,storm_front,34.53,65.19,134,186,247,295,0.654,0.4469,0.4025,approaching,False,2,False
BH-ENV-062-005,HIVE-062,ESP32-1062,2026-03-19T10:00:00,82,8,0.7737,environmentally_unstable,inter_monsoon,storm_front,34.69,64.63,145,200,248,305,0.7086,0.4378,0.4616,approaching,False,2,False
BH-ENV-062-006,HIVE-062,ESP32-1062,2026-03-19T16:00:00,82,17,0.7748,environmentally_unstable,inter_monsoon,storm_front,34.49,65.69,145,202,263,300,0.6724,0.589,0.2866,not_ready,False,3,True
BH-ENV-062-007,HIVE-062,ESP32-1062,2026-03-19T22:00:00,82,13,0.787,environmentally_unstable,inter_monsoon,storm_front,35.06,65.53,157,199,261,320,0.6893,0.6767,0.2526,not_ready,False,4,True
BH-ENV-062-008,HIVE-062,ESP32-1062,2026-03-20T04:00:00,82,14,0.7964,environmentally_unstable,inter_monsoon,storm_front,35.32,66.31,148,193,269,314,0.7302,0.6242,0.3179,not_ready,False,3,True
BH-ENV-062-009,HIVE-062,ESP32-1062,2026-03-20T10:00:00,83,16,0.7884,environmentally_unstable,inter_monsoon,stable_clear,35.33,63.36,124,176,242,280,0.6894,0.4829,0.4182,approaching,False,1,False
BH-ENV-062-010,HIVE-062,ESP32-1062,2026-03-20T16:00:00,83,11,0.7901,environmentally_unstable,inter_monsoon,stable_clear,35.4,61.49,101,166,227,272,0.6854,0.4379,0.4403,approaching,False,1,False
BH-ENV-062-011,HIVE-062,ESP32-1062,2026-03-20T22:00:00,83,19,0.7737,environmentally_unstable,inter_monsoon,post_rain,34.19,64.68,102,162,217,260,0.7017,0.3717,0.4888,approaching,False,1,False
BH-ENV-062-012,HIVE-062,ESP32-1062,2026-03-21T04:00:00,83,11,0.7825,environmentally_unstable,inter_monsoon,post_rain,33.49,69.24,117,171,238,261,0.6879,0.2681,0.5336,approaching,False,0,False
BH-ENV-062-013,HIVE-062,ESP32-1062,2026-03-21T10:00:00,83,18,0.799,environmentally_unstable,inter_monsoon,post_rain,32.67,73.09,131,181,253,275,0.6818,0.2503,0.5381,approaching,False,1,False
BH-ENV-062-014,HIVE-062,ESP32-1062,2026-03-21T16:00:00,83,14,0.7925,environmentally_unstable,inter_monsoon,post_rain,33.35,68.95,121,172,249,274,0.666,0.2803,0.5082,approaching,False,0,False
BH-ENV-062-015,HIVE-062,ESP32-1062,2026-03-21T22:00:00,83,14,0.7957,environmentally_unstable,inter_monsoon,post_rain,34.01,68.22,115,162,251,269,0.6777,0.3519,0.4808,approaching,False,1,False
BH-ENV-062-016,HIVE-062,ESP32-1062,2026-03-22T04:00:00,84,16,0.7922,environmentally_unstable,inter_monsoon,post_rain,32.96,72.26,122,166,254,272,0.7056,0.2558,0.556,approaching,False,0,False
BH-ENV-062-017,HIVE-062,ESP32-1062,2026-03-22T10:00:00,84,12,0.7827,environmentally_unstable,inter_monsoon,post_rain,32.31,73.08,127,175,253,274,0.7048,0.1905,0.5934,approaching,False,0,False
BH-ENV-062-018,HIVE-062,ESP32-1062,2026-03-22T16:00:00,84,16,0.8045,environmentally_unstable,inter_monsoon,post_rain,32.4,73.77,133,178,245,262,0.7012,0.2243,0.5727,approaching,False,0,False
BH-ENV-062-019,HIVE-062,ESP32-1062,2026-03-22T22:00:00,84,16,0.8041,environmentally_unstable,inter_monsoon,post_rain,32.3,74.6,133,175,241,283,0.7354,0.1916,0.6209,nearly_ready,False,0,False
BH-ENV-062-020,HIVE-062,ESP32-1062,2026-03-23T04:00:00,84,19,0.7977,environmentally_unstable,inter_monsoon,post_rain,33.34,70.63,133,170,234,270,0.712,0.2794,0.5486,approaching,False,0,False
BH-ENV-062-021,HIVE-062,ESP32-1062,2026-03-23T10:00:00,85,21,0.7782,environmentally_unstable,inter_monsoon,storm_front,33.33,70.26,126,175,231,263,0.7255,0.241,0.5853,approaching,False,0,False
BH-ENV-062-022,HIVE-062,ESP32-1062,2026-03-23T16:00:00,85,19,0.7906,environmentally_unstable,inter_monsoon,storm_front,34.54,74.57,138,199,266,284,0.6894,0.6172,0.2814,not_ready,False,3,True
BH-ENV-062-023,HIVE-062,ESP32-1062,2026-03-23T22:00:00,85,11,0.7947,environmentally_unstable,inter_monsoon,cloudy_stable,36.0,70.57,143,199,267,283,0.7105,0.7283,0.2398,not_ready,False,3,True
BH-ENV-062-024,HIVE-062,ESP32-1062,2026-03-24T04:00:00,85,19,0.7882,environmentally_unstable,inter_monsoon,cloudy_stable,36.62,70.09,135,192,250,294,0.703,0.6801,0.2625,not_ready,False,2,True
BH-ENV-062-025,HIVE-062,ESP32-1062,2026-03-24T10:00:00,86,14,0.8066,environmentally_unstable,inter_monsoon,post_rain,36.08,72.77,144,201,264,303,0.6822,0.7088,0.2275,not_ready,False,3,True
BH-ENV-062-026,HIVE-062,ESP32-1062,2026-03-24T16:00:00,86,15,0.7866,environmentally_unstable,inter_monsoon,post_rain,36.33,72.01,150,203,253,304,0.6936,0.6923,0.2485,not_ready,False,2,True
BH-ENV-062-027,HIVE-062,ESP32-1062,2026-03-24T22:00:00,86,18,0.8173,environmentally_unstable,inter_monsoon,humid_rain,36.51,73.83,152,190,251,317,0.7038,0.6979,0.2538,not_ready,False,2,True
BH-ENV-062-028,HIVE-062,ESP32-1062,2026-03-25T04:00:00,86,22,0.819,environmentally_unstable,inter_monsoon,humid_rain,35.52,71.26,126,179,240,298,0.6781,0.5838,0.2914,not_ready,False,1,True
BH-ENV-062-029,HIVE-062,ESP32-1062,2026-03-25T10:00:00,87,21,0.8273,environmentally_unstable,inter_monsoon,humid_rain,36.03,70.14,135,195,257,298,0.7414,0.6958,0.2875,not_ready,False,2,True
BH-ENV-062-030,HIVE-062,ESP32-1062,2026-03-25T16:00:00,87,18,0.8198,environmentally_unstable,inter_monsoon,humid_rain,35.91,69.09,142,190,278,304,0.699,0.7155,0.2402,not_ready,False,3,True
BH-ENV-062-031,HIVE-062,ESP32-1062,2026-03-25T22:00:00,87,19,0.8034,environmentally_unstable,inter_monsoon,stable_clear,36.94,63.8,138,186,268,290,0.6803,0.7416,0.2059,not_ready,False,3,True
BH-ENV-062-032,HIVE-062,ESP32-1062,2026-03-26T04:00:00,88,22,0.8073,environmentally_unstable,inter_monsoon,stable_clear,35.74,61.49,123,178,237,261,0.6828,0.6339,0.2675,not_ready,False,1,True
BH-ENV-062-033,HIVE-062,ESP32-1062,2026-03-26T10:00:00,88,23,0.8205,environmentally_unstable,inter_monsoon,humid_rain,34.96,65.81,116,167,232,260,0.7024,0.4202,0.463,approaching,False,1,False
BH-ENV-062-034,HIVE-062,ESP32-1062,2026-03-26T16:00:00,88,15,0.8265,environmentally_unstable,inter_monsoon,storm_front,34.22,62.86,134,178,252,279,0.7323,0.3833,0.5098,approaching,False,1,False
BH-ENV-062-035,HIVE-062,ESP32-1062,2026-03-26T22:00:00,89,15,0.805,environmentally_unstable,inter_monsoon,storm_front,34.78,62.94,129,181,256,280,0.7325,0.4242,0.4899,approaching,False,2,False
BH-ENV-062-036,HIVE-062,ESP32-1062,2026-03-27T04:00:00,89,24,0.7979,environmentally_unstable,inter_monsoon,storm_front,33.48,67.1,124,172,244,255,0.728,0.3293,0.5343,approaching,False,0,False
BH-ENV-062-037,HIVE-062,ESP32-1062,2026-03-27T10:00:00,89,24,0.8011,environmentally_unstable,inter_monsoon,storm_front,32.97,66.97,122,184,244,267,0.7475,0.303,0.5696,approaching,False,1,False
BH-ENV-062-038,HIVE-062,ESP32-1062,2026-03-27T16:00:00,89,25,0.8122,environmentally_unstable,inter_monsoon,midday_heat,35.01,60.76,116,177,231,280,0.7333,0.4358,0.4781,approaching,False,1,False
BH-ENV-062-039,HIVE-062,ESP32-1062,2026-03-27T22:00:00,90,26,0.8248,environmentally_unstable,inter_monsoon,midday_heat,36.23,59.36,114,169,238,250,0.6892,0.6498,0.2654,not_ready,False,1,True
BH-ENV-062-040,HIVE-062,ESP32-1062,2026-03-28T04:00:00,90,23,0.832,environmentally_unstable,inter_monsoon,midday_heat,35.68,65.24,129,186,252,276,0.6963,0.6508,0.2699,not_ready,False,2,True
BH-ENV-062-041,HIVE-062,ESP32-1062,2026-03-28T10:00:00,90,25,0.8187,environmentally_unstable,inter_monsoon,midday_heat,35.79,67.58,144,191,260,296,0.7227,0.667,0.2871,not_ready,False,3,True
BH-ENV-062-042,HIVE-062,ESP32-1062,2026-03-28T16:00:00,91,19,0.8299,environmentally_unstable,inter_monsoon,midday_heat,35.66,67.79,150,197,252,293,0.759,0.6364,0.3372,not_ready,False,2,True
BH-ENV-062-043,HIVE-062,ESP32-1062,2026-03-28T22:00:00,91,25,0.8398,environmentally_unstable,inter_monsoon,midday_heat,36.27,62.12,137,171,241,266,0.7364,0.626,0.3187,not_ready,False,1,True
BH-ENV-062-044,HIVE-062,ESP32-1062,2026-03-29T04:00:00,91,26,0.8297,environmentally_unstable,inter_monsoon,midday_heat,36.27,59.48,127,177,247,248,0.7641,0.6357,0.3409,not_ready,False,1,True
BH-ENV-062-045,HIVE-062,ESP32-1062,2026-03-29T10:00:00,92,19,0.8416,environmentally_unstable,inter_monsoon,midday_heat,36.28,59.77,113,165,240,262,0.7552,0.6004,0.3535,approaching,False,1,True
BH-ENV-062-046,HIVE-062,ESP32-1062,2026-03-29T16:00:00,92,20,0.8364,environmentally_unstable,inter_monsoon,stable_clear,35.31,59.47,115,158,223,252,0.7197,0.4651,0.455,approaching,False,1,False
BH-ENV-062-047,HIVE-062,ESP32-1062,2026-03-29T22:00:00,92,27,0.8528,environmentally_unstable,inter_monsoon,stable_clear,35.44,60.07,105,167,226,255,0.7485,0.4426,0.4942,approaching,False,1,False
BH-ENV-062-048,HIVE-062,ESP32-1062,2026-03-30T04:00:00,93,28,0.8157,environmentally_unstable,inter_monsoon,stable_clear,35.47,60.83,98,160,209,258,0.709,0.4614,0.4491,approaching,False,1,False
BH-ENV-062-049,HIVE-062,ESP32-1062,2026-03-30T10:00:00,93,19,0.8466,environmentally_unstable,inter_monsoon,stable_clear,35.9,58.36,132,179,255,278,0.7272,0.6371,0.3056,not_ready,False,1,True
BH-ENV-062-050,HIVE-062,ESP32-1062,2026-03-30T16:00:00,93,24,0.8551,environmentally_unstable,inter_monsoon,stable_clear,35.8,57.51,144,192,261,284,0.7722,0.6781,0.3253,not_ready,False,3,True
BH-ENV-062-051,HIVE-062,ESP32-1062,2026-03-30T22:00:00,94,21,0.8371,environmentally_unstable,inter_monsoon,stable_clear,36.3,57.92,150,188,256,287,0.7606,0.6823,0.3126,not_ready,False,2,True
BH-ENV-062-052,HIVE-062,ESP32-1062,2026-03-31T04:00:00,94,23,0.8247,environmentally_unstable,inter_monsoon,humid_rain,36.15,62.61,155,199,273,307,0.735,0.7378,0.2577,not_ready,False,3,True
BH-ENV-062-053,HIVE-062,ESP32-1062,2026-03-31T10:00:00,94,30,0.8335,environmentally_unstable,inter_monsoon,humid_rain,34.31,64.61,138,179,266,296,0.6988,0.4401,0.4473,approaching,False,2,False
BH-ENV-062-054,HIVE-062,ESP32-1062,2026-03-31T16:00:00,94,26,0.8628,environmentally_unstable,inter_monsoon,stable_clear,35.22,61.61,120,170,242,270,0.7365,0.4763,0.4617,approaching,False,1,False
BH-ENV-062-055,HIVE-062,ESP32-1062,2026-03-31T22:00:00,95,21,0.8525,environmentally_unstable,inter_monsoon,stable_clear,35.42,59.6,113,158,228,267,0.7576,0.4431,0.501,approaching,False,1,False
BH-ENV-062-056,HIVE-062,ESP32-1062,2026-04-01T04:00:00,95,21,0.8562,environmentally_unstable,inter_monsoon,stable_clear,35.55,60.31,100,159,227,263,0.7586,0.5546,0.3816,approaching,False,1,True
BH-ENV-062-057,HIVE-062,ESP32-1062,2026-04-01T10:00:00,95,25,0.8626,environmentally_unstable,inter_monsoon,humid_rain,34.28,64.7,118,159,213,255,0.7132,0.3924,0.4865,approaching,False,1,False
BH-ENV-062-058,HIVE-062,ESP32-1062,2026-04-01T16:00:00,96,24,0.8622,environmentally_unstable,inter_monsoon,stable_clear,34.85,61.83,111,164,216,255,0.7312,0.4262,0.4863,approaching,False,1,False
BH-ENV-062-059,HIVE-062,ESP32-1062,2026-04-01T22:00:00,96,29,0.8352,environmentally_unstable,inter_monsoon,stable_clear,34.52,60.8,107,162,225,251,0.7242,0.3674,0.5138,approaching,False,1,False
BH-ENV-062-060,HIVE-062,ESP32-1062,2026-04-02T04:00:00,96,27,0.8703,environmentally_unstable,inter_monsoon,humid_rain,34.49,65.05,119,168,240,251,0.789,0.3985,0.5525,approaching,False,1,False
BH-ENV-062-061,HIVE-062,ESP32-1062,2026-04-02T10:00:00,97,30,0.8697,environmentally_unstable,inter_monsoon,humid_rain,34.62,66.92,120,174,243,256,0.7553,0.3895,0.5291,approaching,False,1,False
BH-ENV-062-062,HIVE-062,ESP32-1062,2026-04-02T16:00:00,97,26,0.849,environmentally_unstable,inter_monsoon,humid_rain,34.5,69.3,108,164,236,261,0.7384,0.4033,0.506,approaching,False,1,False
BH-ENV-062-063,HIVE-062,ESP32-1062,2026-04-02T22:00:00,97,33,0.8553,environmentally_unstable,inter_monsoon,stable_clear,34.66,64.94,124,164,227,237,0.7355,0.4214,0.4924,approaching,False,1,False
BH-ENV-062-064,HIVE-062,ESP32-1062,2026-04-03T04:00:00,97,30,0.8435,environmentally_unstable,inter_monsoon,stable_clear,35.01,61.8,118,150,220,226,0.7406,0.4292,0.4929,approaching,False,1,False
BH-ENV-062-065,HIVE-062,ESP32-1062,2026-04-03T10:00:00,98,27,0.8413,environmentally_unstable,inter_monsoon,humid_rain,34.66,64.45,115,163,213,236,0.7282,0.4183,0.4883,approaching,False,1,False
BH-ENV-062-066,HIVE-062,ESP32-1062,2026-04-03T16:00:00,98,27,0.8469,environmentally_unstable,inter_monsoon,humid_rain,34.51,67.34,119,172,222,258,0.7582,0.4054,0.522,approaching,False,1,False
BH-ENV-062-067,HIVE-062,ESP32-1062,2026-04-03T22:00:00,98,28,0.8477,environmentally_unstable,inter_monsoon,humid_rain,34.35,67.05,125,164,225,260,0.7752,0.3356,0.5768,approaching,False,1,False
BH-ENV-062-068,HIVE-062,ESP32-1062,2026-04-04T04:00:00,98,28,0.8736,environmentally_unstable,inter_monsoon,humid_rain,33.99,67.53,123,169,234,274,0.7871,0.3668,0.5695,approaching,False,1,False
BH-ENV-062-069,HIVE-062,ESP32-1062,2026-04-04T10:00:00,99,33,0.877,environmentally_unstable,inter_monsoon,humid_rain,33.57,68.1,136,172,242,281,0.7936,0.2988,0.6124,nearly_ready,False,1,False
BH-ENV-062-070,HIVE-062,ESP32-1062,2026-04-04T16:00:00,99,35,0.8643,environmentally_unstable,inter_monsoon,humid_rain,33.75,68.75,138,177,253,271,0.7477,0.3485,0.5452,approaching,False,1,False
BH-ENV-062-071,HIVE-062,ESP32-1062,2026-04-04T22:00:00,99,33,0.8773,environmentally_unstable,inter_monsoon,humid_rain,33.07,67.78,136,180,241,275,0.8,0.2732,0.6316,nearly_ready,False,0,False
BH-ENV-062-072,HIVE-062,ESP32-1062,2026-04-05T04:00:00,99,26,0.857,environmentally_unstable,inter_monsoon,storm_front,33.61,67.66,129,169,231,286,0.7683,0.3238,0.5763,approaching,False,1,False
BH-ENV-062-073,HIVE-062,ESP32-1062,2026-04-05T10:00:00,99,33,0.8677,environmentally_unstable,inter_monsoon,storm_front,33.41,68.75,122,167,243,273,0.7403,0.2525,0.5912,approaching,False,0,False
BH-ENV-062-074,HIVE-062,ESP32-1062,2026-04-05T16:00:00,100,34,0.8531,environmentally_unstable,inter_monsoon,storm_front,32.72,67.91,119,170,241,252,0.7372,0.2237,0.6036,nearly_ready,False,0,False
BH-ENV-062-075,HIVE-062,ESP32-1062,2026-04-05T22:00:00,100,29,0.8824,environmentally_unstable,inter_monsoon,storm_front,31.78,66.62,130,183,235,281,0.79,0.2388,0.6405,nearly_ready,False,1,False
BH-ENV-062-076,HIVE-062,ESP32-1062,2026-04-06T04:00:00,100,29,0.8702,environmentally_unstable,inter_monsoon,storm_front,31.85,66.96,141,182,247,283,0.7459,0.2288,0.6098,nearly_ready,False,1,False
BH-ENV-062-078,HIVE-062,ESP32-1062,2026-04-06T16:00:00,100,27,0.8908,environmentally_unstable,inter_monsoon,cloudy_stable,30.49,61.82,157,196,261,290,0.7318,0.3173,0.541,approaching,False,2,False
BH-ENV-062-079,HIVE-062,ESP32-1062,2026-04-06T22:00:00,100,36,0.8758,environmentally_unstable,inter_monsoon,cloudy_stable,32.19,62.48,138,177,241,290,0.7622,0.233,0.6179,nearly_ready,False,0,False
BH-ENV-062-080,HIVE-062,ESP32-1062,2026-04-07T04:00:00,100,31,0.8904,environmentally_unstable,inter_monsoon,cloudy_stable,32.82,60.43,138,181,251,287,0.7404,0.2553,0.5887,approaching,False,1,False
BH-ENV-062-081,HIVE-062,ESP32-1062,2026-04-07T10:00:00,101,30,0.8853,environmentally_unstable,inter_monsoon,humid_rain,34.03,66.14,113,177,233,274,0.7656,0.3675,0.5456,approaching,False,1,False
BH-ENV-062-082,HIVE-062,ESP32-1062,2026-04-07T16:00:00,101,30,0.8837,environmentally_unstable,inter_monsoon,humid_rain,33.96,66.4,128,178,250,270,0.7613,0.3395,0.5623,approaching,False,1,False
BH-ENV-062-084,HIVE-062,ESP32-1062,2026-04-08T04:00:00,101,36,0.8737,environmentally_unstable,inter_monsoon,humid_rain,35.57,66.05,142,164,240,315,0.7376,0.6383,0.3116,not_ready,False,1,True
BH-ENV-062-085,HIVE-062,ESP32-1062,2026-04-08T10:00:00,101,33,0.8676,environmentally_unstable,inter_monsoon,humid_rain,34.28,66.8,135,175,217,280,0.7756,0.3489,0.5666,approaching,False,1,False
BH-ENV-062-086,HIVE-062,ESP32-1062,2026-04-08T16:00:00,101,33,0.8915,environmentally_unstable,inter_monsoon,storm_front,34.2,69.68,122,172,231,266,0.7951,0.3737,0.572,approaching,False,1,False
BH-ENV-062-088,HIVE-062,ESP32-1062,2026-04-09T04:00:00,101,27,0.8891,environmentally_unstable,inter_monsoon,humid_rain,35.31,68.1,108,168,227,297,0.7883,0.4797,0.5025,approaching,False,1,False
BH-ENV-062-089,HIVE-062,ESP32-1062,2026-04-09T10:00:00,101,33,0.8653,environmentally_unstable,inter_monsoon,storm_front,34.26,70.05,123,172,242,279,0.7552,0.3921,0.5251,approaching,False,1,False
BH-ENV-063-000,HIVE-063,ESP32-1063,2026-03-24T16:00:00,121,18,0.6354,environmentally_unstable,inter_monsoon,post_rain,33.1,64.47,120,104,270,260,0.6754,0.2806,0.5169,approaching,False,1,False
BH-ENV-063-001,HIVE-063,ESP32-1063,2026-03-24T22:00:00,121,15,0.6507,environmentally_unstable,inter_monsoon,post_rain,32.65,66.49,127,112,268,259,0.6469,0.2351,0.5178,approaching,False,1,False
BH-ENV-063-002,HIVE-063,ESP32-1063,2026-03-25T04:00:00,121,13,0.6332,environmentally_unstable,inter_monsoon,storm_front,32.2,64.15,140,128,291,272,0.694,0.2249,0.564,approaching,False,1,False
BH-ENV-063-003,HIVE-063,ESP32-1063,2026-03-25T10:00:00,121,9,0.6368,environmentally_unstable,inter_monsoon,storm_front,32.51,62.28,139,117,285,286,0.6551,0.2738,0.5039,approaching,False,1,False
BH-ENV-063-004,HIVE-063,ESP32-1063,2026-03-25T16:00:00,121,17,0.6406,environmentally_unstable,inter_monsoon,humid_rain,33.32,61.33,143,120,290,307,0.6904,0.3359,0.5004,approaching,False,1,False
BH-ENV-063-005,HIVE-063,ESP32-1063,2026-03-25T22:00:00,121,15,0.6582,environmentally_unstable,inter_monsoon,humid_rain,33.14,60.27,151,122,296,302,0.6654,0.3047,0.4967,approaching,False,1,False
BH-ENV-063-006,HIVE-063,ESP32-1063,2026-03-26T04:00:00,121,16,0.6526,environmentally_unstable,inter_monsoon,humid_rain,33.43,60.33,146,133,303,296,0.6573,0.3413,0.4696,approaching,False,1,False
BH-ENV-063-007,HIVE-063,ESP32-1063,2026-03-26T10:00:00,121,10,0.6301,environmentally_unstable,inter_monsoon,storm_front,33.19,66.28,133,118,287,277,0.6793,0.3014,0.5078,approaching,False,1,False
BH-ENV-063-008,HIVE-063,ESP32-1063,2026-03-26T16:00:00,122,9,0.6556,environmentally_unstable,inter_monsoon,storm_front,32.81,68.6,139,113,284,273,0.66,0.2364,0.5286,approaching,False,1,False
BH-ENV-063-009,HIVE-063,ESP32-1063,2026-03-26T22:00:00,122,9,0.6678,environmentally_unstable,inter_monsoon,post_rain,33.27,67.41,142,117,279,273,0.724,0.3085,0.5458,approaching,False,1,False
BH-ENV-063-010,HIVE-063,ESP32-1063,2026-03-27T04:00:00,122,15,0.6679,environmentally_unstable,inter_monsoon,post_rain,33.28,68.02,133,111,274,253,0.676,0.2679,0.5266,approaching,False,1,False
BH-ENV-063-011,HIVE-063,ESP32-1063,2026-03-27T10:00:00,122,16,0.6624,environmentally_unstable,inter_monsoon,humid_rain,35.48,70.36,145,122,284,270,0.6963,0.5387,0.3902,approaching,False,2,False
BH-ENV-063-012,HIVE-063,ESP32-1063,2026-03-27T16:00:00,122,11,0.6652,environmentally_unstable,inter_monsoon,post_rain,36.08,72.11,139,123,285,279,0.6802,0.6874,0.2382,not_ready,False,2,True
BH-ENV-063-013,HIVE-063,ESP32-1063,2026-03-27T22:00:00,122,9,0.6375,environmentally_unstable,inter_monsoon,post_rain,35.78,72.51,147,123,286,281,0.7006,0.6506,0.2778,not_ready,False,2,True
BH-ENV-063-014,HIVE-063,ESP32-1063,2026-03-28T04:00:00,123,18,0.6447,environmentally_unstable,inter_monsoon,post_rain,35.89,73.05,155,128,288,285,0.7038,0.6391,0.287,not_ready,False,2,True
BH-ENV-063-015,HIVE-063,ESP32-1063,2026-03-28T10:00:00,123,12,0.6636,environmentally_unstable,inter_monsoon,post_rain,36.16,72.83,150,129,302,277,0.7233,0.6699,0.287,not_ready,False,2,True
BH-ENV-063-016,HIVE-063,ESP32-1063,2026-03-28T16:00:00,123,17,0.6481,environmentally_unstable,inter_monsoon,post_rain,35.03,70.8,146,109,284,261,0.6666,0.4383,0.4214,approaching,False,2,False
BH-ENV-063-017,HIVE-063,ESP32-1063,2026-03-28T22:00:00,123,15,0.6497,environmentally_unstable,inter_monsoon,cloudy_stable,34.65,67.11,136,104,262,279,0.6855,0.428,0.4446,approaching,False,2,False
BH-ENV-063-019,HIVE-063,ESP32-1063,2026-03-29T10:00:00,124,15,0.653,environmentally_unstable,inter_monsoon,cloudy_stable,33.25,67.02,147,104,270,304,0.6558,0.325,0.4733,approaching,False,1,False
BH-ENV-063-020,HIVE-063,ESP32-1063,2026-03-29T16:00:00,124,21,0.681,environmentally_unstable,inter_monsoon,humid_rain,33.26,66.54,144,108,274,281,0.7107,0.2775,0.5521,approaching,False,1,False
BH-ENV-063-021,HIVE-063,ESP32-1063,2026-03-29T22:00:00,125,18,0.6592,environmentally_unstable,inter_monsoon,humid_rain,33.65,67.79,142,109,274,291,0.69,0.3287,0.5049,approaching,False,2,False
BH-ENV-063-022,HIVE-063,ESP32-1063,2026-03-30T04:00:00,125,18,0.6826,environmentally_unstable,inter_monsoon,humid_rain,32.44,65.25,133,122,277,297,0.6599,0.2591,0.514,approaching,False,1,False
BH-ENV-063-023,HIVE-063,ESP32-1063,2026-03-30T10:00:00,125,22,0.6931,environmentally_unstable,inter_monsoon,humid_rain,31.6,65.18,137,134,277,291,0.7069,0.2051,0.5872,approaching,False,1,False
BH-ENV-063-024,HIVE-063,ESP32-1063,2026-03-30T16:00:00,125,22,0.6601,environmentally_unstable,inter_monsoon,humid_rain,31.32,64.48,140,118,283,277,0.6656,0.2387,0.533,approaching,False,1,False
BH-ENV-063-025,HIVE-063,ESP32-1063,2026-03-30T22:00:00,126,15,0.6808,environmentally_unstable,inter_monsoon,humid_rain,31.16,63.31,144,127,293,287,0.7183,0.2308,0.5838,approaching,False,1,False
BH-ENV-063-026,HIVE-063,ESP32-1063,2026-03-31T04:00:00,126,21,0.6896,environmentally_unstable,inter_monsoon,humid_rain,31.32,64.87,149,125,289,278,0.7049,0.198,0.5901,approaching,False,1,False
BH-ENV-063-027,HIVE-063,ESP32-1063,2026-03-31T10:00:00,127,21,0.6678,environmentally_unstable,inter_monsoon,humid_rain,32.84,65.93,133,113,269,275,0.6608,0.246,0.5219,approaching,False,1,False
BH-ENV-063-028,HIVE-063,ESP32-1063,2026-03-31T16:00:00,127,17,0.7017,environmentally_unstable,inter_monsoon,humid_rain,33.06,67.38,142,113,274,270,0.7185,0.2872,0.5529,approaching,False,1,False
BH-ENV-063-029,HIVE-063,ESP32-1063,2026-03-31T22:00:00,127,21,0.6856,environmentally_unstable,inter_monsoon,post_rain,33.0,66.42,134,116,259,253,0.7126,0.2415,0.5731,approaching,False,0,False
BH-ENV-063-030,HIVE-063,ESP32-1063,2026-04-01T04:00:00,128,21,0.6994,environmentally_unstable,inter_monsoon,post_rain,33.29,67.19,132,117,274,261,0.7311,0.2994,0.5575,approaching,False,1,False
BH-ENV-063-031,HIVE-063,ESP32-1063,2026-04-01T10:00:00,128,17,0.6987,environmentally_unstable,inter_monsoon,post_rain,33.57,67.66,143,97,262,254,0.7487,0.3198,0.5613,approaching,False,2,False
BH-ENV-063-032,HIVE-063,ESP32-1063,2026-04-01T16:00:00,128,22,0.6828,environmentally_unstable,inter_monsoon,post_rain,33.27,67.16,131,105,288,265,0.7045,0.2958,0.5356,approaching,False,1,False
BH-ENV-063-033,HIVE-063,ESP32-1063,2026-04-01T22:00:00,129,23,0.6875,environmentally_unstable,inter_monsoon,post_rain,35.46,72.41,139,115,300,271,0.7063,0.5166,0.41,approaching,False,2,False
BH-ENV-063-034,HIVE-063,ESP32-1063,2026-04-02T04:00:00,129,24,0.6884,environmentally_unstable,inter_monsoon,post_rain,36.6,73.12,137,128,302,285,0.7348,0.7012,0.2779,not_ready,False,2,True
BH-ENV-063-035,HIVE-063,ESP32-1063,2026-04-02T10:00:00,130,23,0.6984,environmentally_unstable,inter_monsoon,post_rain,36.01,74.39,140,122,296,282,0.6854,0.6401,0.269,not_ready,False,2,True
BH-ENV-063-036,HIVE-063,ESP32-1063,2026-04-02T16:00:00,130,22,0.696,environmentally_unstable,inter_monsoon,storm_front,35.47,75.78,143,122,300,293,0.7365,0.5072,0.4472,approaching,False,2,False
BH-ENV-063-037,HIVE-063,ESP32-1063,2026-04-02T22:00:00,130,20,0.7338,environmentally_unstable,inter_monsoon,storm_front,33.63,73.07,133,117,287,288,0.7482,0.3439,0.5439,approaching,False,2,False
BH-ENV-063-038,HIVE-063,ESP32-1063,2026-04-03T04:00:00,131,24,0.7124,environmentally_unstable,inter_monsoon,cloudy_stable,32.29,71.77,141,110,293,273,0.7106,0.2109,0.5855,approaching,False,1,False
BH-ENV-063-039,HIVE-063,ESP32-1063,2026-04-03T10:00:00,131,19,0.7248,environmentally_unstable,inter_monsoon,stable_clear,31.87,68.8,146,125,293,288,0.7243,0.2569,0.5733,approaching,False,1,False
BH-ENV-063-040,HIVE-063,ESP32-1063,2026-04-03T16:00:00,132,26,0.7409,environmentally_unstable,inter_monsoon,midday_heat,32.07,67.21,146,126,290,295,0.7407,0.2155,0.612,nearly_ready,False,1,False
BH-ENV-063-041,HIVE-063,ESP32-1063,2026-04-03T22:00:00,132,24,0.7189,environmentally_unstable,inter_monsoon,midday_heat,34.24,63.22,133,124,278,280,0.7219,0.4385,0.4673,approaching,False,2,False
BH-ENV-063-042,HIVE-063,ESP32-1063,2026-04-04T04:00:00,132,26,0.7198,environmentally_unstable,inter_monsoon,post_rain,33.46,69.47,140,143,308,308,0.7478,0.4898,0.403,approaching,False,1,True
BH-ENV-063-043,HIVE-063,ESP32-1063,2026-04-04T10:00:00,133,26,0.7537,environmentally_unstable,inter_monsoon,post_rain,33.81,72.33,155,146,298,309,0.7411,0.3992,0.51,approaching,False,2,False
BH-ENV-063-044,HIVE-063,ESP32-1063,2026-04-04T16:00:00,133,22,0.7483,environmentally_unstable,inter_monsoon,humid_rain,33.35,73.97,167,141,317,294,0.7644,0.4734,0.4299,approaching,False,1,True
BH-ENV-063-045,HIVE-063,ESP32-1063,2026-04-04T22:00:00,134,26,0.7451,environmentally_unstable,inter_monsoon,humid_rain,33.18,74.79,159,143,320,309,0.7753,0.4408,0.4587,approaching,False,1,True
BH-ENV-063-047,HIVE-063,ESP32-1063,2026-04-05T10:00:00,135,23,0.7378,environmentally_unstable,inter_monsoon,humid_rain,33.6,70.55,152,127,304,281,0.7117,0.3902,0.4863,approaching,False,2,False
BH-ENV-063-048,HIVE-063,ESP32-1063,2026-04-05T16:00:00,135,28,0.736,environmentally_unstable,inter_monsoon,stable_clear,33.73,64.8,142,100,280,270,0.7568,0.3485,0.5502,approaching,False,2,False
BH-ENV-063-049,HIVE-063,ESP32-1063,2026-04-05T22:00:00,135,32,0.7654,environmentally_unstable,inter_monsoon,stable_clear,35.72,57.06,150,124,286,273,0.7125,0.664,0.2735,not_ready,False,2,True
BH-ENV-063-050,HIVE-063,ESP32-1063,2026-04-06T04:00:00,136,24,0.7488,environmentally_unstable,inter_monsoon,stable_clear,36.16,54.06,155,128,294,281,0.7427,0.7324,0.2681,not_ready,False,2,True
BH-ENV-063-051,HIVE-063,ESP32-1063,2026-04-06T10:00:00,136,29,0.7491,environmentally_unstable,inter_monsoon,post_rain,35.78,57.35,149,138,317,300,0.7272,0.6597,0.294,not_ready,False,2,True
BH-ENV-063-052,HIVE-063,ESP32-1063,2026-04-06T16:00:00,137,27,0.7779,environmentally_unstable,inter_monsoon,post_rain,35.33,56.54,156,147,309,286,0.7607,0.5968,0.3593,approaching,False,2,True
BH-ENV-063-053,HIVE-063,ESP32-1063,2026-04-06T22:00:00,137,33,0.7828,environmentally_unstable,inter_monsoon,post_rain,35.27,57.9,164,148,307,308,0.7939,0.6152,0.3791,approaching,False,2,True
BH-ENV-063-056,HIVE-063,ESP32-1063,2026-04-07T16:00:00,138,27,0.792,environmentally_unstable,inter_monsoon,stable_clear,33.91,61.1,146,116,300,272,0.7533,0.3643,0.5396,approaching,False,2,False
BH-ENV-063-057,HIVE-063,ESP32-1063,2026-04-07T22:00:00,139,26,0.7789,environmentally_unstable,inter_monsoon,stable_clear,33.98,59.88,135,112,280,259,0.7865,0.3807,0.5613,approaching,False,2,False
BH-ENV-063-058,HIVE-063,ESP32-1063,2026-04-08T04:00:00,139,36,0.7763,environmentally_unstable,inter_monsoon,stable_clear,34.5,59.24,134,105,285,265,0.7462,0.4414,0.4923,approaching,False,2,False
BH-ENV-063-059,HIVE-063,ESP32-1063,2026-04-08T10:00:00,139,27,0.7643,environmentally_unstable,inter_monsoon,stable_clear,34.86,59.18,132,102,274,262,0.7523,0.4192,0.5104,approaching,False,2,False
BH-ENV-063-060,HIVE-063,ESP32-1063,2026-04-08T16:00:00,140,34,0.7914,environmentally_unstable,inter_monsoon,stable_clear,34.67,60.61,136,100,273,273,0.7803,0.4428,0.5218,approaching,False,2,False
BH-ENV-063-061,HIVE-063,ESP32-1063,2026-04-08T22:00:00,140,27,0.7811,environmentally_unstable,inter_monsoon,storm_front,32.97,65.67,151,125,306,276,0.7192,0.439,0.4044,approaching,False,1,True
BH-ENV-063-062,HIVE-063,ESP32-1063,2026-04-09T04:00:00,140,33,0.7749,environmentally_unstable,inter_monsoon,stable_clear,33.62,60.87,151,128,310,272,0.7282,0.4659,0.4009,approaching,False,2,True
BH-ENV-063-063,HIVE-063,ESP32-1063,2026-04-09T10:00:00,141,34,0.8007,environmentally_unstable,inter_monsoon,stable_clear,34.37,60.83,134,122,300,268,0.8086,0.3901,0.5749,approaching,False,2,False
BH-ENV-063-064,HIVE-063,ESP32-1063,2026-04-09T16:00:00,141,32,0.804,environmentally_unstable,inter_monsoon,stable_clear,34.05,60.39,139,125,310,283,0.7872,0.5087,0.4316,approaching,False,2,True
BH-ENV-063-065,HIVE-063,ESP32-1063,2026-04-09T22:00:00,142,31,0.7871,environmentally_unstable,inter_monsoon,storm_front,32.98,66.25,128,123,301,286,0.7322,0.3033,0.5522,approaching,False,1,False
BH-ENV-063-066,HIVE-063,ESP32-1063,2026-04-10T04:00:00,142,37,0.8127,environmentally_unstable,inter_monsoon,storm_front,32.38,66.41,131,125,290,277,0.8031,0.2285,0.6595,nearly_ready,False,1,False
BH-ENV-063-069,HIVE-063,ESP32-1063,2026-04-10T22:00:00,143,34,0.8258,environmentally_unstable,inter_monsoon,stable_clear,34.3,67.47,172,147,320,326,0.7761,0.5961,0.3711,approaching,False,3,True
BH-ENV-063-070,HIVE-063,ESP32-1063,2026-04-11T04:00:00,143,35,0.8159,environmentally_unstable,inter_monsoon,stable_clear,34.59,66.42,173,139,304,305,0.8023,0.441,0.5417,approaching,False,2,False
BH-ENV-063-071,HIVE-063,ESP32-1063,2026-04-11T10:00:00,143,32,0.7942,environmentally_unstable,inter_monsoon,stable_clear,35.12,66.31,160,142,313,311,0.8078,0.5888,0.4054,approaching,False,2,True
BH-ENV-063-072,HIVE-063,ESP32-1063,2026-04-11T16:00:00,144,41,0.7987,environmentally_unstable,inter_monsoon,stable_clear,34.43,64.12,142,108,294,283,0.7839,0.4435,0.5219,approaching,False,2,False
BH-ENV-063-073,HIVE-063,ESP32-1063,2026-04-11T22:00:00,144,41,0.8129,environmentally_unstable,inter_monsoon,storm_front,33.39,66.33,135,125,297,273,0.7912,0.317,0.5981,approaching,False,1,False
BH-ENV-063-074,HIVE-063,ESP32-1063,2026-04-12T04:00:00,144,38,0.8229,environmentally_unstable,inter_monsoon,storm_front,32.58,68.02,140,123,301,275,0.8068,0.2431,0.6537,nearly_ready,False,1,False
BH-ENV-063-075,HIVE-063,ESP32-1063,2026-04-12T10:00:00,144,35,0.8051,environmentally_unstable,inter_monsoon,humid_rain,33.07,67.24,163,130,312,308,0.7938,0.4578,0.4643,approaching,False,1,True
BH-ENV-063-079,HIVE-063,ESP32-1063,2026-04-13T10:00:00,145,36,0.8097,environmentally_unstable,inter_monsoon,humid_rain,33.35,67.74,161,130,315,305,0.8063,0.4434,0.4841,approaching,False,1,True
BH-ENV-063-080,HIVE-063,ESP32-1063,2026-04-13T16:00:00,145,38,0.8325,environmentally_unstable,inter_monsoon,stable_clear,33.9,66.79,157,129,308,293,0.8245,0.4857,0.4766,approaching,False,2,True
BH-ENV-063-081,HIVE-063,ESP32-1063,2026-04-13T22:00:00,145,33,0.836,environmentally_unstable,inter_monsoon,stable_clear,34.56,67.67,161,127,309,286,0.8006,0.5338,0.429,approaching,False,2,True
BH-ENV-063-082,HIVE-063,ESP32-1063,2026-04-14T04:00:00,146,36,0.8201,environmentally_unstable,inter_monsoon,cloudy_stable,34.8,67.47,139,113,293,284,0.8282,0.4271,0.5724,approaching,False,2,False
BH-ENV-063-083,HIVE-063,ESP32-1063,2026-04-14T10:00:00,146,35,0.8109,environmentally_unstable,inter_monsoon,cloudy_stable,34.24,67.67,138,123,296,280,0.7771,0.4027,0.5409,approaching,False,2,False
BH-ENV-063-084,HIVE-063,ESP32-1063,2026-04-14T16:00:00,146,36,0.8395,environmentally_unstable,inter_monsoon,cloudy_stable,33.6,69.67,139,114,300,288,0.7925,0.3716,0.5705,approaching,False,2,False
BH-ENV-063-085,HIVE-063,ESP32-1063,2026-04-14T22:00:00,146,43,0.8366,environmentally_unstable,inter_monsoon,midday_heat,35.0,66.7,142,123,308,299,0.8157,0.5979,0.4044,approaching,False,2,True
BH-ENV-063-086,HIVE-063,ESP32-1063,2026-04-15T04:00:00,146,33,0.8495,environmentally_unstable,inter_monsoon,midday_heat,35.57,61.58,134,115,291,289,0.8265,0.6572,0.3816,approaching,False,2,True
BH-ENV-063-087,HIVE-063,ESP32-1063,2026-04-15T10:00:00,146,40,0.8366,environmentally_unstable,inter_monsoon,midday_heat,37.52,58.81,155,144,319,313,0.8207,0.7022,0.3492,not_ready,False,2,True
BH-ENV-063-088,HIVE-063,ESP32-1063,2026-04-15T16:00:00,146,35,0.8292,environmentally_unstable,inter_monsoon,midday_heat,37.87,58.11,181,146,312,321,0.8051,0.7627,0.3073,not_ready,False,4,True
BH-ENV-064-000,HIVE-064,ESP32-1064,2026-01-28T08:00:00,110,13,0.5413,environmentally_unstable,inter_monsoon,stable_clear,33.01,76.01,173,198,282,286,0.6242,0.3326,0.4432,approaching,False,2,False
BH-ENV-064-001,HIVE-064,ESP32-1064,2026-01-28T14:00:00,110,17,0.5416,environmentally_unstable,inter_monsoon,stable_clear,33.68,74.55,184,205,291,309,0.5817,0.5993,0.1995,not_ready,False,4,True
BH-ENV-064-002,HIVE-064,ESP32-1064,2026-01-28T20:00:00,110,15,0.5707,environmentally_unstable,inter_monsoon,stable_clear,34.32,73.85,192,212,298,302,0.6574,0.6259,0.2521,not_ready,False,4,True
BH-ENV-064-003,HIVE-064,ESP32-1064,2026-01-29T02:00:00,110,9,0.5641,environmentally_unstable,inter_monsoon,stable_clear,33.85,73.69,202,227,301,301,0.625,0.6028,0.2369,not_ready,False,4,True
BH-ENV-064-004,HIVE-064,ESP32-1064,2026-01-29T08:00:00,110,9,0.5446,environmentally_unstable,inter_monsoon,stable_clear,33.95,73.57,199,223,320,303,0.6531,0.649,0.2371,not_ready,False,4,True
BH-ENV-064-005,HIVE-064,ESP32-1064,2026-01-29T14:00:00,110,13,0.5461,environmentally_unstable,inter_monsoon,stable_clear,33.31,78.52,172,200,292,281,0.5962,0.3885,0.3858,approaching,False,2,False
BH-ENV-064-006,HIVE-064,ESP32-1064,2026-01-29T20:00:00,110,14,0.5405,environmentally_unstable,inter_monsoon,midday_heat,34.2,78.78,187,203,292,285,0.6158,0.6214,0.2178,not_ready,False,4,True
BH-ENV-064-007,HIVE-064,ESP32-1064,2026-01-30T02:00:00,111,11,0.5594,environmentally_unstable,inter_monsoon,humid_rain,31.4,82.69,193,216,312,297,0.606,0.5669,0.2333,not_ready,False,4,True
BH-ENV-064-011,HIVE-064,ESP32-1064,2026-01-31T02:00:00,111,14,0.5578,environmentally_unstable,inter_monsoon,cloudy_stable,31.21,84.3,182,190,296,284,0.6392,0.5355,0.2832,not_ready,False,4,True
BH-ENV-064-012,HIVE-064,ESP32-1064,2026-01-31T08:00:00,112,11,0.5687,environmentally_unstable,inter_monsoon,cloudy_stable,32.18,84.39,174,190,284,281,0.6561,0.5401,0.298,not_ready,False,3,True
BH-ENV-064-013,HIVE-064,ESP32-1064,2026-01-31T14:00:00,112,16,0.5744,environmentally_unstable,inter_monsoon,cloudy_stable,32.02,84.98,169,187,297,276,0.6345,0.5487,0.2756,not_ready,False,3,True
BH-ENV-064-014,HIVE-064,ESP32-1064,2026-01-31T20:00:00,112,14,0.5755,environmentally_unstable,inter_monsoon,cloudy_stable,32.26,83.77,175,188,283,276,0.6227,0.5212,0.2799,not_ready,False,3,True
BH-ENV-064-015,HIVE-064,ESP32-1064,2026-02-01T02:00:00,112,10,0.5721,environmentally_unstable,inter_monsoon,stable_clear,33.11,82.1,170,179,276,271,0.6602,0.3731,0.4528,approaching,False,2,False
BH-ENV-064-016,HIVE-064,ESP32-1064,2026-02-01T08:00:00,113,21,0.5807,environmentally_unstable,inter_monsoon,stable_clear,33.03,81.4,178,182,285,277,0.6293,0.5097,0.2926,not_ready,False,3,True
BH-ENV-064-018,HIVE-064,ESP32-1064,2026-02-01T20:00:00,113,21,0.5548,environmentally_unstable,inter_monsoon,stable_clear,32.26,81.59,184,215,297,264,0.6339,0.5097,0.2927,not_ready,False,4,True
BH-ENV-064-019,HIVE-064,ESP32-1064,2026-02-02T02:00:00,114,12,0.5645,environmentally_unstable,inter_monsoon,stable_clear,31.33,82.17,177,205,289,284,0.6555,0.5024,0.3177,not_ready,False,3,True
BH-ENV-064-020,HIVE-064,ESP32-1064,2026-02-02T08:00:00,114,22,0.5639,environmentally_unstable,inter_monsoon,stable_clear,32.04,81.85,171,200,282,287,0.6235,0.4951,0.2944,not_ready,False,3,True
BH-ENV-064-021,HIVE-064,ESP32-1064,2026-02-02T14:00:00,115,18,0.5723,environmentally_unstable,inter_monsoon,stable_clear,32.31,82.33,160,197,271,285,0.6131,0.469,0.3004,not_ready,False,3,True
BH-ENV-064-022,HIVE-064,ESP32-1064,2026-02-02T20:00:00,115,17,0.588,environmentally_unstable,inter_monsoon,cloudy_stable,32.49,83.72,156,189,278,275,0.6191,0.5112,0.2822,not_ready,False,3,True
BH-ENV-064-023,HIVE-064,ESP32-1064,2026-02-03T02:00:00,115,23,0.5826,environmentally_unstable,inter_monsoon,post_rain,31.94,86.07,168,198,269,286,0.6386,0.5408,0.2817,not_ready,False,3,True
BH-ENV-064-024,HIVE-064,ESP32-1064,2026-02-03T08:00:00,116,14,0.5865,environmentally_unstable,inter_monsoon,post_rain,31.52,86.99,178,190,274,266,0.6425,0.5572,0.277,not_ready,False,3,True
BH-ENV-064-025,HIVE-064,ESP32-1064,2026-02-03T14:00:00,116,20,0.5945,environmentally_unstable,inter_monsoon,cloudy_stable,31.34,85.49,196,210,298,308,0.6348,0.5805,0.2568,not_ready,False,4,True
BH-ENV-064-026,HIVE-064,ESP32-1064,2026-02-03T20:00:00,117,15,0.6011,environmentally_unstable,inter_monsoon,stable_clear,31.6,82.6,192,212,299,316,0.6268,0.581,0.2499,not_ready,False,4,True
BH-ENV-064-027,HIVE-064,ESP32-1064,2026-02-04T02:00:00,117,18,0.5745,environmentally_unstable,inter_monsoon,stable_clear,32.04,82.02,192,212,313,314,0.6646,0.5336,0.31,not_ready,False,4,True
BH-ENV-064-028,HIVE-064,ESP32-1064,2026-02-04T08:00:00,118,21,0.5927,environmentally_unstable,inter_monsoon,stable_clear,32.57,82.98,185,194,278,293,0.6492,0.5508,0.2856,not_ready,False,4,True
BH-ENV-064-029,HIVE-064,ESP32-1064,2026-02-04T14:00:00,118,16,0.5979,environmentally_unstable,inter_monsoon,midday_heat,32.8,79.09,185,211,310,326,0.6625,0.5712,0.2855,not_ready,False,4,True
BH-ENV-064-030,HIVE-064,ESP32-1064,2026-02-04T20:00:00,118,24,0.6043,environmentally_unstable,inter_monsoon,stable_clear,32.9,80.49,196,225,318,332,0.6688,0.6205,0.2658,not_ready,False,5,True
BH-ENV-064-031,HIVE-064,ESP32-1064,2026-02-05T02:00:00,119,17,0.6116,environmentally_unstable,inter_monsoon,stable_clear,32.98,80.21,203,231,317,323,0.6999,0.5992,0.3057,not_ready,False,5,True
BH-ENV-064-032,HIVE-064,ESP32-1064,2026-02-05T08:00:00,119,27,0.6182,environmentally_unstable,inter_monsoon,stable_clear,33.27,82.66,187,200,295,281,0.6538,0.5996,0.2621,not_ready,False,4,True
BH-ENV-064-036,HIVE-064,ESP32-1064,2026-02-06T08:00:00,121,21,0.6287,environmentally_unstable,inter_monsoon,post_rain,32.19,88.94,192,211,309,293,0.6588,0.6262,0.2533,not_ready,False,4,True
BH-ENV-064-037,HIVE-064,ESP32-1064,2026-02-06T14:00:00,122,30,0.6048,environmentally_unstable,inter_monsoon,humid_rain,31.66,89.48,171,200,311,295,0.648,0.6333,0.24,not_ready,False,3,True
BH-ENV-064-038,HIVE-064,ESP32-1064,2026-02-06T20:00:00,123,29,0.6426,environmentally_unstable,inter_monsoon,humid_rain,32.03,88.36,178,199,294,298,0.7036,0.5718,0.323,not_ready,False,3,True
BH-ENV-064-039,HIVE-064,ESP32-1064,2026-02-07T02:00:00,123,27,0.6387,environmentally_unstable,inter_monsoon,midday_heat,33.27,82.78,177,199,287,275,0.6493,0.5942,0.2591,not_ready,False,3,True
BH-ENV-064-040,HIVE-064,ESP32-1064,2026-02-07T08:00:00,124,32,0.6445,environmentally_unstable,inter_monsoon,midday_heat,33.5,79.9,172,202,296,282,0.6652,0.4127,0.4363,approaching,False,2,False
BH-ENV-064-041,HIVE-064,ESP32-1064,2026-02-07T14:00:00,124,29,0.633,environmentally_unstable,inter_monsoon,midday_heat,33.86,79.61,180,198,287,278,0.6909,0.5928,0.3007,not_ready,False,3,True
BH-ENV-064-042,HIVE-064,ESP32-1064,2026-02-07T20:00:00,125,30,0.6327,environmentally_unstable,inter_monsoon,midday_heat,34.07,79.0,172,205,303,271,0.6612,0.6067,0.2669,not_ready,False,3,True
BH-ENV-064-043,HIVE-064,ESP32-1064,2026-02-08T02:00:00,125,23,0.6311,environmentally_unstable,inter_monsoon,post_rain,33.92,79.78,193,216,312,310,0.6471,0.6386,0.2364,not_ready,False,4,True
BH-ENV-064-044,HIVE-064,ESP32-1064,2026-02-08T08:00:00,126,30,0.634,environmentally_unstable,inter_monsoon,post_rain,33.42,80.56,196,219,320,324,0.6471,0.6066,0.2541,not_ready,False,5,True
BH-ENV-064-046,HIVE-064,ESP32-1064,2026-02-08T20:00:00,127,25,0.6422,environmentally_unstable,inter_monsoon,storm_front,31.78,87.05,192,197,310,309,0.6844,0.6559,0.2561,not_ready,False,4,True
BH-ENV-064-047,HIVE-064,ESP32-1064,2026-02-09T02:00:00,127,34,0.649,environmentally_unstable,inter_monsoon,humid_rain,31.3,86.81,183,208,311,311,0.6923,0.6449,0.2731,not_ready,False,4,True
BH-ENV-064-048,HIVE-064,ESP32-1064,2026-02-09T08:00:00,128,36,0.6718,environmentally_unstable,inter_monsoon,humid_rain,31.45,86.18,186,214,304,323,0.7393,0.6187,0.3293,not_ready,False,5,True
BH-ENV-064-049,HIVE-064,ESP32-1064,2026-02-09T14:00:00,128,26,0.6703,environmentally_unstable,inter_monsoon,humid_rain,31.41,86.97,192,226,295,312,0.6811,0.6358,0.2686,not_ready,False,4,True
BH-ENV-064-050,HIVE-064,ESP32-1064,2026-02-09T20:00:00,129,35,0.6442,environmentally_unstable,inter_monsoon,humid_rain,31.01,84.82,185,207,311,316,0.6618,0.6168,0.2606,not_ready,False,4,True
BH-ENV-064-051,HIVE-064,ESP32-1064,2026-02-10T02:00:00,129,35,0.6669,environmentally_unstable,inter_monsoon,humid_rain,31.41,87.63,184,201,283,302,0.6829,0.6012,0.2875,not_ready,False,4,True
BH-ENV-064-052,HIVE-064,ESP32-1064,2026-02-10T08:00:00,130,31,0.6515,environmentally_unstable,inter_monsoon,humid_rain,29.93,86.64,185,210,293,296,0.6639,0.6391,0.2489,not_ready,False,4,True
BH-ENV-064-053,HIVE-064,ESP32-1064,2026-02-10T14:00:00,131,30,0.6597,environmentally_unstable,inter_monsoon,midday_heat,30.36,80.77,196,211,297,297,0.6601,0.5487,0.2953,not_ready,False,4,True
BH-ENV-064-054,HIVE-064,ESP32-1064,2026-02-10T20:00:00,131,36,0.6888,environmentally_unstable,inter_monsoon,midday_heat,31.14,78.28,196,211,308,307,0.7433,0.4735,0.4107,approaching,False,3,True
BH-ENV-064-055,HIVE-064,ESP32-1064,2026-02-11T02:00:00,132,34,0.6751,environmentally_unstable,inter_monsoon,midday_heat,33.23,79.1,186,196,303,298,0.6884,0.5543,0.3157,not_ready,False,3,True
BH-ENV-064-056,HIVE-064,ESP32-1064,2026-02-11T08:00:00,132,34,0.6896,environmentally_unstable,inter_monsoon,humid_rain,32.21,85.38,179,196,293,293,0.6925,0.5578,0.3173,not_ready,False,3,True
BH-ENV-064-057,HIVE-064,ESP32-1064,2026-02-11T14:00:00,133,32,0.6763,environmentally_unstable,inter_monsoon,midday_heat,33.2,80.89,176,198,301,300,0.6747,0.5744,0.2935,not_ready,False,3,True
BH-ENV-064-058,HIVE-064,ESP32-1064,2026-02-11T20:00:00,133,36,0.706,environmentally_unstable,inter_monsoon,midday_heat,33.74,81.44,187,207,302,292,0.7055,0.625,0.2952,not_ready,False,5,True
BH-ENV-064-059,HIVE-064,ESP32-1064,2026-02-12T02:00:00,134,42,0.6779,environmentally_unstable,inter_monsoon,midday_heat,35.14,84.52,195,217,308,307,0.727,0.8467,0.1893,not_ready,False,5,True
BH-ENV-064-060,HIVE-064,ESP32-1064,2026-02-12T08:00:00,134,42,0.7009,environmentally_unstable,inter_monsoon,midday_heat,35.63,87.8,210,216,309,325,0.7383,0.9328,0.1536,not_ready,False,6,True
BH-ENV-064-068,HIVE-064,ESP32-1064,2026-02-14T08:00:00,137,38,0.7201,environmentally_unstable,inter_monsoon,humid_rain,33.23,89.12,196,213,298,319,0.7023,0.7873,0.1974,not_ready,False,4,True
BH-ENV-064-069,HIVE-064,ESP32-1064,2026-02-14T14:00:00,138,36,0.7207,environmentally_unstable,inter_monsoon,humid_rain,32.34,87.88,195,205,291,286,0.7563,0.6438,0.3285,not_ready,False,4,True
BH-ENV-064-074,HIVE-064,ESP32-1064,2026-02-15T20:00:00,140,46,0.7445,environmentally_unstable,inter_monsoon,humid_rain,31.39,89.36,184,220,297,284,0.7281,0.6444,0.3039,not_ready,False,4,True
BH-ENV-064-076,HIVE-064,ESP32-1064,2026-02-16T08:00:00,140,38,0.7267,environmentally_unstable,inter_monsoon,humid_rain,31.63,92.66,168,245,312,264,0.7282,0.6875,0.2781,not_ready,False,3,True
BH-ENV-064-077,HIVE-064,ESP32-1064,2026-02-16T14:00:00,140,48,0.7223,environmentally_unstable,inter_monsoon,humid_rain,31.57,89.89,174,223,295,266,0.7734,0.6091,0.3634,approaching,False,3,True
BH-ENV-064-078,HIVE-064,ESP32-1064,2026-02-16T20:00:00,141,42,0.7369,environmentally_unstable,inter_monsoon,cloudy_stable,32.15,86.12,181,209,292,266,0.7596,0.6081,0.3506,approaching,False,4,True
BH-ENV-064-085,HIVE-064,ESP32-1064,2026-02-18T14:00:00,142,42,0.7225,environmentally_unstable,inter_monsoon,post_rain,31.31,89.14,194,203,298,302,0.7208,0.6693,0.2802,not_ready,False,4,True
BH-ENV-064-086,HIVE-064,ESP32-1064,2026-02-18T20:00:00,142,40,0.7373,environmentally_unstable,inter_monsoon,post_rain,31.84,88.74,193,207,303,301,0.7346,0.6353,0.3156,not_ready,False,4,True
BH-ENV-064-087,HIVE-064,ESP32-1064,2026-02-19T02:00:00,142,50,0.726,environmentally_unstable,inter_monsoon,post_rain,33.66,87.75,187,198,302,284,0.764,0.7525,0.2738,not_ready,False,5,True
BH-ENV-064-088,HIVE-064,ESP32-1064,2026-02-19T08:00:00,142,44,0.7427,environmentally_unstable,inter_monsoon,humid_rain,34.14,88.49,191,196,303,285,0.7581,0.8021,0.2445,not_ready,False,5,True
BH-ENV-064-089,HIVE-064,ESP32-1064,2026-02-19T14:00:00,142,46,0.722,environmentally_unstable,inter_monsoon,cloudy_stable,34.73,85.85,180,195,295,273,0.7664,0.7496,0.2793,not_ready,False,5,True
BH-ENV-065-000,HIVE-065,ESP32-1065,2026-01-13T20:00:00,116,12,0.8294,environmentally_unstable,inter_monsoon,post_rain,32.82,65.72,121,188,239,347,0.7745,0.2904,0.5987,approaching,False,2,False
BH-ENV-065-001,HIVE-065,ESP32-1065,2026-01-14T02:00:00,116,10,0.8018,environmentally_unstable,inter_monsoon,humid_rain,32.88,68.47,125,188,244,350,0.7229,0.3286,0.5338,approaching,False,2,False
BH-ENV-065-002,HIVE-065,ESP32-1065,2026-01-14T08:00:00,116,9,0.7992,environmentally_unstable,inter_monsoon,storm_front,32.61,67.95,151,184,260,363,0.7748,0.2917,0.5996,approaching,False,2,False
BH-ENV-065-004,HIVE-065,ESP32-1065,2026-01-14T20:00:00,116,10,0.8116,environmentally_unstable,inter_monsoon,stable_clear,33.41,70.2,149,205,274,372,0.784,0.5053,0.4298,approaching,False,3,True
BH-ENV-065-007,HIVE-065,ESP32-1065,2026-01-15T14:00:00,117,14,0.799,environmentally_unstable,inter_monsoon,stable_clear,34.45,68.89,152,206,277,373,0.721,0.6136,0.3152,not_ready,False,4,True
BH-ENV-065-008,HIVE-065,ESP32-1065,2026-01-15T20:00:00,117,14,0.8215,environmentally_unstable,inter_monsoon,stable_clear,34.32,68.24,149,200,261,370,0.7628,0.5842,0.369,approaching,False,4,True
BH-ENV-065-009,HIVE-065,ESP32-1065,2026-01-16T02:00:00,117,18,0.8294,environmentally_unstable,inter_monsoon,stable_clear,34.27,64.23,140,190,247,366,0.7394,0.5789,0.3497,not_ready,False,3,True
BH-ENV-065-010,HIVE-065,ESP32-1065,2026-01-16T08:00:00,117,11,0.8063,environmentally_unstable,inter_monsoon,cloudy_stable,33.63,64.62,129,198,234,357,0.7865,0.5039,0.4329,approaching,False,3,True
BH-ENV-065-011,HIVE-065,ESP32-1065,2026-01-16T14:00:00,117,9,0.7975,environmentally_unstable,inter_monsoon,humid_rain,32.87,69.44,132,205,239,370,0.759,0.4485,0.437,approaching,False,2,True
BH-ENV-065-012,HIVE-065,ESP32-1065,2026-01-16T20:00:00,118,12,0.8054,environmentally_unstable,inter_monsoon,stable_clear,33.81,64.32,122,200,240,357,0.7621,0.5302,0.3943,approaching,False,3,True
BH-ENV-065-017,HIVE-065,ESP32-1065,2026-01-18T02:00:00,119,14,0.8021,environmentally_unstable,inter_monsoon,midday_heat,36.62,59.21,140,193,248,369,0.7581,0.7392,0.2746,not_ready,False,3,True
BH-ENV-065-018,HIVE-065,ESP32-1065,2026-01-18T08:00:00,119,17,0.8384,environmentally_unstable,inter_monsoon,midday_heat,36.66,59.7,142,201,259,379,0.7893,0.7387,0.3076,not_ready,False,3,True
BH-ENV-065-019,HIVE-065,ESP32-1065,2026-01-18T14:00:00,120,15,0.8076,environmentally_unstable,inter_monsoon,cloudy_stable,35.05,60.1,136,188,251,365,0.7325,0.6567,0.2994,not_ready,False,3,True
BH-ENV-065-020,HIVE-065,ESP32-1065,2026-01-18T20:00:00,120,16,0.8109,environmentally_unstable,inter_monsoon,cloudy_stable,33.55,65.63,151,187,254,367,0.7784,0.5149,0.4159,approaching,False,3,True
BH-ENV-065-022,HIVE-065,ESP32-1065,2026-01-19T08:00:00,121,21,0.8077,environmentally_unstable,inter_monsoon,cloudy_stable,32.98,67.63,139,198,269,376,0.7968,0.4819,0.4555,approaching,False,3,True
BH-ENV-065-023,HIVE-065,ESP32-1065,2026-01-19T14:00:00,121,14,0.8447,environmentally_unstable,inter_monsoon,humid_rain,32.93,68.77,148,201,265,366,0.765,0.4644,0.4367,approaching,False,3,True
BH-ENV-065-024,HIVE-065,ESP32-1065,2026-01-19T20:00:00,122,20,0.8474,environmentally_unstable,inter_monsoon,midday_heat,35.03,63.62,130,192,258,374,0.7435,0.6894,0.2878,not_ready,False,3,True
BH-ENV-065-025,HIVE-065,ESP32-1065,2026-01-20T02:00:00,122,23,0.8354,environmentally_unstable,inter_monsoon,midday_heat,35.79,60.64,126,189,253,356,0.7474,0.6917,0.294,not_ready,False,3,True
BH-ENV-065-026,HIVE-065,ESP32-1065,2026-01-20T08:00:00,123,20,0.8143,environmentally_unstable,inter_monsoon,post_rain,34.41,65.34,129,196,240,363,0.7457,0.6193,0.3302,not_ready,False,3,True
BH-ENV-065-035,HIVE-065,ESP32-1065,2026-01-22T14:00:00,127,22,0.86,environmentally_unstable,inter_monsoon,cloudy_stable,33.63,66.11,135,192,248,357,0.7913,0.5038,0.4377,approaching,False,3,True
BH-ENV-065-036,HIVE-065,ESP32-1065,2026-01-22T20:00:00,127,24,0.8442,environmentally_unstable,inter_monsoon,cloudy_stable,33.68,64.27,134,190,250,362,0.801,0.525,0.435,approaching,False,3,True
BH-ENV-065-037,HIVE-065,ESP32-1065,2026-01-23T02:00:00,128,22,0.8579,environmentally_unstable,inter_monsoon,cloudy_stable,33.7,63.75,128,195,252,369,0.7825,0.5196,0.4223,approaching,False,3,True
BH-ENV-065-038,HIVE-065,ESP32-1065,2026-01-23T08:00:00,129,27,0.8432,environmentally_unstable,inter_monsoon,cloudy_stable,34.12,64.38,126,188,240,380,0.8227,0.5507,0.4395,approaching,False,3,True
BH-ENV-065-039,HIVE-065,ESP32-1065,2026-01-23T14:00:00,129,28,0.8522,environmentally_unstable,inter_monsoon,cloudy_stable,33.93,64.16,132,190,249,380,0.8135,0.5251,0.4463,approaching,False,3,True
BH-ENV-065-040,HIVE-065,ESP32-1065,2026-01-23T20:00:00,130,25,0.8567,environmentally_unstable,inter_monsoon,cloudy_stable,34.04,65.45,131,192,249,375,0.8339,0.5722,0.4381,approaching,False,3,True
BH-ENV-065-041,HIVE-065,ESP32-1065,2026-01-24T02:00:00,130,28,0.8474,environmentally_unstable,inter_monsoon,cloudy_stable,34.15,65.65,133,187,250,368,0.7775,0.535,0.4094,approaching,False,3,True
BH-ENV-065-042,HIVE-065,ESP32-1065,2026-01-24T08:00:00,131,26,0.8611,environmentally_unstable,inter_monsoon,post_rain,33.86,66.71,121,191,255,372,0.7812,0.5702,0.3924,approaching,False,3,True
BH-ENV-065-049,HIVE-065,ESP32-1065,2026-01-26T02:00:00,134,33,0.8598,environmentally_unstable,inter_monsoon,post_rain,33.77,71.25,145,191,256,375,0.8332,0.5329,0.4571,approaching,False,3,True
BH-ENV-065-050,HIVE-065,ESP32-1065,2026-01-26T08:00:00,135,29,0.8732,environmentally_unstable,inter_monsoon,stable_clear,34.27,66.84,133,176,249,367,0.8034,0.5402,0.4261,approaching,False,2,True
BH-ENV-065-051,HIVE-065,ESP32-1065,2026-01-26T14:00:00,135,28,0.8709,environmentally_unstable,inter_monsoon,cloudy_stable,33.89,65.33,130,185,251,357,0.8226,0.5121,0.4604,approaching,False,3,True
BH-ENV-065-052,HIVE-065,ESP32-1065,2026-01-26T20:00:00,136,38,0.8694,environmentally_unstable,inter_monsoon,cloudy_stable,32.86,69.72,136,198,252,362,0.8271,0.3623,0.604,nearly_ready,False,2,False
BH-ENV-065-057,HIVE-065,ESP32-1065,2026-01-28T02:00:00,139,36,0.8912,environmentally_unstable,inter_monsoon,midday_heat,34.96,62.66,126,193,269,379,0.809,0.6882,0.347,not_ready,False,4,True
BH-ENV-065-058,HIVE-065,ESP32-1065,2026-01-28T08:00:00,139,36,0.8947,environmentally_unstable,inter_monsoon,cloudy_stable,34.87,62.76,122,188,262,380,0.8319,0.6622,0.3874,approaching,False,4,True
BH-ENV-065-062,HIVE-065,ESP32-1065,2026-01-29T08:00:00,141,42,0.8742,environmentally_unstable,inter_monsoon,humid_rain,33.75,67.85,141,203,270,374,0.8346,0.6135,0.4132,approaching,False,4,True
BH-ENV-065-064,HIVE-065,ESP32-1065,2026-01-29T20:00:00,142,37,0.8951,environmentally_unstable,inter_monsoon,humid_rain,33.57,68.29,136,196,242,371,0.8113,0.5445,0.4327,approaching,False,3,True
BH-ENV-065-065,HIVE-065,ESP32-1065,2026-01-30T02:00:00,142,36,0.8889,environmentally_unstable,inter_monsoon,humid_rain,33.36,69.09,137,198,250,379,0.8657,0.5024,0.5044,approaching,False,2,True
BH-ENV-065-071,HIVE-065,ESP32-1065,2026-01-31T14:00:00,145,41,0.9051,environmentally_unstable,inter_monsoon,cloudy_stable,34.77,63.03,141,213,266,368,0.8527,0.6654,0.4026,approaching,False,4,True
BH-ENV-065-072,HIVE-065,ESP32-1065,2026-01-31T20:00:00,145,47,0.8907,environmentally_unstable,inter_monsoon,cloudy_stable,34.47,63.49,135,200,245,362,0.8083,0.5907,0.4049,approaching,False,3,True
BH-ENV-065-073,HIVE-065,ESP32-1065,2026-02-01T02:00:00,145,39,0.8976,environmentally_unstable,inter_monsoon,cloudy_stable,34.24,64.26,132,189,248,359,0.8237,0.5486,0.4419,approaching,False,3,True
BH-ENV-065-079,HIVE-065,ESP32-1065,2026-02-02T14:00:00,147,41,0.9103,environmentally_unstable,inter_monsoon,stable_clear,34.02,66.11,134,206,255,375,0.8284,0.588,0.4199,approaching,False,3,True
BH-ENV-066-000,HIVE-066,ESP32-1066,2026-02-15T00:00:00,111,11,0.7578,environmentally_unstable,wet,post_rain,28.2,69.32,177,141,281,249,0.7002,0.2398,0.5611,approaching,False,1,False
BH-ENV-066-001,HIVE-066,ESP32-1066,2026-02-15T06:00:00,111,13,0.75,environmentally_unstable,wet,post_rain,27.54,72.39,187,150,294,263,0.7229,0.2536,0.5732,approaching,False,2,False
BH-ENV-066-002,HIVE-066,ESP32-1066,2026-02-15T12:00:00,111,10,0.7539,environmentally_unstable,wet,post_rain,28.39,70.67,205,177,314,296,0.695,0.4474,0.3815,approaching,False,2,True
BH-ENV-066-006,HIVE-066,ESP32-1066,2026-02-16T12:00:00,111,18,0.7468,environmentally_unstable,wet,humid_rain,27.24,74.36,213,175,308,296,0.7008,0.4072,0.4098,approaching,False,2,True
BH-ENV-066-013,HIVE-066,ESP32-1066,2026-02-18T06:00:00,112,12,0.7632,environmentally_unstable,wet,humid_rain,28.67,71.03,222,179,310,292,0.7309,0.445,0.4126,approaching,False,2,True
BH-ENV-066-014,HIVE-066,ESP32-1066,2026-02-18T12:00:00,112,11,0.7633,environmentally_unstable,wet,storm_front,27.56,73.13,202,172,301,296,0.7302,0.3234,0.5408,approaching,False,2,False
BH-ENV-066-015,HIVE-066,ESP32-1066,2026-02-18T18:00:00,112,10,0.7843,environmentally_unstable,wet,storm_front,26.6,73.7,208,171,302,275,0.7408,0.2832,0.5736,approaching,False,2,False
BH-ENV-066-016,HIVE-066,ESP32-1066,2026-02-19T00:00:00,112,17,0.7909,environmentally_unstable,wet,storm_front,26.67,73.89,202,158,299,287,0.7408,0.2717,0.5817,approaching,False,2,False
BH-ENV-066-017,HIVE-066,ESP32-1066,2026-02-19T06:00:00,113,19,0.775,environmentally_unstable,wet,storm_front,26.87,74.53,191,178,289,287,0.718,0.3042,0.5431,approaching,False,2,False
BH-ENV-066-018,HIVE-066,ESP32-1066,2026-02-19T12:00:00,113,18,0.7752,environmentally_unstable,wet,storm_front,28.03,76.68,204,188,299,291,0.7216,0.4621,0.3969,approaching,False,3,True
BH-ENV-066-019,HIVE-066,ESP32-1066,2026-02-19T18:00:00,113,15,0.7902,environmentally_unstable,wet,storm_front,28.61,76.63,206,188,306,290,0.7392,0.4269,0.4344,approaching,False,3,True
BH-ENV-066-020,HIVE-066,ESP32-1066,2026-02-20T00:00:00,113,18,0.7709,environmentally_unstable,wet,cloudy_stable,29.68,74.19,208,180,307,280,0.6986,0.4064,0.4076,approaching,False,2,True
BH-ENV-066-021,HIVE-066,ESP32-1066,2026-02-20T06:00:00,113,16,0.7659,environmentally_unstable,wet,storm_front,28.35,74.6,200,173,301,271,0.7331,0.2717,0.5724,approaching,False,2,False
BH-ENV-066-022,HIVE-066,ESP32-1066,2026-02-20T12:00:00,114,16,0.7776,environmentally_unstable,wet,cloudy_stable,28.18,70.8,201,161,290,273,0.7376,0.2594,0.5839,approaching,False,2,False
BH-ENV-066-023,HIVE-066,ESP32-1066,2026-02-20T18:00:00,114,13,0.7853,environmentally_unstable,wet,post_rain,27.89,72.86,201,157,287,280,0.769,0.2638,0.6099,nearly_ready,False,2,False
BH-ENV-066-024,HIVE-066,ESP32-1066,2026-02-21T00:00:00,114,17,0.7799,environmentally_unstable,wet,post_rain,28.19,70.08,217,177,294,303,0.7296,0.3397,0.5323,approaching,False,2,False
BH-ENV-066-025,HIVE-066,ESP32-1066,2026-02-21T06:00:00,114,20,0.7842,environmentally_unstable,wet,post_rain,28.97,68.65,227,180,318,296,0.7618,0.4822,0.4223,approaching,False,3,True
BH-ENV-066-026,HIVE-066,ESP32-1066,2026-02-21T12:00:00,115,12,0.7871,environmentally_unstable,wet,humid_rain,28.01,71.82,229,165,303,277,0.7109,0.3113,0.5302,approaching,False,2,False
BH-ENV-066-027,HIVE-066,ESP32-1066,2026-02-21T18:00:00,115,21,0.7909,environmentally_unstable,wet,humid_rain,28.03,74.01,210,161,306,284,0.7694,0.4341,0.4567,approaching,False,2,True
BH-ENV-066-031,HIVE-066,ESP32-1066,2026-02-22T18:00:00,116,21,0.8047,environmentally_unstable,wet,humid_rain,28.36,74.99,221,185,299,318,0.7272,0.5027,0.377,approaching,False,3,True
BH-ENV-066-032,HIVE-066,ESP32-1066,2026-02-23T00:00:00,116,17,0.8126,environmentally_unstable,wet,humid_rain,27.91,74.41,214,171,299,301,0.7545,0.2909,0.5822,approaching,False,2,False
BH-ENV-066-033,HIVE-066,ESP32-1066,2026-02-23T06:00:00,116,13,0.7964,environmentally_unstable,wet,humid_rain,27.48,74.53,209,173,293,295,0.7333,0.2734,0.5738,approaching,False,2,False
BH-ENV-066-034,HIVE-066,ESP32-1066,2026-02-23T12:00:00,117,15,0.7926,environmentally_unstable,wet,storm_front,27.63,76.42,209,170,291,292,0.7779,0.3152,0.5899,approaching,False,2,False
BH-ENV-066-041,HIVE-066,ESP32-1066,2026-02-25T06:00:00,118,20,0.842,environmentally_unstable,wet,humid_rain,28.51,74.59,212,190,313,299,0.7696,0.4863,0.4246,approaching,False,3,True
BH-ENV-066-042,HIVE-066,ESP32-1066,2026-02-25T12:00:00,119,18,0.8119,environmentally_unstable,wet,humid_rain,27.89,75.2,213,179,305,295,0.7375,0.3318,0.5445,approaching,False,2,False
BH-ENV-066-043,HIVE-066,ESP32-1066,2026-02-25T18:00:00,119,22,0.8346,environmentally_unstable,wet,humid_rain,27.69,73.38,208,168,302,288,0.7883,0.308,0.6026,nearly_ready,False,2,False
BH-ENV-066-044,HIVE-066,ESP32-1066,2026-02-26T00:00:00,119,17,0.8251,environmentally_unstable,wet,humid_rain,27.47,71.49,213,166,297,310,0.7785,0.3098,0.593,approaching,False,2,False
BH-ENV-066-045,HIVE-066,ESP32-1066,2026-02-26T06:00:00,120,25,0.8267,environmentally_unstable,wet,humid_rain,27.74,71.51,205,183,316,315,0.755,0.4448,0.4384,approaching,False,3,True
BH-ENV-066-046,HIVE-066,ESP32-1066,2026-02-26T12:00:00,120,24,0.8152,environmentally_unstable,wet,post_rain,27.47,71.26,209,189,307,296,0.7741,0.4682,0.4425,approaching,False,3,True
BH-ENV-066-048,HIVE-066,ESP32-1066,2026-02-27T00:00:00,121,22,0.8464,environmentally_unstable,wet,post_rain,29.78,78.21,198,187,320,334,0.747,0.5499,0.3659,approaching,False,4,True
BH-ENV-066-049,HIVE-066,ESP32-1066,2026-02-27T06:00:00,121,22,0.8222,environmentally_unstable,wet,post_rain,28.87,74.49,193,182,298,288,0.7437,0.4234,0.4371,approaching,False,3,True
BH-ENV-066-050,HIVE-066,ESP32-1066,2026-02-27T12:00:00,121,27,0.8425,environmentally_unstable,wet,humid_rain,28.17,74.25,206,173,307,293,0.755,0.4363,0.4423,approaching,False,2,True
BH-ENV-066-051,HIVE-066,ESP32-1066,2026-02-27T18:00:00,121,20,0.8391,environmentally_unstable,wet,humid_rain,27.52,75.81,202,169,306,283,0.7593,0.4177,0.4562,approaching,False,2,True
BH-ENV-066-054,HIVE-066,ESP32-1066,2026-02-28T12:00:00,122,20,0.8564,environmentally_unstable,wet,cloudy_stable,28.88,68.9,213,172,310,300,0.7728,0.4117,0.4706,approaching,False,2,True
BH-ENV-066-055,HIVE-066,ESP32-1066,2026-02-28T18:00:00,122,24,0.8639,environmentally_unstable,wet,cloudy_stable,28.36,69.08,193,162,286,278,0.8186,0.2693,0.65,nearly_ready,False,2,False
BH-ENV-066-056,HIVE-066,ESP32-1066,2026-03-01T00:00:00,123,25,0.8521,environmentally_unstable,wet,cloudy_stable,28.3,69.55,193,168,293,265,0.7662,0.2655,0.6075,nearly_ready,False,2,False
BH-ENV-066-057,HIVE-066,ESP32-1066,2026-03-01T06:00:00,123,30,0.8799,environmentally_unstable,wet,cloudy_stable,27.84,68.61,192,158,295,279,0.7872,0.2614,0.6272,nearly_ready,False,2,False
BH-ENV-066-058,HIVE-066,ESP32-1066,2026-03-01T12:00:00,123,21,0.8451,environmentally_unstable,wet,post_rain,28.09,71.04,196,162,305,276,0.8074,0.4146,0.5005,approaching,False,2,True
BH-ENV-066-059,HIVE-066,ESP32-1066,2026-03-01T18:00:00,124,27,0.8763,environmentally_unstable,wet,post_rain,28.29,73.31,194,166,301,286,0.8194,0.2836,0.6433,nearly_ready,False,2,False
BH-ENV-066-063,HIVE-066,ESP32-1066,2026-03-02T18:00:00,124,27,0.8702,environmentally_unstable,wet,midday_heat,30.49,64.12,212,161,309,289,0.7709,0.404,0.4741,approaching,False,2,True
BH-ENV-066-066,HIVE-066,ESP32-1066,2026-03-03T12:00:00,125,27,0.8672,environmentally_unstable,wet,humid_rain,27.52,72.55,212,161,320,280,0.7878,0.4606,0.4561,approaching,False,2,True
BH-ENV-066-067,HIVE-066,ESP32-1066,2026-03-03T18:00:00,125,28,0.8883,environmentally_unstable,wet,midday_heat,28.66,67.57,203,160,308,291,0.8217,0.4543,0.4881,approaching,False,2,True
BH-ENV-066-071,HIVE-066,ESP32-1066,2026-03-04T18:00:00,126,26,0.8881,environmentally_unstable,wet,humid_rain,26.24,78.87,209,172,315,303,0.8247,0.4623,0.4873,approaching,False,2,True
BH-ENV-066-072,HIVE-066,ESP32-1066,2026-03-05T00:00:00,126,24,0.8748,environmentally_unstable,wet,humid_rain,26.91,77.64,200,169,313,302,0.7693,0.4502,0.4472,approaching,False,2,True
BH-ENV-066-073,HIVE-066,ESP32-1066,2026-03-05T06:00:00,127,29,0.8722,environmentally_unstable,wet,humid_rain,27.47,76.2,197,175,309,287,0.7963,0.4133,0.4913,approaching,False,2,True
BH-ENV-066-074,HIVE-066,ESP32-1066,2026-03-05T12:00:00,127,31,0.872,environmentally_unstable,wet,humid_rain,28.09,75.28,195,169,313,296,0.8128,0.4145,0.5053,approaching,False,2,True
BH-ENV-066-076,HIVE-066,ESP32-1066,2026-03-06T00:00:00,127,30,0.9001,environmentally_unstable,wet,humid_rain,29.38,68.22,235,194,319,326,0.8429,0.4928,0.4875,approaching,False,4,True
BH-ENV-066-081,HIVE-066,ESP32-1066,2026-03-07T06:00:00,128,28,0.9088,environmentally_unstable,wet,humid_rain,28.08,71.32,218,183,311,300,0.8077,0.5107,0.4433,approaching,False,3,True
BH-ENV-066-082,HIVE-066,ESP32-1066,2026-03-07T12:00:00,128,35,0.9155,environmentally_unstable,wet,post_rain,28.5,71.79,213,174,304,289,0.8366,0.2821,0.6595,nearly_ready,False,2,False
BH-ENV-066-083,HIVE-066,ESP32-1066,2026-03-07T18:00:00,128,30,0.89,environmentally_unstable,wet,storm_front,28.17,69.5,223,199,316,293,0.7764,0.503,0.4239,approaching,False,3,True
BH-ENV-066-084,HIVE-066,ESP32-1066,2026-03-08T00:00:00,128,25,0.8965,environmentally_unstable,wet,storm_front,27.51,69.85,224,201,314,302,0.8197,0.4837,0.4736,approaching,False,3,True
BH-ENV-066-085,HIVE-066,ESP32-1066,2026-03-08T06:00:00,128,34,0.9057,environmentally_unstable,wet,post_rain,27.86,66.66,224,193,310,295,0.8136,0.4781,0.4705,approaching,False,3,True
BH-ENV-066-086,HIVE-066,ESP32-1066,2026-03-08T12:00:00,128,26,0.9206,environmentally_unstable,wet,cloudy_stable,28.54,67.48,211,167,290,271,0.8529,0.2709,0.6785,nearly_ready,False,2,False
BH-ENV-066-087,HIVE-066,ESP32-1066,2026-03-08T18:00:00,128,26,0.9131,environmentally_unstable,wet,cloudy_stable,28.9,69.04,207,163,279,260,0.8403,0.288,0.6592,nearly_ready,False,2,False
BH-ENV-066-088,HIVE-066,ESP32-1066,2026-03-09T00:00:00,128,32,0.887,environmentally_unstable,wet,cloudy_stable,28.37,68.44,190,151,274,258,0.783,0.2388,0.6357,nearly_ready,False,2,False
BH-ENV-066-089,HIVE-066,ESP32-1066,2026-03-09T06:00:00,128,30,0.9109,environmentally_unstable,wet,cloudy_stable,28.56,68.99,187,158,272,274,0.8193,0.2345,0.671,nearly_ready,False,2,False
