sample_id,hive_id,device_id,timestamp,hive_age_days,days_since_last_harvest,cycle_progress,scenario_type,season,weather_state,temp,humidity,mq2_value,mq3_value,mq5_value,mq135_value,maturity_index,stress_index,readiness_score,readiness_level,out_of_distribution_case,threshold_warning_count,critical_stress_flag
BH-EAR-001-033,HIVE-001,ESP32-1001,2026-02-05T10:00:00,50,25,0.2858,early_stage_healthy,wet,storm_front,27.25,79.07,95,121,164,226,0.2296,0.0,0.281,not_ready,False,0,False
BH-LAT-036-015,HIVE-036,ESP32-1036,2026-03-31T10:00:00,115,14,0.834,late_stage_ready,dry,midday_heat,33.45,49.61,174,138,249,274,0.9494,0.1642,0.824,ready,False,0,False
BH-EAR-003-047,HIVE-003,ESP32-1003,2026-03-23T18:00:00,63,39,0.3047,early_stage_healthy,wet,storm_front,26.27,79.76,120,84,156,189,0.2493,0.0,0.299,not_ready,False,0,False
BH-LAT-029-070,HIVE-029,ESP32-1029,2026-03-07T12:00:00,116,30,0.677,late_stage_nearly_ready,dry,cloudy_stable,32.3,59.77,147,139,208,254,0.7937,0.0,0.7776,nearly_ready,False,0,False
BH-LAT-026-032,HIVE-026,ESP32-1026,2026-03-17T12:00:00,118,17,0.8427,late_stage_nearly_ready,dry,midday_heat,31.81,62.34,151,145,240,264,0.8573,0.0,0.833,ready,False,0,False
BH-MID-014-043,HIVE-014,ESP32-1014,2026-04-09T02:00:00,81,27,0.6428,mid_stage_stable,inter_monsoon,cloudy_stable,29.36,69.11,131,113,161,253,0.5982,0.0,0.6044,nearly_ready,False,0,False
BH-ENV-063-060,HIVE-063,ESP32-1063,2026-04-08T16:00:00,140,34,0.7914,environmentally_unstable,inter_monsoon,stable_clear,34.67,60.61,136,100,273,273,0.7803,0.4428,0.5218,approaching,False,2,False
BH-ENV-060-064,HIVE-060,ESP32-1060,2026-04-27T12:00:00,141,37,0.7238,environmentally_unstable,inter_monsoon,post_rain,33.74,80.7,198,103,268,224,0.7369,0.5787,0.3489,not_ready,False,4,True
BH-LAT-040-064,HIVE-040,ESP32-1040,2026-03-17T00:00:00,152,42,0.9303,late_stage_overheated,dry,midday_heat,37.96,57.45,201,154,250,330,0.9575,0.7161,0.4666,approaching,False,3,True
BH-HIG-051-069,HIVE-051,ESP32-1051,2026-03-08T14:00:00,155,37,1.0,high_humidity_fermentation_risk,inter_monsoon,cloudy_stable,32.29,81.89,118,166,219,260,0.9831,0.2981,0.7798,nearly_ready,False,1,False
BH-MID-017-037,HIVE-017,ESP32-1017,2026-03-02T02:00:00,96,27,0.5066,mid_stage_stable,inter_monsoon,stable_clear,31.58,69.68,127,106,194,239,0.5235,0.0,0.538,approaching,False,0,False
BH-ENV-062-071,HIVE-062,ESP32-1062,2026-04-04T22:00:00,99,33,0.8773,environmentally_unstable,inter_monsoon,humid_rain,33.07,67.78,136,180,241,275,0.8,0.2732,0.6316,nearly_ready,False,0,False
BH-MID-012-004,HIVE-012,ESP32-1012,2026-01-23T12:00:00,78,13,0.4862,mid_stage_stable,dry,cloudy_stable,32.49,70.58,116,123,186,220,0.4834,0.0,0.5038,approaching,False,0,False
BH-MID-013-074,HIVE-013,ESP32-1013,2026-04-09T04:00:00,110,41,0.5669,mid_stage_stable,inter_monsoon,stable_clear,30.29,62.59,87,103,164,223,0.598,0.0,0.6045,nearly_ready,False,0,False
BH-LAT-036-002,HIVE-036,ESP32-1036,2026-03-28T04:00:00,113,9,0.8241,late_stage_ready,dry,cloudy_stable,31.76,54.3,170,123,240,250,0.8775,0.0,0.8509,ready,False,0,False
BH-EAR-007-010,HIVE-007,ESP32-1007,2026-03-13T00:00:00,43,11,0.3338,early_stage_healthy,inter_monsoon,post_rain,28.21,75.77,76,77,156,213,0.2576,0.0,0.3051,not_ready,False,0,False
BH-MID-010-038,HIVE-010,ESP32-1010,2026-02-12T00:00:00,98,29,0.6437,mid_stage_stable,inter_monsoon,post_rain,29.74,81.83,115,124,192,280,0.6228,0.0,0.6273,nearly_ready,False,1,False
BH-HIG-056-025,HIVE-056,ESP32-1056,2026-04-28T18:00:00,113,20,0.901,high_gas_stress,inter_monsoon,stable_clear,32.09,73.46,201,223,266,352,0.8176,0.5212,0.4508,approaching,False,4,True
BH-LAT-030-018,HIVE-030,ESP32-1030,2026-04-20T00:00:00,130,16,0.9437,late_stage_ready,inter_monsoon,cloudy_stable,29.96,62.87,150,142,250,276,0.9933,0.0,0.9527,ready,False,0,False
BH-LAT-036-077,HIVE-036,ESP32-1036,2026-04-15T22:00:00,132,31,0.9822,late_stage_ready,dry,stable_clear,32.97,50.03,166,141,246,268,1.0,0.1036,0.9019,ready,False,0,False
BH-LAT-020-079,HIVE-020,ESP32-1020,2026-02-11T14:00:00,122,37,0.8475,late_stage_nearly_ready,dry,midday_heat,34.04,67.14,132,163,218,267,0.8433,0.178,0.7229,nearly_ready,False,1,False
BH-MID-012-028,HIVE-012,ESP32-1012,2026-01-29T12:00:00,86,16,0.572,mid_stage_stable,dry,cloudy_stable,32.13,70.96,116,119,186,213,0.5594,0.0,0.5713,approaching,False,0,False
BH-LAT-024-069,HIVE-024,ESP32-1024,2026-05-01T10:00:00,107,36,0.7653,late_stage_nearly_ready,dry,cloudy_stable,34.07,57.19,147,139,230,265,0.8156,0.1334,0.7236,nearly_ready,False,1,False
BH-EAR-006-066,HIVE-006,ESP32-1006,2026-02-25T12:00:00,36,22,0.4084,early_stage_healthy,wet,storm_front,27.78,78.26,90,96,141,222,0.2742,0.0,0.3203,not_ready,False,0,False
BH-HIG-049-025,HIVE-049,ESP32-1049,2026-05-03T10:00:00,92,12,0.8835,high_humidity_fermentation_risk,wet,post_rain,30.82,92.03,154,187,267,328,0.8464,0.678,0.3911,approaching,False,4,True
BH-EAR-009-022,HIVE-009,ESP32-1009,2026-02-15T08:00:00,34,17,0.3165,early_stage_healthy,wet,storm_front,28.15,75.17,85,117,185,205,0.1891,0.0,0.2452,not_ready,False,0,False
BH-LAT-025-090,HIVE-025,ESP32-1025,2026-05-14T20:00:00,119,43,0.7576,late_stage_nearly_ready,dry,stable_clear,34.71,63.77,148,158,235,261,0.827,0.1984,0.6973,nearly_ready,False,1,False
BH-MID-010-075,HIVE-010,ESP32-1010,2026-02-21T06:00:00,115,43,0.7901,mid_stage_stable,inter_monsoon,post_rain,31.76,75.5,119,118,194,287,0.743,0.0,0.7331,nearly_ready,False,0,False
BH-EAR-005-063,HIVE-005,ESP32-1005,2026-05-09T18:00:00,80,35,0.329,early_stage_healthy,inter_monsoon,cloudy_stable,28.68,71.91,50,73,122,198,0.2545,0.0,0.3033,not_ready,False,0,False
BH-MID-011-064,HIVE-011,ESP32-1011,2026-04-22T12:00:00,113,39,0.7501,mid_stage_stable,dry,cloudy_stable,33.0,64.56,124,94,189,257,0.6926,0.0258,0.6746,nearly_ready,False,0,False
BH-EAR-007-008,HIVE-007,ESP32-1007,2026-03-12T12:00:00,42,8,0.3228,early_stage_healthy,inter_monsoon,post_rain,28.34,75.3,63,70,152,196,0.2427,0.0,0.2908,not_ready,False,0,False
BH-ENV-062-000,HIVE-062,ESP32-1062,2026-03-18T04:00:00,82,11,0.7715,environmentally_unstable,inter_monsoon,post_rain,34.31,58.97,122,179,239,272,0.6619,0.3547,0.4642,approaching,False,1,False
BH-LAT-024-088,HIVE-024,ESP32-1024,2026-05-06T04:00:00,111,44,0.7681,late_stage_nearly_ready,dry,cloudy_stable,32.83,58.45,149,130,212,232,0.8361,0.0,0.8152,ready,False,0,False
BH-ENV-062-065,HIVE-062,ESP32-1062,2026-04-03T10:00:00,98,27,0.8413,environmentally_unstable,inter_monsoon,humid_rain,34.66,64.45,115,163,213,236,0.7282,0.4183,0.4883,approaching,False,1,False
BH-MID-011-063,HIVE-011,ESP32-1011,2026-04-22T06:00:00,113,47,0.7511,mid_stage_stable,dry,cloudy_stable,33.14,64.8,117,98,183,258,0.6523,0.0,0.6521,nearly_ready,False,0,False
BH-LAT-034-011,HIVE-034,ESP32-1034,2026-03-31T02:00:00,134,16,0.814,late_stage_ready,dry,midday_heat,34.61,51.34,149,163,216,299,0.9449,0.2126,0.7938,nearly_ready,False,1,False
BH-LAT-033-019,HIVE-033,ESP32-1033,2026-01-22T10:00:00,119,15,0.9542,late_stage_ready,inter_monsoon,cloudy_stable,31.6,66.82,159,148,243,259,0.9618,0.0,0.9254,ready,False,0,False
BH-ENV-065-049,HIVE-065,ESP32-1065,2026-01-26T02:00:00,134,33,0.8598,environmentally_unstable,inter_monsoon,post_rain,33.77,71.25,145,191,256,375,0.8332,0.5329,0.4571,approaching,False,3,True
BH-LAT-037-053,HIVE-037,ESP32-1037,2026-04-14T14:00:00,156,37,0.9353,late_stage_ready,inter_monsoon,stable_clear,30.79,60.4,156,184,240,278,1.0,0.0,0.9592,ready,False,1,False
BH-EAR-005-007,HIVE-005,ESP32-1005,2026-04-25T18:00:00,54,16,0.1684,early_stage_healthy,inter_monsoon,cloudy_stable,28.94,71.06,50,73,109,199,0.1553,0.0,0.2157,not_ready,False,0,False
BH-LAT-028-067,HIVE-028,ESP32-1028,2026-02-06T02:00:00,101,30,0.8326,late_stage_nearly_ready,inter_monsoon,cloudy_stable,31.17,70.72,141,130,213,280,0.7922,0.0097,0.7697,nearly_ready,False,0,False
BH-LAT-023-089,HIVE-023,ESP32-1023,2026-02-18T06:00:00,136,36,0.9837,late_stage_nearly_ready,inter_monsoon,cloudy_stable,31.47,64.61,170,138,225,259,0.9389,0.0,0.9044,ready,False,0,False
BH-EAR-002-074,HIVE-002,ESP32-1002,2026-01-26T08:00:00,78,37,0.2843,early_stage_healthy,inter_monsoon,stable_clear,31.46,67.11,85,75,156,165,0.283,0.0,0.3287,not_ready,False,0,False
BH-EAR-004-077,HIVE-004,ESP32-1004,2026-02-09T22:00:00,65,50,0.3843,early_stage_healthy,wet,humid_rain,28.44,79.33,95,80,130,215,0.276,0.0,0.321,not_ready,False,0,False
BH-MID-013-029,HIVE-013,ESP32-1013,2026-03-28T22:00:00,90,23,0.3911,mid_stage_stable,inter_monsoon,post_rain,29.4,67.01,88,118,156,225,0.4512,0.0,0.4764,approaching,False,0,False
BH-MID-019-055,HIVE-019,ESP32-1019,2026-03-31T14:00:00,79,33,0.4626,mid_stage_stable,dry,midday_heat,32.01,64.23,90,126,188,275,0.5185,0.0,0.5347,approaching,False,0,False
BH-LAT-032-033,HIVE-032,ESP32-1032,2026-03-23T22:00:00,114,20,0.9125,late_stage_ready,inter_monsoon,cloudy_stable,30.37,63.6,171,147,239,270,0.9392,0.0,0.9055,ready,False,0,False
BH-MID-016-071,HIVE-016,ESP32-1016,2026-02-17T18:00:00,77,46,0.6735,mid_stage_stable,dry,cloudy_stable,32.0,68.66,133,103,187,203,0.6284,0.0,0.6319,nearly_ready,False,0,False
BH-MID-012-062,HIVE-012,ESP32-1012,2026-02-07T00:00:00,105,39,0.7493,mid_stage_stable,dry,stable_clear,34.04,72.26,118,125,200,214,0.6841,0.106,0.6231,nearly_ready,False,1,False
BH-LAT-020-056,HIVE-020,ESP32-1020,2026-02-05T20:00:00,115,30,0.813,late_stage_nearly_ready,dry,cloudy_stable,33.1,64.2,130,140,220,252,0.8066,0.0337,0.77,nearly_ready,False,0,False
BH-LAT-023-061,HIVE-023,ESP32-1023,2026-02-11T06:00:00,129,33,0.9391,late_stage_nearly_ready,inter_monsoon,cloudy_stable,31.19,64.62,153,132,232,242,0.8974,0.0199,0.8567,ready,False,0,False
BH-EAR-002-002,HIVE-002,ESP32-1002,2026-01-08T08:00:00,53,14,0.1163,early_stage_healthy,inter_monsoon,stable_clear,32.49,69.17,81,77,153,167,0.1074,0.0,0.1721,not_ready,False,0,False
BH-LAT-032-053,HIVE-032,ESP32-1032,2026-03-28T22:00:00,121,22,0.9628,late_stage_ready,inter_monsoon,post_rain,30.25,66.91,176,148,253,280,0.9803,0.0,0.9414,ready,False,0,False
BH-MID-011-078,HIVE-011,ESP32-1011,2026-04-26T00:00:00,118,49,0.7832,mid_stage_stable,dry,stable_clear,33.54,61.45,122,95,186,276,0.6836,0.0464,0.6547,nearly_ready,False,1,False
BH-MID-013-024,HIVE-013,ESP32-1013,2026-03-27T16:00:00,88,18,0.351,mid_stage_stable,inter_monsoon,stable_clear,30.55,61.64,77,105,153,216,0.4548,0.0,0.479,approaching,False,0,False
BH-MID-015-055,HIVE-015,ESP32-1015,2026-04-21T22:00:00,87,31,0.5764,mid_stage_stable,dry,stable_clear,32.97,60.72,128,103,171,226,0.5557,0.0,0.568,approaching,False,0,False
BH-MID-012-057,HIVE-012,ESP32-1012,2026-02-05T18:00:00,103,39,0.7374,mid_stage_stable,dry,stable_clear,33.77,69.1,116,119,171,217,0.6706,0.0659,0.633,nearly_ready,False,1,False
BH-LAT-027-031,HIVE-027,ESP32-1027,2026-04-15T10:00:00,125,25,0.7971,late_stage_nearly_ready,inter_monsoon,cloudy_stable,30.72,72.17,147,137,200,281,0.8444,0.0108,0.815,ready,False,0,False
BH-EAR-009-018,HIVE-009,ESP32-1009,2026-02-14T08:00:00,32,16,0.2819,early_stage_healthy,wet,humid_rain,29.43,78.8,82,118,185,199,0.1989,0.0,0.2543,not_ready,False,0,False
BH-LAT-025-066,HIVE-025,ESP32-1025,2026-05-08T20:00:00,114,34,0.7338,late_stage_nearly_ready,dry,stable_clear,33.84,62.99,127,160,237,232,0.8245,0.132,0.7323,nearly_ready,False,1,False
BH-EAR-008-015,HIVE-008,ESP32-1008,2026-02-14T10:00:00,40,14,0.113,early_stage_healthy,wet,post_rain,28.16,81.7,73,101,145,190,0.1068,0.0067,0.1687,not_ready,False,1,False
BH-EAR-005-061,HIVE-005,ESP32-1005,2026-05-09T06:00:00,79,43,0.3171,early_stage_healthy,inter_monsoon,cloudy_stable,28.64,72.95,59,82,124,214,0.2745,0.0,0.3198,not_ready,False,0,False
BH-LAT-021-079,HIVE-021,ESP32-1021,2026-01-27T06:00:00,113,37,0.7918,late_stage_nearly_ready,inter_monsoon,post_rain,29.03,71.51,165,133,242,305,0.8059,0.0258,0.774,nearly_ready,False,0,False
BH-LAT-025-012,HIVE-025,ESP32-1025,2026-04-25T08:00:00,91,18,0.6284,late_stage_nearly_ready,dry,cloudy_stable,32.99,66.17,138,156,236,252,0.6788,0.0526,0.6462,nearly_ready,False,0,False
BH-LAT-043-053,HIVE-043,ESP32-1043,2026-05-14T02:00:00,149,23,0.9038,late_stage_overheated,dry,stable_clear,35.03,64.06,132,192,271,329,0.9639,0.6319,0.5199,approaching,False,4,True
BH-LAT-022-071,HIVE-022,ESP32-1022,2026-03-18T10:00:00,145,39,0.8228,late_stage_nearly_ready,dry,stable_clear,31.77,56.2,147,153,221,256,0.8509,0.0,0.8266,ready,False,0,False
BH-EAR-001-077,HIVE-001,ESP32-1001,2026-02-16T10:00:00,67,39,0.3733,early_stage_healthy,wet,humid_rain,28.94,75.05,85,114,171,200,0.2746,0.0,0.3212,not_ready,False,0,False
BH-EAR-003-057,HIVE-003,ESP32-1003,2026-03-26T06:00:00,69,46,0.343,early_stage_healthy,wet,storm_front,27.49,77.05,110,83,152,171,0.2489,0.0,0.2964,not_ready,False,0,False
BH-EAR-005-068,HIVE-005,ESP32-1005,2026-05-11T00:00:00,81,42,0.3176,early_stage_healthy,inter_monsoon,cloudy_stable,29.07,73.81,59,86,117,210,0.3083,0.0,0.3506,approaching,False,0,False
BH-HIG-057-014,HIVE-057,ESP32-1057,2026-03-19T04:00:00,97,20,0.8241,high_gas_stress,wet,storm_front,30.28,78.72,227,214,289,374,0.7941,0.565,0.4068,approaching,False,4,True
BH-LAT-028-060,HIVE-028,ESP32-1028,2026-02-04T08:00:00,99,25,0.8024,late_stage_nearly_ready,inter_monsoon,cloudy_stable,30.16,72.12,146,128,206,284,0.8416,0.0,0.8189,ready,False,0,False
BH-HIG-050-058,HIVE-050,ESP32-1050,2026-01-25T12:00:00,146,40,0.9711,high_humidity_fermentation_risk,inter_monsoon,cloudy_stable,30.66,87.28,158,169,227,302,0.9055,0.4071,0.6496,nearly_ready,False,1,False
BH-MID-010-081,HIVE-010,ESP32-1010,2026-02-22T18:00:00,116,44,0.8335,mid_stage_stable,inter_monsoon,cloudy_stable,32.1,70.98,95,115,187,261,0.7359,0.0,0.7264,nearly_ready,False,0,False
BH-LAT-022-016,HIVE-022,ESP32-1022,2026-03-04T16:00:00,121,13,0.6451,late_stage_nearly_ready,dry,cloudy_stable,30.61,57.56,134,140,226,251,0.7731,0.0,0.7591,nearly_ready,False,0,False
BH-ENV-059-031,HIVE-059,ESP32-1059,2026-01-11T06:00:00,127,20,0.4846,environmentally_unstable,inter_monsoon,post_rain,30.78,81.82,196,203,197,337,0.6418,0.5186,0.2985,not_ready,False,4,True
BH-LAT-041-009,HIVE-041,ESP32-1041,2026-03-19T22:00:00,122,18,0.8525,late_stage_overheated,dry,midday_heat,38.19,71.0,141,182,246,274,0.8618,0.6903,0.3976,approaching,False,2,True
BH-MID-011-034,HIVE-011,ESP32-1011,2026-04-15T00:00:00,96,22,0.6317,mid_stage_stable,dry,midday_heat,34.41,65.94,155,89,216,300,0.582,0.1573,0.5012,approaching,False,1,False
BH-ENV-062-044,HIVE-062,ESP32-1062,2026-03-29T04:00:00,91,26,0.8297,environmentally_unstable,inter_monsoon,midday_heat,36.27,59.48,127,177,247,248,0.7641,0.6357,0.3409,not_ready,False,1,True
BH-MID-010-029,HIVE-010,ESP32-1010,2026-02-09T18:00:00,93,27,0.6278,mid_stage_stable,inter_monsoon,stable_clear,30.89,72.42,92,107,185,259,0.6208,0.0,0.625,nearly_ready,False,0,False
BH-HIG-049-017,HIVE-049,ESP32-1049,2026-05-01T10:00:00,91,20,0.8436,high_humidity_fermentation_risk,wet,humid_rain,30.64,93.34,151,185,268,340,0.7884,0.6935,0.3308,not_ready,False,4,True
BH-LAT-029-036,HIVE-029,ESP32-1029,2026-02-27T00:00:00,103,22,0.6261,late_stage_nearly_ready,dry,stable_clear,32.43,56.5,143,145,222,260,0.7042,0.0,0.6983,nearly_ready,False,0,False
BH-EAR-003-077,HIVE-003,ESP32-1003,2026-03-31T06:00:00,76,46,0.3754,early_stage_healthy,wet,humid_rain,27.86,78.29,121,84,142,191,0.3306,0.0,0.3706,approaching,False,0,False
BH-EAR-001-043,HIVE-001,ESP32-1001,2026-02-07T22:00:00,55,27,0.3389,early_stage_healthy,wet,humid_rain,28.17,76.81,91,110,172,208,0.2479,0.0,0.2971,not_ready,False,0,False
BH-LAT-022-090,HIVE-022,ESP32-1022,2026-03-23T04:00:00,149,49,0.8489,late_stage_nearly_ready,dry,stable_clear,31.48,55.84,136,141,226,256,0.8728,0.0,0.8467,ready,False,0,False
BH-ENV-063-028,HIVE-063,ESP32-1063,2026-03-31T16:00:00,127,17,0.7017,environmentally_unstable,inter_monsoon,humid_rain,33.06,67.38,142,113,274,270,0.7185,0.2872,0.5529,approaching,False,1,False
BH-HIG-053-064,HIVE-053,ESP32-1053,2026-05-14T20:00:00,99,27,0.8804,high_gas_stress,inter_monsoon,stable_clear,32.82,72.73,173,191,266,308,0.831,0.3926,0.5946,approaching,False,2,False
BH-LAT-036-063,HIVE-036,ESP32-1036,2026-04-12T10:00:00,129,33,0.9917,late_stage_ready,dry,midday_heat,33.44,49.53,176,140,264,269,1.0,0.1904,0.8538,ready,False,1,False
BH-MID-010-068,HIVE-010,ESP32-1010,2026-02-19T12:00:00,113,38,0.779,mid_stage_stable,inter_monsoon,cloudy_stable,31.71,73.73,94,106,193,256,0.7136,0.0,0.7069,nearly_ready,False,0,False
BH-LAT-032-054,HIVE-032,ESP32-1032,2026-03-29T04:00:00,121,28,0.9477,late_stage_ready,inter_monsoon,post_rain,30.0,66.73,170,144,252,282,0.9587,0.0,0.9229,ready,False,0,False
BH-HIG-050-004,HIVE-050,ESP32-1050,2026-01-12T00:00:00,124,12,0.9356,high_humidity_fermentation_risk,inter_monsoon,cloudy_stable,30.09,92.2,164,174,222,316,0.9199,0.6137,0.4885,approaching,False,1,True
BH-LAT-038-075,HIVE-038,ESP32-1038,2026-05-05T02:00:00,162,39,1.0,late_stage_overheated,dry,cloudy_stable,35.99,61.26,157,161,239,336,1.0,0.6908,0.5163,approaching,False,2,True
BH-LAT-037-006,HIVE-037,ESP32-1037,2026-04-02T20:00:00,135,14,0.8309,late_stage_ready,inter_monsoon,stable_clear,31.22,62.08,166,193,238,289,0.915,0.0,0.8845,ready,False,1,False
BH-LAT-037-031,HIVE-037,ESP32-1037,2026-04-09T02:00:00,144,19,0.8855,late_stage_ready,inter_monsoon,stable_clear,30.54,65.99,171,191,266,300,0.9889,0.0258,0.933,ready,False,2,False
BH-HIG-050-029,HIVE-050,ESP32-1050,2026-01-18T06:00:00,132,25,0.9584,high_humidity_fermentation_risk,inter_monsoon,stable_clear,30.47,91.14,170,182,235,316,0.9257,0.6279,0.4878,approaching,False,2,True
BH-HIG-053-041,HIVE-053,ESP32-1053,2026-05-09T02:00:00,95,19,0.7789,high_gas_stress,inter_monsoon,humid_rain,32.42,75.95,183,199,273,312,0.7778,0.4837,0.4335,approaching,False,3,True
BH-EAR-001-003,HIVE-001,ESP32-1001,2026-01-28T22:00:00,39,13,0.2494,early_stage_healthy,wet,cloudy_stable,29.14,70.77,71,97,155,199,0.1855,0.0,0.2424,not_ready,False,0,False
BH-LAT-030-041,HIVE-030,ESP32-1030,2026-04-25T18:00:00,143,31,0.9549,late_stage_ready,inter_monsoon,humid_rain,30.74,67.87,167,159,260,296,1.0,0.0,0.9593,ready,False,1,False
BH-EAR-002-060,HIVE-002,ESP32-1002,2026-01-22T20:00:00,74,32,0.2816,early_stage_healthy,inter_monsoon,stable_clear,31.98,65.91,82,80,151,170,0.2372,0.0,0.2872,not_ready,False,0,False
BH-LAT-021-011,HIVE-021,ESP32-1021,2026-01-10T06:00:00,88,15,0.6241,late_stage_nearly_ready,inter_monsoon,stable_clear,30.18,67.06,134,113,217,270,0.7093,0.0036,0.7013,nearly_ready,False,0,False
BH-LAT-038-041,HIVE-038,ESP32-1038,2026-04-26T14:00:00,148,29,0.9303,late_stage_overheated,dry,midday_heat,36.23,60.54,154,157,247,333,0.9527,0.6846,0.4798,approaching,False,2,True
BH-EAR-007-032,HIVE-007,ESP32-1007,2026-03-18T12:00:00,47,13,0.396,early_stage_healthy,inter_monsoon,stable_clear,29.35,69.95,75,89,147,204,0.2445,0.0,0.2935,not_ready,False,0,False
BH-MID-013-049,HIVE-013,ESP32-1013,2026-04-02T22:00:00,100,30,0.4613,mid_stage_stable,inter_monsoon,stable_clear,30.42,61.14,91,101,153,219,0.4968,0.0,0.5161,approaching,False,0,False
BH-LAT-024-087,HIVE-024,ESP32-1024,2026-05-05T22:00:00,111,41,0.786,late_stage_nearly_ready,dry,cloudy_stable,32.78,58.45,151,119,224,240,0.8185,0.0343,0.7774,nearly_ready,False,0,False
BH-MID-010-027,HIVE-010,ESP32-1010,2026-02-09T06:00:00,92,23,0.5994,mid_stage_stable,inter_monsoon,cloudy_stable,31.05,74.25,87,113,184,253,0.5718,0.0,0.5821,approaching,False,0,False
BH-MID-017-022,HIVE-017,ESP32-1017,2026-02-26T08:00:00,89,15,0.4648,mid_stage_stable,inter_monsoon,humid_rain,30.57,70.22,144,109,198,241,0.4836,0.0,0.5034,approaching,False,0,False
BH-LAT-023-048,HIVE-023,ESP32-1023,2026-02-08T00:00:00,123,28,0.9072,late_stage_nearly_ready,inter_monsoon,stable_clear,32.15,64.04,159,133,229,259,0.9187,0.0114,0.8807,ready,False,0,False
BH-LAT-036-004,HIVE-036,ESP32-1036,2026-03-28T16:00:00,113,8,0.8234,late_stage_ready,dry,cloudy_stable,31.62,54.38,165,140,230,266,0.918,0.0,0.8873,ready,False,0,False
BH-LAT-031-059,HIVE-031,ESP32-1031,2026-02-21T18:00:00,150,31,0.976,late_stage_ready,dry,stable_clear,32.25,58.75,167,189,246,267,1.0,0.0,0.9572,ready,False,1,False
BH-HIG-056-015,HIVE-056,ESP32-1056,2026-04-26T06:00:00,111,10,0.8857,high_gas_stress,inter_monsoon,stable_clear,32.34,73.14,205,226,271,344,0.8661,0.5799,0.4608,approaching,False,4,True
BH-LAT-025-056,HIVE-025,ESP32-1025,2026-05-06T08:00:00,109,33,0.7278,late_stage_nearly_ready,dry,stable_clear,33.92,62.95,139,174,249,259,0.8086,0.1696,0.6968,nearly_ready,False,1,False
BH-LAT-024-017,HIVE-024,ESP32-1024,2026-04-18T10:00:00,85,11,0.6433,late_stage_nearly_ready,dry,midday_heat,35.39,56.25,135,134,240,250,0.7298,0.234,0.5923,approaching,False,1,False
BH-LAT-036-016,HIVE-036,ESP32-1036,2026-03-31T16:00:00,115,20,0.8418,late_stage_ready,dry,midday_heat,33.5,48.57,178,139,250,269,0.8959,0.19,0.7632,nearly_ready,False,0,False
BH-LAT-023-047,HIVE-023,ESP32-1023,2026-02-07T18:00:00,123,28,0.901,late_stage_nearly_ready,inter_monsoon,stable_clear,31.86,64.91,167,138,238,274,0.8805,0.0,0.8536,ready,False,0,False
BH-MID-014-025,HIVE-014,ESP32-1014,2026-04-04T14:00:00,76,19,0.5957,mid_stage_stable,inter_monsoon,humid_rain,29.08,72.1,140,129,179,275,0.5871,0.0,0.5956,approaching,False,0,False
BH-LAT-024-076,HIVE-024,ESP32-1024,2026-05-03T04:00:00,109,42,0.7687,late_stage_nearly_ready,dry,midday_heat,35.09,51.81,155,142,242,260,0.7744,0.3446,0.5689,approaching,False,1,False
BH-LAT-030-064,HIVE-030,ESP32-1030,2026-05-01T12:00:00,155,42,0.987,late_stage_ready,inter_monsoon,stable_clear,30.36,63.82,153,158,261,274,1.0,0.0,0.9573,ready,False,1,False
BH-LAT-030-028,HIVE-030,ESP32-1030,2026-04-22T12:00:00,135,24,0.9494,late_stage_ready,inter_monsoon,cloudy_stable,30.65,61.73,147,145,250,278,1.0,0.0,0.9572,ready,False,0,False
BH-ENV-060-050,HIVE-060,ESP32-1060,2026-04-24T00:00:00,135,31,0.6757,environmentally_unstable,inter_monsoon,stable_clear,36.18,76.03,206,127,262,265,0.7219,0.7557,0.2315,not_ready,False,3,True
BH-ENV-064-068,HIVE-064,ESP32-1064,2026-02-14T08:00:00,137,38,0.7201,environmentally_unstable,inter_monsoon,humid_rain,33.23,89.12,196,213,298,319,0.7023,0.7873,0.1974,not_ready,False,4,True
BH-LAT-031-034,HIVE-031,ESP32-1031,2026-02-15T12:00:00,141,21,0.9712,late_stage_ready,dry,cloudy_stable,31.83,63.34,162,191,248,279,1.0,0.0,0.9569,ready,False,1,False
BH-LAT-031-002,HIVE-031,ESP32-1031,2026-02-07T12:00:00,134,15,0.9482,late_stage_ready,dry,stable_clear,31.18,60.94,147,177,235,257,0.9948,0.0,0.9547,ready,False,0,False
BH-LAT-024-052,HIVE-024,ESP32-1024,2026-04-27T04:00:00,100,28,0.7484,late_stage_nearly_ready,dry,stable_clear,33.33,53.78,166,116,246,310,0.7894,0.1217,0.7039,nearly_ready,False,0,False
BH-LAT-028-054,HIVE-028,ESP32-1028,2026-02-02T20:00:00,97,26,0.8112,late_stage_nearly_ready,inter_monsoon,stable_clear,31.44,66.74,137,125,203,280,0.7798,0.0,0.7648,nearly_ready,False,0,False
BH-LAT-020-010,HIVE-020,ESP32-1020,2026-01-25T08:00:00,100,11,0.6785,late_stage_nearly_ready,dry,cloudy_stable,32.9,66.55,124,137,205,236,0.7315,0.0379,0.7022,nearly_ready,False,0,False
BH-LAT-032-061,HIVE-032,ESP32-1032,2026-03-30T22:00:00,124,29,0.9751,late_stage_ready,inter_monsoon,cloudy_stable,30.06,62.72,167,135,238,258,0.9761,0.0,0.9379,ready,False,0,False
BH-LAT-030-050,HIVE-030,ESP32-1030,2026-04-28T00:00:00,148,34,0.9822,late_stage_ready,inter_monsoon,humid_rain,30.13,67.96,162,158,255,284,1.0,0.0,0.9591,ready,False,0,False
BH-LAT-033-082,HIVE-033,ESP32-1033,2026-02-07T04:00:00,138,36,0.9858,late_stage_ready,inter_monsoon,humid_rain,31.09,72.19,168,160,252,274,1.0,0.0,0.9594,ready,False,0,False
BH-MID-016-002,HIVE-016,ESP32-1016,2026-01-31T12:00:00,49,10,0.5021,mid_stage_stable,dry,stable_clear,31.76,69.22,134,105,183,198,0.4422,0.0,0.4677,approaching,False,0,False
BH-MID-019-057,HIVE-019,ESP32-1019,2026-04-01T02:00:00,80,29,0.4582,mid_stage_stable,dry,stable_clear,30.84,65.79,82,116,172,257,0.483,0.0,0.504,approaching,False,0,False
BH-LAT-035-058,HIVE-035,ESP32-1035,2026-01-30T12:00:00,106,26,0.9734,late_stage_ready,inter_monsoon,stable_clear,32.47,59.99,166,147,235,258,0.9567,0.0,0.9209,ready,False,0,False
BH-MID-012-079,HIVE-012,ESP32-1012,2026-02-11T06:00:00,110,45,0.7913,mid_stage_stable,dry,cloudy_stable,33.57,69.99,117,118,178,234,0.6812,0.0671,0.6421,nearly_ready,False,1,False
BH-LAT-023-079,HIVE-023,ESP32-1023,2026-02-15T18:00:00,135,39,0.9948,late_stage_nearly_ready,inter_monsoon,stable_clear,32.14,63.11,161,145,237,257,0.9774,0.0056,0.9353,ready,False,0,False
BH-EAR-006-050,HIVE-006,ESP32-1006,2026-02-21T12:00:00,32,18,0.3463,early_stage_healthy,wet,post_rain,28.24,77.76,87,96,125,208,0.2218,0.0,0.275,not_ready,False,0,False
BH-LAT-034-002,HIVE-034,ESP32-1034,2026-03-28T20:00:00,133,12,0.8405,late_stage_ready,dry,midday_heat,34.7,52.2,144,158,217,300,0.9393,0.206,0.7906,nearly_ready,False,1,False
BH-LAT-029-015,HIVE-029,ESP32-1029,2026-02-21T18:00:00,97,17,0.5964,late_stage_nearly_ready,dry,stable_clear,32.97,58.21,132,139,211,243,0.7263,0.0373,0.6978,nearly_ready,False,0,False
BH-LAT-022-077,HIVE-022,ESP32-1022,2026-03-19T22:00:00,147,47,0.8206,late_stage_nearly_ready,dry,stable_clear,32.29,57.97,148,157,237,259,0.896,0.0004,0.8677,ready,False,0,False
BH-LAT-043-019,HIVE-043,ESP32-1043,2026-05-05T14:00:00,138,18,0.8404,late_stage_overheated,dry,midday_heat,37.4,61.41,141,197,288,343,0.9316,0.7648,0.4172,approaching,False,4,True
BH-LAT-043-044,HIVE-043,ESP32-1043,2026-05-11T20:00:00,146,28,0.8827,late_stage_overheated,dry,stable_clear,36.81,63.69,144,203,281,348,0.95,0.7883,0.4187,approaching,False,4,True
BH-LAT-037-008,HIVE-037,ESP32-1037,2026-04-03T08:00:00,136,17,0.8384,late_stage_ready,inter_monsoon,stable_clear,30.52,62.33,160,192,250,284,0.9331,0.0,0.8996,ready,False,1,False
BH-LAT-030-026,HIVE-030,ESP32-1030,2026-04-22T00:00:00,134,24,0.9519,late_stage_ready,inter_monsoon,stable_clear,30.95,58.98,155,146,257,264,1.0,0.0,0.9586,ready,False,0,False
BH-MID-010-076,HIVE-010,ESP32-1010,2026-02-21T12:00:00,115,46,0.829,mid_stage_stable,inter_monsoon,post_rain,31.57,74.82,118,125,195,283,0.7552,0.0,0.7437,nearly_ready,False,0,False
BH-HIG-045-035,HIVE-045,ESP32-1045,2026-01-21T22:00:00,111,29,0.8995,high_humidity_fermentation_risk,inter_monsoon,cloudy_stable,32.62,93.53,124,134,234,300,0.8257,0.6453,0.3885,approaching,False,1,True
BH-LAT-044-045,HIVE-044,ESP32-1044,2026-05-09T06:00:00,154,29,0.8938,late_stage_overheated,dry,stable_clear,38.23,56.53,180,178,236,307,0.9055,0.6792,0.4406,approaching,False,1,True
BH-HIG-051-025,HIVE-051,ESP32-1051,2026-02-25T14:00:00,134,23,1.0,high_humidity_fermentation_risk,inter_monsoon,stable_clear,33.77,88.33,136,168,235,260,0.9548,0.6764,0.4865,approaching,False,2,True
BH-LAT-032-078,HIVE-032,ESP32-1032,2026-04-04T04:00:00,127,28,0.9981,late_stage_ready,inter_monsoon,humid_rain,30.77,66.7,182,162,266,303,1.0,0.0,0.9582,ready,False,2,False
BH-LAT-027-014,HIVE-027,ESP32-1027,2026-04-11T04:00:00,118,13,0.7579,late_stage_nearly_ready,inter_monsoon,cloudy_stable,30.55,69.99,153,151,210,307,0.8283,0.0198,0.7958,nearly_ready,False,0,False
BH-LAT-034-068,HIVE-034,ESP32-1034,2026-04-14T08:00:00,143,25,0.9679,late_stage_ready,dry,cloudy_stable,34.11,52.97,145,158,227,299,0.9907,0.1299,0.8778,ready,False,1,False
BH-LAT-025-002,HIVE-025,ESP32-1025,2026-04-22T20:00:00,90,13,0.6196,late_stage_nearly_ready,dry,stable_clear,33.54,64.0,136,153,215,254,0.6941,0.0829,0.6432,nearly_ready,False,1,False
BH-EAR-008-048,HIVE-008,ESP32-1008,2026-02-22T16:00:00,46,24,0.1932,early_stage_healthy,wet,post_rain,28.86,84.36,77,106,171,209,0.1522,0.0608,0.1792,not_ready,False,1,False
BH-LAT-025-072,HIVE-025,ESP32-1025,2026-05-10T08:00:00,116,44,0.7332,late_stage_nearly_ready,dry,cloudy_stable,33.54,66.24,135,165,236,234,0.8265,0.1309,0.7348,nearly_ready,False,1,False
BH-LAT-044-010,HIVE-044,ESP32-1044,2026-04-30T12:00:00,141,11,0.7724,late_stage_overheated,dry,stable_clear,37.8,56.04,189,167,245,295,0.8839,0.715,0.4022,approaching,False,2,True
BH-LAT-023-049,HIVE-023,ESP32-1023,2026-02-08T06:00:00,124,27,0.8881,late_stage_nearly_ready,inter_monsoon,stable_clear,31.26,63.54,151,137,227,261,0.9156,0.0169,0.8741,ready,False,0,False
BH-EAR-002-067,HIVE-002,ESP32-1002,2026-01-24T14:00:00,76,35,0.2732,early_stage_healthy,inter_monsoon,cloudy_stable,31.05,70.63,97,77,165,178,0.242,0.0,0.2907,not_ready,False,0,False
BH-LAT-033-054,HIVE-033,ESP32-1033,2026-01-31T04:00:00,132,30,0.9608,late_stage_ready,inter_monsoon,post_rain,31.54,70.26,174,160,249,272,1.0,0.0,0.9587,ready,False,0,False
BH-HIG-049-038,HIVE-049,ESP32-1049,2026-05-06T16:00:00,96,19,0.8924,high_humidity_fermentation_risk,wet,humid_rain,30.63,94.37,168,188,283,353,0.8401,0.7683,0.3339,not_ready,False,4,True
BH-EAR-007-028,HIVE-007,ESP32-1007,2026-03-17T12:00:00,46,14,0.3759,early_stage_healthy,inter_monsoon,post_rain,27.91,78.14,84,87,159,207,0.2601,0.0,0.3079,not_ready,False,0,False
BH-ENV-066-041,HIVE-066,ESP32-1066,2026-02-25T06:00:00,118,20,0.842,environmentally_unstable,wet,humid_rain,28.51,74.59,212,190,313,299,0.7696,0.4863,0.4246,approaching,False,3,True
BH-LAT-020-041,HIVE-020,ESP32-1020,2026-02-02T02:00:00,109,28,0.7645,late_stage_nearly_ready,dry,stable_clear,33.04,66.53,129,153,215,246,0.8278,0.0637,0.7721,nearly_ready,False,0,False
BH-LAT-037-075,HIVE-037,ESP32-1037,2026-04-20T02:00:00,164,39,0.9861,late_stage_ready,inter_monsoon,humid_rain,29.87,69.39,174,196,259,306,1.0,0.004,0.957,ready,False,1,False
BH-HIG-048-011,HIVE-048,ESP32-1048,2026-04-29T22:00:00,125,11,0.8042,high_humidity_fermentation_risk,inter_monsoon,post_rain,30.45,94.26,150,147,283,316,0.8268,0.6279,0.4013,approaching,False,2,True
BH-EAR-008-016,HIVE-008,ESP32-1008,2026-02-14T16:00:00,40,14,0.1138,early_stage_healthy,wet,humid_rain,27.72,84.02,69,106,158,192,0.1485,0.0707,0.1694,not_ready,False,1,False
BH-HIG-051-008,HIVE-051,ESP32-1051,2026-02-21T08:00:00,128,18,1.0,high_humidity_fermentation_risk,inter_monsoon,cloudy_stable,32.75,81.92,129,158,211,282,0.9538,0.3096,0.7474,nearly_ready,False,1,False
BH-LAT-026-091,HIVE-026,ESP32-1026,2026-04-01T06:00:00,142,42,1.0,late_stage_nearly_ready,dry,stable_clear,32.25,62.72,149,138,238,255,0.9825,0.0,0.9414,ready,False,0,False
BH-EAR-005-064,HIVE-005,ESP32-1005,2026-05-10T00:00:00,80,45,0.327,early_stage_healthy,inter_monsoon,cloudy_stable,28.55,71.72,53,71,116,193,0.2856,0.0,0.3307,not_ready,False,0,False
BH-LAT-025-041,HIVE-025,ESP32-1025,2026-05-02T14:00:00,102,20,0.6698,late_stage_nearly_ready,dry,cloudy_stable,32.32,64.06,125,131,288,236,0.7209,0.0768,0.6679,nearly_ready,False,1,False
BH-HIG-053-043,HIVE-053,ESP32-1053,2026-05-09T14:00:00,95,19,0.7961,high_gas_stress,inter_monsoon,cloudy_stable,32.1,76.94,171,205,282,305,0.8004,0.367,0.5814,approaching,False,2,False
BH-ENV-064-054,HIVE-064,ESP32-1064,2026-02-10T20:00:00,131,36,0.6888,environmentally_unstable,inter_monsoon,midday_heat,31.14,78.28,196,211,308,307,0.7433,0.4735,0.4107,approaching,False,3,True
BH-EAR-006-006,HIVE-006,ESP32-1006,2026-02-10T12:00:00,19,5,0.1395,early_stage_healthy,wet,humid_rain,28.22,77.94,93,85,123,213,0.0764,0.0,0.1465,not_ready,False,0,False
BH-LAT-020-086,HIVE-020,ESP32-1020,2026-02-13T08:00:00,123,33,0.8503,late_stage_nearly_ready,dry,stable_clear,34.01,62.91,135,152,224,255,0.8322,0.1526,0.7269,nearly_ready,False,1,False
BH-LAT-023-077,HIVE-023,ESP32-1023,2026-02-15T06:00:00,134,44,0.9671,late_stage_nearly_ready,inter_monsoon,stable_clear,32.58,64.15,164,140,240,262,0.9433,0.0,0.9094,ready,False,0,False
BH-EAR-002-063,HIVE-002,ESP32-1002,2026-01-23T14:00:00,75,36,0.2776,early_stage_healthy,inter_monsoon,humid_rain,30.41,74.59,100,88,170,186,0.2178,0.0,0.27,not_ready,False,0,False
BH-LAT-029-029,HIVE-029,ESP32-1029,2026-02-25T06:00:00,101,15,0.5971,late_stage_nearly_ready,dry,midday_heat,34.34,55.49,145,150,227,271,0.742,0.183,0.6315,nearly_ready,False,1,False
BH-ENV-062-043,HIVE-062,ESP32-1062,2026-03-28T22:00:00,91,25,0.8398,environmentally_unstable,inter_monsoon,midday_heat,36.27,62.12,137,171,241,266,0.7364,0.626,0.3187,not_ready,False,1,True
BH-ENV-062-073,HIVE-062,ESP32-1062,2026-04-05T10:00:00,99,33,0.8677,environmentally_unstable,inter_monsoon,storm_front,33.41,68.75,122,167,243,273,0.7403,0.2525,0.5912,approaching,False,0,False
BH-MID-013-066,HIVE-013,ESP32-1013,2026-04-07T04:00:00,108,41,0.5251,mid_stage_stable,inter_monsoon,stable_clear,30.91,63.08,80,112,160,223,0.5649,0.0,0.5763,approaching,False,0,False
BH-HIG-051-017,HIVE-051,ESP32-1051,2026-02-23T14:00:00,130,21,0.9833,high_humidity_fermentation_risk,inter_monsoon,stable_clear,32.76,81.86,122,171,218,266,0.9544,0.3253,0.7379,nearly_ready,False,1,False
BH-EAR-002-054,HIVE-002,ESP32-1002,2026-01-21T08:00:00,72,30,0.266,early_stage_healthy,inter_monsoon,humid_rain,31.01,72.3,100,90,158,179,0.2224,0.0,0.2743,not_ready,False,0,False
BH-MID-016-058,HIVE-016,ESP32-1016,2026-02-14T12:00:00,72,34,0.6455,mid_stage_stable,dry,stable_clear,32.42,68.38,134,99,179,210,0.5738,0.0,0.5838,approaching,False,0,False
BH-LAT-029-054,HIVE-029,ESP32-1029,2026-03-03T12:00:00,110,26,0.6635,late_stage_nearly_ready,dry,midday_heat,34.78,57.41,159,154,223,280,0.7845,0.1869,0.6672,nearly_ready,False,1,False
BH-HIG-050-001,HIVE-050,ESP32-1050,2026-01-11T06:00:00,124,14,0.9349,high_humidity_fermentation_risk,inter_monsoon,humid_rain,30.23,87.83,168,167,223,313,0.892,0.423,0.63,nearly_ready,False,1,False
BH-LAT-031-061,HIVE-031,ESP32-1031,2026-02-22T06:00:00,151,27,1.0,late_stage_ready,dry,stable_clear,31.56,61.69,163,186,254,277,1.0,0.0,0.9581,ready,False,1,False
BH-LAT-032-036,HIVE-032,ESP32-1032,2026-03-24T16:00:00,115,16,0.8962,late_stage_ready,inter_monsoon,stable_clear,30.43,61.55,164,140,255,266,0.9744,0.0,0.9366,ready,False,0,False
BH-EAR-004-006,HIVE-004,ESP32-1004,2026-01-23T04:00:00,34,13,0.104,early_stage_healthy,wet,humid_rain,27.63,81.83,94,89,123,215,0.1409,0.0,0.2031,not_ready,False,1,False
BH-LAT-027-055,HIVE-027,ESP32-1027,2026-04-21T10:00:00,139,35,0.8893,late_stage_nearly_ready,inter_monsoon,cloudy_stable,31.17,69.72,149,134,194,284,0.9174,0.0,0.8868,ready,False,0,False
BH-HIG-045-021,HIVE-045,ESP32-1045,2026-01-18T10:00:00,103,14,0.8606,high_humidity_fermentation_risk,inter_monsoon,cloudy_stable,32.06,91.97,125,129,213,288,0.829,0.5724,0.4324,approaching,False,1,True
BH-LAT-032-076,HIVE-032,ESP32-1032,2026-04-03T16:00:00,127,28,0.9805,late_stage_ready,inter_monsoon,humid_rain,30.5,67.04,187,166,257,301,1.0,0.001,0.9585,ready,False,1,False
BH-LAT-044-017,HIVE-044,ESP32-1044,2026-05-02T06:00:00,143,13,0.7958,late_stage_overheated,dry,stable_clear,37.85,55.79,182,166,236,283,0.9169,0.693,0.4442,approaching,False,2,True
BH-LAT-023-030,HIVE-023,ESP32-1023,2026-02-03T12:00:00,115,19,0.8432,late_stage_nearly_ready,inter_monsoon,stable_clear,31.24,63.38,158,134,226,253,0.8766,0.0,0.8509,ready,False,0,False
BH-LAT-021-091,HIVE-021,ESP32-1021,2026-01-30T06:00:00,114,38,0.8239,late_stage_nearly_ready,inter_monsoon,humid_rain,29.9,71.57,142,120,230,280,0.8379,0.0,0.8146,ready,False,0,False
BH-EAR-001-011,HIVE-001,ESP32-1001,2026-01-30T22:00:00,40,15,0.2296,early_stage_healthy,wet,cloudy_stable,28.91,73.45,84,100,162,210,0.1869,0.0,0.2433,not_ready,False,0,False
BH-EAR-004-054,HIVE-004,ESP32-1004,2026-02-04T04:00:00,57,37,0.3045,early_stage_healthy,wet,humid_rain,27.46,82.89,107,92,130,217,0.2505,0.0189,0.2892,not_ready,False,1,False
BH-MID-011-079,HIVE-011,ESP32-1011,2026-04-26T06:00:00,118,48,0.7723,mid_stage_stable,dry,stable_clear,33.77,61.83,122,93,193,271,0.6852,0.0692,0.6441,nearly_ready,False,1,False
BH-LAT-025-017,HIVE-025,ESP32-1025,2026-04-26T14:00:00,93,14,0.6324,late_stage_nearly_ready,dry,midday_heat,34.96,61.47,146,160,232,248,0.729,0.2012,0.6105,nearly_ready,False,1,False
BH-EAR-006-036,HIVE-006,ESP32-1006,2026-02-18T00:00:00,27,13,0.2615,early_stage_healthy,wet,post_rain,27.95,77.83,95,96,132,216,0.1605,0.0,0.2193,not_ready,False,0,False
BH-EAR-004-050,HIVE-004,ESP32-1004,2026-02-03T04:00:00,55,33,0.3,early_stage_healthy,wet,humid_rain,27.91,83.48,101,94,138,225,0.2117,0.013,0.2582,not_ready,False,1,False
BH-LAT-030-011,HIVE-030,ESP32-1030,2026-04-18T06:00:00,128,12,0.9564,late_stage_ready,inter_monsoon,humid_rain,30.35,63.44,151,148,242,271,0.9872,0.0,0.9458,ready,False,0,False
BH-EAR-001-025,HIVE-001,ESP32-1001,2026-02-03T10:00:00,46,17,0.2792,early_stage_healthy,wet,humid_rain,28.45,77.02,90,115,164,204,0.2391,0.0,0.2896,not_ready,False,0,False
BH-EAR-006-048,HIVE-006,ESP32-1006,2026-02-21T00:00:00,31,17,0.3298,early_stage_healthy,wet,post_rain,27.93,78.12,85,94,136,207,0.2381,0.0,0.289,not_ready,False,0,False
BH-LAT-035-025,HIVE-035,ESP32-1035,2026-01-22T06:00:00,100,18,0.8632,late_stage_ready,inter_monsoon,post_rain,31.65,61.7,175,152,246,276,0.888,0.0,0.8594,ready,False,0,False
BH-ENV-059-030,HIVE-059,ESP32-1059,2026-01-11T00:00:00,127,23,0.4851,environmentally_unstable,inter_monsoon,storm_front,30.93,81.04,188,202,190,347,0.6116,0.5215,0.2692,not_ready,False,4,True
BH-EAR-006-022,HIVE-006,ESP32-1006,2026-02-14T12:00:00,22,8,0.1873,early_stage_healthy,wet,humid_rain,28.3,80.16,98,102,127,208,0.1109,0.0,0.1762,not_ready,False,1,False
BH-MID-011-065,HIVE-011,ESP32-1011,2026-04-22T18:00:00,114,46,0.7518,mid_stage_stable,dry,cloudy_stable,33.18,64.31,121,95,190,255,0.723,0.0396,0.6939,nearly_ready,False,0,False
BH-MID-011-074,HIVE-011,ESP32-1011,2026-04-25T00:00:00,117,42,0.77,mid_stage_stable,dry,stable_clear,33.61,63.33,121,83,181,263,0.6803,0.0623,0.6429,nearly_ready,False,1,False
BH-EAR-007-014,HIVE-007,ESP32-1007,2026-03-14T00:00:00,43,10,0.3208,early_stage_healthy,inter_monsoon,cloudy_stable,28.84,71.88,70,69,135,214,0.2079,0.0,0.261,not_ready,False,0,False
BH-ENV-064-026,HIVE-064,ESP32-1064,2026-02-03T20:00:00,117,15,0.6011,environmentally_unstable,inter_monsoon,stable_clear,31.6,82.6,192,212,299,316,0.6268,0.581,0.2499,not_ready,False,4,True
BH-EAR-008-068,HIVE-008,ESP32-1008,2026-02-27T16:00:00,49,25,0.2158,early_stage_healthy,wet,humid_rain,27.95,85.77,88,112,172,213,0.1584,0.0817,0.1735,not_ready,False,1,False
BH-ENV-061-027,HIVE-061,ESP32-1061,2026-01-13T18:00:00,121,17,0.7184,environmentally_unstable,dry,midday_heat,31.24,79.57,180,175,228,262,0.7143,0.2358,0.5768,approaching,False,1,False
BH-MID-010-028,HIVE-010,ESP32-1010,2026-02-09T12:00:00,92,16,0.5978,mid_stage_stable,inter_monsoon,cloudy_stable,31.09,74.19,92,104,188,260,0.6002,0.0,0.6077,nearly_ready,False,0,False
BH-MID-014-035,HIVE-014,ESP32-1014,2026-04-07T02:00:00,79,23,0.6023,mid_stage_stable,inter_monsoon,post_rain,29.37,67.65,128,116,166,240,0.5393,0.0,0.5507,approaching,False,0,False
BH-ENV-059-055,HIVE-059,ESP32-1059,2026-01-17T06:00:00,135,29,0.5801,environmentally_unstable,inter_monsoon,midday_heat,34.48,76.48,217,216,205,363,0.6496,0.6409,0.2361,not_ready,False,4,True
BH-EAR-005-016,HIVE-005,ESP32-1005,2026-04-28T00:00:00,56,12,0.2092,early_stage_healthy,inter_monsoon,stable_clear,29.57,70.04,52,74,111,197,0.1657,0.0,0.224,not_ready,False,0,False
BH-LAT-022-087,HIVE-022,ESP32-1022,2026-03-22T10:00:00,149,45,0.856,late_stage_nearly_ready,dry,stable_clear,31.95,55.55,140,147,222,249,0.8703,0.0029,0.8425,ready,False,0,False
BH-ENV-062-033,HIVE-062,ESP32-1062,2026-03-26T10:00:00,88,23,0.8205,environmentally_unstable,inter_monsoon,humid_rain,34.96,65.81,116,167,232,260,0.7024,0.4202,0.463,approaching,False,1,False
BH-ENV-064-039,HIVE-064,ESP32-1064,2026-02-07T02:00:00,123,27,0.6387,environmentally_unstable,inter_monsoon,midday_heat,33.27,82.78,177,199,287,275,0.6493,0.5942,0.2591,not_ready,False,3,True
BH-LAT-030-058,HIVE-030,ESP32-1030,2026-04-30T00:00:00,153,43,1.0,late_stage_ready,inter_monsoon,post_rain,30.49,69.45,163,160,258,285,1.0,0.0,0.9585,ready,False,0,False
BH-LAT-021-028,HIVE-021,ESP32-1021,2026-01-14T12:00:00,93,24,0.6583,late_stage_nearly_ready,inter_monsoon,cloudy_stable,29.71,69.31,128,117,224,274,0.7312,0.0,0.722,nearly_ready,False,0,False
BH-LAT-020-058,HIVE-020,ESP32-1020,2026-02-06T08:00:00,116,26,0.7916,late_stage_nearly_ready,dry,stable_clear,32.58,65.73,125,136,207,236,0.8591,0.0,0.8351,ready,False,0,False
BH-EAR-001-045,HIVE-001,ESP32-1001,2026-02-08T10:00:00,56,32,0.3416,early_stage_healthy,wet,humid_rain,28.73,77.82,82,110,168,212,0.2337,0.0,0.2849,not_ready,False,0,False
BH-LAT-034-067,HIVE-034,ESP32-1034,2026-04-14T02:00:00,143,23,0.9669,late_stage_ready,dry,midday_heat,34.85,51.34,152,156,229,310,1.0,0.2173,0.8398,ready,False,1,False
BH-LAT-030-012,HIVE-030,ESP32-1030,2026-04-18T12:00:00,128,20,0.9663,late_stage_ready,inter_monsoon,humid_rain,29.74,65.99,157,162,261,280,0.9852,0.0,0.9438,ready,False,1,False
BH-ENV-060-083,HIVE-060,ESP32-1060,2026-05-02T06:00:00,146,41,0.7965,environmentally_unstable,inter_monsoon,humid_rain,34.35,81.11,189,122,269,259,0.7962,0.6283,0.3723,approaching,False,4,True
BH-ENV-065-057,HIVE-065,ESP32-1065,2026-01-28T02:00:00,139,36,0.8912,environmentally_unstable,inter_monsoon,midday_heat,34.96,62.66,126,193,269,379,0.809,0.6882,0.347,not_ready,False,4,True
BH-EAR-004-035,HIVE-004,ESP32-1004,2026-01-30T10:00:00,46,26,0.1979,early_stage_healthy,wet,post_rain,27.74,81.28,90,85,119,199,0.1698,0.0,0.2284,not_ready,False,1,False
BH-LAT-026-028,HIVE-026,ESP32-1026,2026-03-16T12:00:00,116,16,0.846,late_stage_nearly_ready,dry,midday_heat,32.52,62.47,145,141,246,272,0.8806,0.0091,0.8493,ready,False,0,False
BH-LAT-034-065,HIVE-034,ESP32-1034,2026-04-13T14:00:00,143,23,0.9298,late_stage_ready,dry,midday_heat,34.45,50.64,146,169,224,313,1.0,0.201,0.8484,ready,False,1,False
BH-LAT-039-072,HIVE-039,ESP32-1039,2026-02-23T00:00:00,140,35,0.9677,late_stage_overheated,dry,midday_heat,38.44,59.53,171,199,257,289,0.9998,0.699,0.5142,approaching,False,2,True
BH-EAR-007-023,HIVE-007,ESP32-1007,2026-03-16T06:00:00,45,18,0.3421,early_stage_healthy,inter_monsoon,humid_rain,28.06,77.72,79,81,145,218,0.2058,0.0,0.2597,not_ready,False,0,False
BH-MID-010-078,HIVE-010,ESP32-1010,2026-02-22T00:00:00,116,48,0.8025,mid_stage_stable,inter_monsoon,stable_clear,32.62,70.15,109,127,191,266,0.7211,0.0,0.7126,nearly_ready,False,0,False
BH-LAT-037-051,HIVE-037,ESP32-1037,2026-04-14T02:00:00,155,37,0.9474,late_stage_ready,inter_monsoon,stable_clear,31.06,61.29,159,182,244,276,1.0,0.0,0.9594,ready,False,1,False
BH-LAT-033-067,HIVE-033,ESP32-1033,2026-02-03T10:00:00,136,31,0.9847,late_stage_ready,inter_monsoon,stable_clear,32.2,64.66,164,156,233,272,1.0,0.0,0.9596,ready,False,0,False
BH-LAT-026-068,HIVE-026,ESP32-1026,2026-03-26T12:00:00,137,42,0.9778,late_stage_nearly_ready,dry,midday_heat,32.71,61.72,151,139,241,272,0.9727,0.0094,0.9294,ready,False,0,False
BH-LAT-034-077,HIVE-034,ESP32-1034,2026-04-16T14:00:00,144,25,0.9776,late_stage_ready,dry,stable_clear,34.44,49.94,149,160,226,302,1.0,0.2129,0.841,ready,False,1,False
BH-LAT-027-033,HIVE-027,ESP32-1027,2026-04-15T22:00:00,126,22,0.8266,late_stage_nearly_ready,inter_monsoon,stable_clear,29.41,75.14,163,168,212,262,0.8632,0.0424,0.8079,ready,False,0,False
BH-EAR-004-069,HIVE-004,ESP32-1004,2026-02-07T22:00:00,64,42,0.3748,early_stage_healthy,wet,cloudy_stable,28.4,79.25,96,89,134,213,0.3019,0.0,0.3439,not_ready,False,0,False
BH-ENV-061-045,HIVE-061,ESP32-1061,2026-01-18T06:00:00,127,28,0.7725,environmentally_unstable,dry,stable_clear,32.31,80.75,165,161,211,246,0.755,0.2627,0.599,approaching,False,1,False
BH-EAR-005-053,HIVE-005,ESP32-1005,2026-05-07T06:00:00,75,39,0.3046,early_stage_healthy,inter_monsoon,stable_clear,28.79,71.28,49,72,117,203,0.2866,0.0,0.3313,not_ready,False,0,False
BH-ENV-060-040,HIVE-060,ESP32-1060,2026-04-21T12:00:00,131,29,0.6452,environmentally_unstable,inter_monsoon,humid_rain,37.42,86.09,197,142,276,309,0.6739,0.8952,0.1118,not_ready,False,4,True
BH-EAR-005-002,HIVE-005,ESP32-1005,2026-04-24T12:00:00,53,15,0.1987,early_stage_healthy,inter_monsoon,stable_clear,28.58,71.06,51,73,103,197,0.2054,0.0,0.2593,not_ready,False,0,False
BH-EAR-003-074,HIVE-003,ESP32-1003,2026-03-30T12:00:00,76,49,0.3774,early_stage_healthy,wet,humid_rain,27.24,77.8,122,86,145,180,0.3098,0.0,0.3515,approaching,False,0,False
BH-MID-014-078,HIVE-014,ESP32-1014,2026-04-17T20:00:00,89,28,0.7058,mid_stage_stable,inter_monsoon,cloudy_stable,29.53,67.97,122,116,171,257,0.6555,0.0,0.6561,nearly_ready,False,0,False
BH-EAR-009-073,HIVE-009,ESP32-1009,2026-02-28T02:00:00,61,45,0.4905,early_stage_healthy,wet,humid_rain,28.87,74.98,69,119,172,211,0.3185,0.0,0.3589,approaching,False,0,False
BH-LAT-022-020,HIVE-022,ESP32-1022,2026-03-05T16:00:00,122,13,0.657,late_stage_nearly_ready,dry,stable_clear,30.92,56.01,136,141,213,253,0.7482,0.0,0.7367,nearly_ready,False,0,False
BH-EAR-005-012,HIVE-005,ESP32-1005,2026-04-27T00:00:00,55,15,0.1944,early_stage_healthy,inter_monsoon,cloudy_stable,28.96,72.95,65,76,119,194,0.1858,0.0,0.2427,not_ready,False,0,False
BH-MID-018-018,HIVE-018,ESP32-1018,2026-03-19T20:00:00,73,20,0.3047,mid_stage_stable,inter_monsoon,humid_rain,30.54,71.81,112,112,178,235,0.4443,0.0,0.4702,approaching,False,0,False
BH-ENV-060-002,HIVE-060,ESP32-1060,2026-04-12T00:00:00,120,12,0.5085,environmentally_unstable,inter_monsoon,storm_front,33.53,80.55,177,101,251,246,0.626,0.3865,0.4143,approaching,False,2,False
BH-EAR-005-078,HIVE-005,ESP32-1005,2026-05-13T12:00:00,83,45,0.3522,early_stage_healthy,inter_monsoon,cloudy_stable,28.9,72.11,53,72,110,203,0.2811,0.0,0.3261,not_ready,False,0,False
BH-EAR-001-023,HIVE-001,ESP32-1001,2026-02-02T22:00:00,45,18,0.2427,early_stage_healthy,wet,humid_rain,28.8,76.91,87,109,160,211,0.1788,0.0,0.236,not_ready,False,0,False
BH-HIG-055-047,HIVE-055,ESP32-1055,2026-04-23T10:00:00,112,34,0.9436,high_gas_stress,wet,storm_front,28.44,80.69,227,212,296,374,0.8599,0.6129,0.4364,approaching,False,5,True
BH-LAT-029-071,HIVE-029,ESP32-1029,2026-03-07T18:00:00,116,29,0.6878,late_stage_nearly_ready,dry,stable_clear,32.09,59.05,149,144,217,248,0.7761,0.0,0.7619,nearly_ready,False,0,False
BH-LAT-039-029,HIVE-039,ESP32-1039,2026-02-12T06:00:00,122,25,0.8522,late_stage_overheated,dry,cloudy_stable,37.51,65.32,152,183,254,292,0.8758,0.7087,0.3997,approaching,False,2,True
BH-LAT-030-003,HIVE-030,ESP32-1030,2026-04-16T06:00:00,126,17,0.9365,late_stage_ready,inter_monsoon,stable_clear,30.29,60.39,146,148,253,287,1.0,0.0,0.9591,ready,False,0,False
BH-MID-011-001,HIVE-011,ESP32-1011,2026-04-06T18:00:00,84,11,0.5286,mid_stage_stable,dry,midday_heat,32.91,64.64,112,88,179,252,0.5557,0.0,0.5641,approaching,False,0,False
BH-HIG-051-015,HIVE-051,ESP32-1051,2026-02-23T02:00:00,130,20,1.0,high_humidity_fermentation_risk,inter_monsoon,stable_clear,32.37,89.12,141,183,245,283,0.9309,0.5941,0.5083,approaching,False,2,True
BH-MID-017-076,HIVE-017,ESP32-1017,2026-03-11T20:00:00,111,43,0.6674,mid_stage_stable,inter_monsoon,humid_rain,31.59,66.46,132,104,196,238,0.635,0.0,0.6351,nearly_ready,False,0,False
BH-ENV-066-059,HIVE-066,ESP32-1066,2026-03-01T18:00:00,124,27,0.8763,environmentally_unstable,wet,post_rain,28.29,73.31,194,166,301,286,0.8194,0.2836,0.6433,nearly_ready,False,2,False
BH-MID-018-034,HIVE-018,ESP32-1018,2026-03-23T20:00:00,79,19,0.3702,mid_stage_stable,inter_monsoon,post_rain,31.15,69.7,105,111,173,206,0.4554,0.0,0.4789,approaching,False,0,False
BH-MID-014-018,HIVE-014,ESP32-1014,2026-04-02T20:00:00,74,12,0.5596,mid_stage_stable,inter_monsoon,humid_rain,29.14,70.04,134,117,167,254,0.52,0.0,0.5368,approaching,False,0,False
BH-LAT-041-014,HIVE-041,ESP32-1041,2026-03-21T04:00:00,122,16,0.8589,late_stage_overheated,dry,cloudy_stable,36.21,73.43,137,171,245,252,0.9258,0.6378,0.4832,approaching,False,1,True
BH-HIG-051-014,HIVE-051,ESP32-1051,2026-02-22T20:00:00,129,15,0.9924,high_humidity_fermentation_risk,inter_monsoon,humid_rain,31.48,92.7,159,190,254,287,0.9572,0.6421,0.5077,approaching,False,2,True
BH-EAR-004-004,HIVE-004,ESP32-1004,2026-01-22T16:00:00,33,17,0.0839,early_stage_healthy,wet,humid_rain,27.69,81.34,90,84,122,205,0.0784,0.0,0.1471,not_ready,False,1,False
BH-LAT-029-007,HIVE-029,ESP32-1029,2026-02-19T18:00:00,95,11,0.5928,late_stage_nearly_ready,dry,midday_heat,33.76,59.88,155,158,228,270,0.7152,0.1096,0.6475,nearly_ready,False,1,False
BH-EAR-007-026,HIVE-007,ESP32-1007,2026-03-17T00:00:00,46,18,0.3861,early_stage_healthy,inter_monsoon,humid_rain,27.94,78.83,82,84,163,203,0.2609,0.0,0.3089,not_ready,False,0,False
BH-MID-015-083,HIVE-015,ESP32-1015,2026-04-28T22:00:00,95,42,0.6223,mid_stage_stable,dry,stable_clear,32.76,59.13,118,101,169,235,0.6136,0.0062,0.6158,nearly_ready,False,0,False
BH-HIG-049-033,HIVE-049,ESP32-1049,2026-05-05T10:00:00,94,17,0.9169,high_humidity_fermentation_risk,wet,post_rain,31.35,94.61,153,199,282,337,0.8555,0.7552,0.3549,approaching,False,4,True
BH-EAR-005-051,HIVE-005,ESP32-1005,2026-05-06T18:00:00,74,32,0.307,early_stage_healthy,inter_monsoon,cloudy_stable,28.61,71.47,51,72,113,202,0.2601,0.0,0.3067,not_ready,False,0,False
BH-LAT-024-008,HIVE-024,ESP32-1024,2026-04-16T04:00:00,83,16,0.6529,late_stage_nearly_ready,dry,midday_heat,34.89,54.23,149,132,228,269,0.7319,0.2233,0.601,nearly_ready,False,1,False
BH-HIG-053-003,HIVE-053,ESP32-1053,2026-04-29T14:00:00,90,10,0.6538,high_gas_stress,inter_monsoon,post_rain,32.17,77.61,173,199,261,302,0.7172,0.3287,0.5282,approaching,False,2,False
BH-EAR-001-065,HIVE-001,ESP32-1001,2026-02-13T10:00:00,65,42,0.3934,early_stage_healthy,wet,cloudy_stable,28.81,73.52,81,114,163,207,0.3008,0.0,0.3433,not_ready,False,0,False
BH-LAT-029-039,HIVE-029,ESP32-1029,2026-02-27T18:00:00,104,22,0.644,late_stage_nearly_ready,dry,stable_clear,32.09,57.55,142,140,219,252,0.7568,0.0,0.7451,nearly_ready,False,0,False
BH-EAR-001-075,HIVE-001,ESP32-1001,2026-02-15T22:00:00,67,42,0.3857,early_stage_healthy,wet,cloudy_stable,29.11,72.8,81,108,166,203,0.2713,0.0,0.317,not_ready,False,0,False
BH-LAT-034-082,HIVE-034,ESP32-1034,2026-04-17T20:00:00,144,21,0.9436,late_stage_ready,dry,stable_clear,33.8,51.72,133,155,212,297,0.9811,0.1403,0.8648,ready,False,1,False
BH-MID-011-067,HIVE-011,ESP32-1011,2026-04-23T06:00:00,115,48,0.7569,mid_stage_stable,dry,cloudy_stable,33.22,65.13,120,93,192,275,0.7097,0.0347,0.6829,nearly_ready,False,0,False
BH-LAT-034-031,HIVE-034,ESP32-1034,2026-04-05T02:00:00,136,18,0.8627,late_stage_ready,dry,midday_heat,34.75,50.82,155,162,217,308,0.9289,0.267,0.7499,nearly_ready,False,1,False
BH-HIG-050-000,HIVE-050,ESP32-1050,2026-01-11T00:00:00,124,13,0.9299,high_humidity_fermentation_risk,inter_monsoon,humid_rain,29.87,86.04,154,160,209,298,0.8805,0.3818,0.6424,nearly_ready,False,1,False
BH-MID-016-014,HIVE-016,ESP32-1016,2026-02-03T12:00:00,51,12,0.5285,mid_stage_stable,dry,midday_heat,34.09,64.29,138,119,207,219,0.4636,0.102,0.4311,approaching,False,1,False
BH-EAR-008-059,HIVE-008,ESP32-1008,2026-02-25T10:00:00,48,18,0.2321,early_stage_healthy,wet,humid_rain,28.19,82.67,84,110,166,195,0.201,0.0467,0.2289,not_ready,False,1,False
BH-LAT-029-000,HIVE-029,ESP32-1029,2026-02-18T00:00:00,95,12,0.5593,late_stage_nearly_ready,dry,cloudy_stable,30.98,61.79,125,129,212,242,0.6484,0.0,0.6486,nearly_ready,False,0,False
BH-LAT-022-052,HIVE-022,ESP32-1022,2026-03-13T16:00:00,137,32,0.7514,late_stage_nearly_ready,dry,midday_heat,32.58,54.37,145,155,239,265,0.8292,0.0462,0.7819,nearly_ready,False,0,False
BH-LAT-034-079,HIVE-034,ESP32-1034,2026-04-17T02:00:00,144,29,0.9604,late_stage_ready,dry,stable_clear,33.75,50.98,154,150,218,302,1.0,0.1665,0.8675,ready,False,1,False
BH-LAT-022-056,HIVE-022,ESP32-1022,2026-03-14T16:00:00,139,38,0.7828,late_stage_nearly_ready,dry,cloudy_stable,31.68,55.91,143,152,233,265,0.8248,0.0,0.8018,ready,False,0,False
BH-MID-010-044,HIVE-010,ESP32-1010,2026-02-13T12:00:00,101,30,0.6883,mid_stage_stable,inter_monsoon,humid_rain,31.12,77.48,108,115,192,260,0.6468,0.0,0.6479,nearly_ready,False,0,False
BH-MID-016-059,HIVE-016,ESP32-1016,2026-02-14T18:00:00,73,42,0.6376,mid_stage_stable,dry,stable_clear,31.85,67.27,134,105,188,220,0.5828,0.0,0.5908,approaching,False,0,False
BH-MID-018-060,HIVE-018,ESP32-1018,2026-03-30T08:00:00,90,31,0.4964,mid_stage_stable,inter_monsoon,post_rain,31.03,67.54,110,108,176,235,0.5085,0.0,0.525,approaching,False,0,False
BH-MID-018-001,HIVE-018,ESP32-1018,2026-03-15T14:00:00,70,8,0.2893,mid_stage_stable,inter_monsoon,stable_clear,31.62,65.65,93,98,161,223,0.3787,0.0,0.4123,approaching,False,0,False
BH-EAR-004-044,HIVE-004,ESP32-1004,2026-02-01T16:00:00,52,35,0.2684,early_stage_healthy,wet,storm_front,27.1,81.97,103,98,142,216,0.216,0.0,0.2693,not_ready,False,1,False
BH-HIG-056-062,HIVE-056,ESP32-1056,2026-05-08T00:00:00,124,32,0.9626,high_gas_stress,inter_monsoon,stable_clear,32.86,73.28,213,235,274,376,0.8969,0.6358,0.458,approaching,False,4,True
BH-LAT-032-070,HIVE-032,ESP32-1032,2026-04-02T04:00:00,126,35,1.0,late_stage_ready,inter_monsoon,stable_clear,30.64,61.14,167,141,239,270,1.0,0.0,0.9587,ready,False,0,False
BH-LAT-027-066,HIVE-027,ESP32-1027,2026-04-24T04:00:00,145,40,0.905,late_stage_nearly_ready,inter_monsoon,humid_rain,30.43,75.46,160,151,215,282,0.927,0.0044,0.8921,ready,False,0,False
BH-LAT-031-008,HIVE-031,ESP32-1031,2026-02-09T00:00:00,135,17,0.9688,late_stage_ready,dry,midday_heat,32.58,59.12,158,187,250,278,0.9759,0.0,0.9368,ready,False,1,False
BH-LAT-028-009,HIVE-028,ESP32-1028,2026-01-22T14:00:00,84,19,0.7111,late_stage_nearly_ready,inter_monsoon,stable_clear,31.35,67.88,132,115,206,260,0.7596,0.0,0.7481,nearly_ready,False,0,False
BH-LAT-022-028,HIVE-022,ESP32-1022,2026-03-07T16:00:00,125,24,0.6925,late_stage_nearly_ready,dry,midday_heat,32.75,53.2,147,151,226,260,0.7934,0.0974,0.7244,nearly_ready,False,0,False
BH-MID-015-025,HIVE-015,ESP32-1015,2026-04-14T10:00:00,72,23,0.5253,mid_stage_stable,dry,midday_heat,33.89,58.06,127,103,178,217,0.521,0.0978,0.4842,approaching,False,1,False
BH-MID-019-020,HIVE-019,ESP32-1019,2026-03-22T20:00:00,65,22,0.3314,mid_stage_stable,dry,cloudy_stable,30.57,67.23,82,112,169,253,0.4268,0.0,0.4543,approaching,False,0,False
BH-HIG-051-016,HIVE-051,ESP32-1051,2026-02-23T08:00:00,130,21,0.9971,high_humidity_fermentation_risk,inter_monsoon,cloudy_stable,32.3,85.73,125,169,230,278,0.946,0.3563,0.714,nearly_ready,False,1,False
BH-LAT-027-018,HIVE-027,ESP32-1027,2026-04-12T04:00:00,120,17,0.8002,late_stage_nearly_ready,inter_monsoon,humid_rain,32.92,72.19,149,146,232,305,0.8444,0.0725,0.7754,nearly_ready,False,0,False
BH-LAT-032-003,HIVE-032,ESP32-1032,2026-03-16T10:00:00,107,14,0.8703,late_stage_ready,inter_monsoon,humid_rain,29.41,66.92,175,148,247,288,0.89,0.0,0.8615,ready,False,0,False
BH-HIG-050-023,HIVE-050,ESP32-1050,2026-01-16T18:00:00,129,14,0.9334,high_humidity_fermentation_risk,inter_monsoon,cloudy_stable,30.58,84.59,160,169,220,301,0.9264,0.336,0.7098,nearly_ready,False,1,False
BH-LAT-030-000,HIVE-030,ESP32-1030,2026-04-15T12:00:00,126,11,0.9509,late_stage_ready,inter_monsoon,stable_clear,29.49,59.08,141,135,232,256,0.9702,0.0,0.9319,ready,False,0,False
BH-MID-016-052,HIVE-016,ESP32-1016,2026-02-13T00:00:00,70,31,0.6123,mid_stage_stable,dry,stable_clear,32.69,66.63,124,102,179,210,0.5756,0.0,0.5854,approaching,False,0,False
BH-LAT-032-059,HIVE-032,ESP32-1032,2026-03-30T10:00:00,123,29,0.9561,late_stage_ready,inter_monsoon,post_rain,30.15,63.94,171,140,241,271,1.0,0.0,0.9571,ready,False,0,False
BH-MID-014-081,HIVE-014,ESP32-1014,2026-04-18T14:00:00,89,32,0.7061,mid_stage_stable,inter_monsoon,cloudy_stable,29.55,68.38,128,123,163,251,0.6605,0.0,0.6605,nearly_ready,False,0,False
BH-MID-015-003,HIVE-015,ESP32-1015,2026-04-08T22:00:00,65,10,0.4978,mid_stage_stable,dry,midday_heat,34.86,56.81,133,110,166,236,0.5199,0.2014,0.4239,approaching,False,1,False
BH-LAT-031-038,HIVE-031,ESP32-1031,2026-02-16T12:00:00,143,21,0.9901,late_stage_ready,dry,midday_heat,33.5,59.94,173,203,265,278,1.0,0.109,0.8964,ready,False,3,False
BH-MID-010-079,HIVE-010,ESP32-1010,2026-02-22T06:00:00,116,47,0.8333,mid_stage_stable,inter_monsoon,stable_clear,32.31,69.68,102,127,184,253,0.7018,0.0,0.6963,nearly_ready,False,0,False
BH-LAT-037-067,HIVE-037,ESP32-1037,2026-04-18T02:00:00,162,35,0.9905,late_stage_ready,inter_monsoon,humid_rain,30.23,64.59,165,192,255,301,1.0,0.0144,0.9484,ready,False,1,False
BH-EAR-008-012,HIVE-008,ESP32-1008,2026-02-13T16:00:00,40,10,0.1074,early_stage_healthy,wet,cloudy_stable,28.52,81.83,74,102,144,203,0.1355,0.0,0.1982,not_ready,False,1,False
BH-ENV-064-042,HIVE-064,ESP32-1064,2026-02-07T20:00:00,125,30,0.6327,environmentally_unstable,inter_monsoon,midday_heat,34.07,79.0,172,205,303,271,0.6612,0.6067,0.2669,not_ready,False,3,True
BH-LAT-034-054,HIVE-034,ESP32-1034,2026-04-10T20:00:00,141,18,0.9144,late_stage_ready,dry,midday_heat,34.34,52.02,151,162,232,303,1.0,0.1601,0.8716,ready,False,1,False
BH-EAR-008-036,HIVE-008,ESP32-1008,2026-02-19T16:00:00,44,14,0.1656,early_stage_healthy,wet,humid_rain,26.96,85.4,89,111,164,207,0.1341,0.0501,0.1691,not_ready,False,1,False
BH-LAT-023-015,HIVE-023,ESP32-1023,2026-01-30T18:00:00,110,19,0.7909,late_stage_nearly_ready,inter_monsoon,stable_clear,31.19,62.78,157,133,211,263,0.8264,0.0,0.8064,ready,False,0,False
BH-LAT-020-037,HIVE-020,ESP32-1020,2026-02-01T02:00:00,108,18,0.7533,late_stage_nearly_ready,dry,cloudy_stable,33.47,63.09,147,135,242,265,0.7838,0.0759,0.7237,nearly_ready,False,0,False
BH-EAR-001-007,HIVE-001,ESP32-1001,2026-01-29T22:00:00,40,16,0.2198,early_stage_healthy,wet,post_rain,28.47,73.13,78,105,152,199,0.1949,0.0,0.2495,not_ready,False,0,False
BH-EAR-007-013,HIVE-007,ESP32-1007,2026-03-13T18:00:00,43,16,0.315,early_stage_healthy,inter_monsoon,stable_clear,29.31,70.43,63,77,141,212,0.1889,0.0,0.2441,not_ready,False,0,False
BH-LAT-024-066,HIVE-024,ESP32-1024,2026-04-30T16:00:00,106,34,0.768,late_stage_nearly_ready,dry,midday_heat,34.73,55.08,154,141,239,258,0.7828,0.1994,0.6585,nearly_ready,False,1,False
BH-LAT-035-040,HIVE-035,ESP32-1035,2026-01-26T00:00:00,103,22,0.9253,late_stage_ready,inter_monsoon,cloudy_stable,31.49,64.32,167,147,237,258,0.9626,0.0,0.9253,ready,False,0,False
BH-LAT-030-025,HIVE-030,ESP32-1030,2026-04-21T18:00:00,133,21,0.9635,late_stage_ready,inter_monsoon,stable_clear,31.17,60.4,147,149,254,270,1.0,0.0,0.9597,ready,False,0,False
BH-LAT-024-055,HIVE-024,ESP32-1024,2026-04-27T22:00:00,101,33,0.7434,late_stage_nearly_ready,dry,midday_heat,34.57,54.75,147,131,224,258,0.8091,0.2217,0.6682,nearly_ready,False,1,False
BH-HIG-051-044,HIVE-051,ESP32-1051,2026-03-02T08:00:00,143,26,1.0,high_humidity_fermentation_risk,inter_monsoon,post_rain,31.42,84.96,122,159,217,278,0.95,0.3488,0.7232,nearly_ready,False,1,False
BH-MID-019-079,HIVE-019,ESP32-1019,2026-04-06T14:00:00,86,33,0.5312,mid_stage_stable,dry,cloudy_stable,30.69,65.67,86,126,164,249,0.5377,0.0,0.5521,approaching,False,0,False
BH-HIG-056-018,HIVE-056,ESP32-1056,2026-04-27T00:00:00,111,20,0.8707,high_gas_stress,inter_monsoon,cloudy_stable,31.98,73.0,197,228,276,356,0.8508,0.5677,0.4545,approaching,False,4,True
BH-MID-019-022,HIVE-019,ESP32-1019,2026-03-23T08:00:00,65,12,0.3103,mid_stage_stable,dry,midday_heat,31.39,64.68,86,118,175,248,0.437,0.0,0.4642,approaching,False,0,False
BH-LAT-029-053,HIVE-029,ESP32-1029,2026-03-03T06:00:00,110,29,0.6471,late_stage_nearly_ready,dry,midday_heat,34.77,57.83,159,149,222,285,0.7633,0.2189,0.6299,nearly_ready,False,1,False
BH-ENV-060-057,HIVE-060,ESP32-1060,2026-04-25T18:00:00,138,34,0.7173,environmentally_unstable,inter_monsoon,midday_heat,37.11,78.22,210,93,260,238,0.7179,0.7066,0.2567,not_ready,False,2,True
BH-MID-011-061,HIVE-011,ESP32-1011,2026-04-21T18:00:00,112,44,0.7477,mid_stage_stable,dry,cloudy_stable,32.91,67.33,116,82,182,251,0.7097,0.0,0.7037,nearly_ready,False,0,False
BH-EAR-008-045,HIVE-008,ESP32-1008,2026-02-21T22:00:00,46,15,0.177,early_stage_healthy,wet,humid_rain,27.96,85.21,81,112,175,206,0.1267,0.0379,0.1695,not_ready,False,1,False
BH-EAR-001-076,HIVE-001,ESP32-1001,2026-02-16T04:00:00,67,46,0.3766,early_stage_healthy,wet,humid_rain,28.99,74.58,82,112,172,197,0.255,0.0,0.3031,not_ready,False,0,False
BH-LAT-033-039,HIVE-033,ESP32-1033,2026-01-27T10:00:00,126,22,0.9565,late_stage_ready,inter_monsoon,stable_clear,31.88,64.24,163,154,249,263,1.0,0.0,0.9592,ready,False,0,False
BH-LAT-023-043,HIVE-023,ESP32-1023,2026-02-06T18:00:00,121,29,0.8771,late_stage_nearly_ready,inter_monsoon,stable_clear,31.98,62.54,161,135,238,256,0.8816,0.0203,0.8437,ready,False,0,False
BH-EAR-006-067,HIVE-006,ESP32-1006,2026-02-25T18:00:00,36,22,0.4125,early_stage_healthy,wet,post_rain,27.8,77.89,87,104,139,213,0.2384,0.0,0.2893,not_ready,False,0,False
BH-MID-010-008,HIVE-010,ESP32-1010,2026-02-04T12:00:00,85,17,0.5412,mid_stage_stable,inter_monsoon,stable_clear,31.72,72.45,102,112,183,266,0.5658,0.0,0.5763,approaching,False,0,False
BH-MID-019-019,HIVE-019,ESP32-1019,2026-03-22T14:00:00,64,11,0.3103,mid_stage_stable,dry,cloudy_stable,30.02,67.33,84,111,168,251,0.3685,0.0,0.4027,approaching,False,0,False
BH-LAT-020-076,HIVE-020,ESP32-1020,2026-02-10T20:00:00,121,37,0.8386,late_stage_nearly_ready,dry,cloudy_stable,32.47,68.16,130,151,222,238,0.8515,0.0,0.8286,ready,False,0,False
BH-MID-016-001,HIVE-016,ESP32-1016,2026-01-31T06:00:00,49,9,0.5228,mid_stage_stable,dry,cloudy_stable,31.44,69.96,128,95,182,201,0.4837,0.0,0.5036,approaching,False,0,False
BH-LAT-035-061,HIVE-035,ESP32-1035,2026-01-31T06:00:00,107,22,0.9644,late_stage_ready,inter_monsoon,stable_clear,31.92,60.35,168,143,234,249,0.9614,0.0,0.9254,ready,False,0,False
BH-EAR-007-053,HIVE-007,ESP32-1007,2026-03-23T18:00:00,52,27,0.5089,early_stage_healthy,inter_monsoon,stable_clear,29.97,69.21,82,80,151,217,0.3623,0.0,0.3981,approaching,False,0,False
BH-LAT-027-043,HIVE-027,ESP32-1027,2026-04-18T10:00:00,132,34,0.8621,late_stage_nearly_ready,inter_monsoon,cloudy_stable,31.67,70.13,154,132,196,284,0.8585,0.0,0.834,ready,False,0,False
BH-HIG-056-048,HIVE-056,ESP32-1056,2026-05-04T12:00:00,120,28,0.9603,high_gas_stress,inter_monsoon,stable_clear,32.47,72.28,198,212,294,354,0.9207,0.5621,0.5202,approaching,False,4,True
BH-EAR-008-076,HIVE-008,ESP32-1008,2026-03-01T16:00:00,50,26,0.2495,early_stage_healthy,wet,storm_front,27.23,86.57,96,118,170,217,0.2185,0.095,0.2191,not_ready,False,1,False
BH-LAT-032-042,HIVE-032,ESP32-1032,2026-03-26T04:00:00,117,24,0.9182,late_stage_ready,inter_monsoon,cloudy_stable,30.54,61.7,171,141,251,280,0.9337,0.0,0.9007,ready,False,0,False
BH-HIG-055-057,HIVE-055,ESP32-1055,2026-04-25T22:00:00,117,32,0.9933,high_gas_stress,wet,humid_rain,28.94,81.16,226,201,276,371,0.8877,0.5783,0.482,approaching,False,5,True
BH-LAT-037-009,HIVE-037,ESP32-1037,2026-04-03T14:00:00,136,17,0.8315,late_stage_ready,inter_monsoon,stable_clear,30.51,61.16,155,187,251,277,0.9317,0.0,0.899,ready,False,1,False
BH-MID-017-044,HIVE-017,ESP32-1017,2026-03-03T20:00:00,99,29,0.5597,mid_stage_stable,inter_monsoon,stable_clear,31.58,66.14,127,100,197,237,0.5763,0.0,0.5863,approaching,False,0,False
BH-LAT-020-046,HIVE-020,ESP32-1020,2026-02-03T08:00:00,111,30,0.769,late_stage_nearly_ready,dry,stable_clear,32.31,67.02,130,147,218,241,0.8309,0.0096,0.8047,ready,False,0,False
BH-LAT-020-030,HIVE-020,ESP32-1020,2026-01-30T08:00:00,105,24,0.7031,late_stage_nearly_ready,dry,stable_clear,33.88,63.77,137,144,206,244,0.7824,0.1138,0.7034,nearly_ready,False,1,False
BH-EAR-003-002,HIVE-003,ESP32-1003,2026-03-12T12:00:00,40,9,0.1393,early_stage_healthy,wet,storm_front,26.75,77.47,118,82,145,173,0.1446,0.0,0.2057,not_ready,False,0,False
BH-LAT-022-054,HIVE-022,ESP32-1022,2026-03-14T04:00:00,138,29,0.7641,late_stage_nearly_ready,dry,midday_heat,32.85,53.32,147,156,233,266,0.8229,0.0806,0.7592,nearly_ready,False,0,False
BH-LAT-028-021,HIVE-028,ESP32-1028,2026-01-25T14:00:00,86,17,0.7181,late_stage_nearly_ready,inter_monsoon,cloudy_stable,31.15,70.34,139,125,208,280,0.7794,0.0029,0.7631,nearly_ready,False,0,False
BH-LAT-027-063,HIVE-027,ESP32-1027,2026-04-23T10:00:00,143,35,0.8921,late_stage_nearly_ready,inter_monsoon,humid_rain,30.59,76.28,164,146,210,305,0.9167,0.015,0.8768,ready,False,0,False
BH-EAR-002-010,HIVE-002,ESP32-1002,2026-01-10T08:00:00,54,14,0.0938,early_stage_healthy,inter_monsoon,stable_clear,31.74,67.49,83,65,154,165,0.162,0.0,0.221,not_ready,False,0,False
BH-LAT-040-033,HIVE-040,ESP32-1040,2026-03-09T06:00:00,135,22,0.8019,late_stage_overheated,dry,cloudy_stable,36.3,62.49,188,152,242,304,0.8947,0.6672,0.4393,approaching,False,2,True
BH-LAT-033-018,HIVE-033,ESP32-1033,2026-01-22T04:00:00,119,11,0.9275,late_stage_ready,inter_monsoon,cloudy_stable,31.3,67.26,161,155,242,262,1.0,0.0,0.9591,ready,False,0,False
BH-EAR-009-035,HIVE-009,ESP32-1009,2026-02-18T14:00:00,42,28,0.3417,early_stage_healthy,wet,humid_rain,28.95,76.2,78,103,178,192,0.2252,0.0,0.2773,not_ready,False,0,False
BH-ENV-066-072,HIVE-066,ESP32-1066,2026-03-05T00:00:00,126,24,0.8748,environmentally_unstable,wet,humid_rain,26.91,77.64,200,169,313,302,0.7693,0.4502,0.4472,approaching,False,2,True
BH-LAT-034-053,HIVE-034,ESP32-1034,2026-04-10T14:00:00,141,21,0.9241,late_stage_ready,dry,midday_heat,34.31,52.42,152,160,231,308,0.963,0.1539,0.8409,ready,False,1,False
BH-ENV-059-067,HIVE-059,ESP32-1059,2026-01-20T06:00:00,139,36,0.6261,environmentally_unstable,inter_monsoon,storm_front,32.78,80.52,202,216,208,374,0.6918,0.5851,0.3029,not_ready,False,4,True
BH-MID-017-060,HIVE-017,ESP32-1017,2026-03-07T20:00:00,107,40,0.6167,mid_stage_stable,inter_monsoon,cloudy_stable,31.86,67.2,123,103,180,226,0.6193,0.0,0.6241,nearly_ready,False,0,False
BH-EAR-006-017,HIVE-006,ESP32-1006,2026-02-13T06:00:00,21,7,0.1983,early_stage_healthy,wet,post_rain,28.86,79.73,98,100,133,213,0.1076,0.0,0.1722,not_ready,False,0,False
BH-LAT-034-043,HIVE-034,ESP32-1034,2026-04-08T02:00:00,139,14,0.8829,late_stage_ready,dry,stable_clear,34.05,53.07,146,151,219,300,0.9607,0.1138,0.8615,ready,False,1,False
BH-LAT-024-046,HIVE-024,ESP32-1024,2026-04-25T16:00:00,97,25,0.7253,late_stage_nearly_ready,dry,stable_clear,33.99,56.69,142,125,221,246,0.7542,0.1255,0.6739,nearly_ready,False,1,False
BH-ENV-064-012,HIVE-064,ESP32-1064,2026-01-31T08:00:00,112,11,0.5687,environmentally_unstable,inter_monsoon,cloudy_stable,32.18,84.39,174,190,284,281,0.6561,0.5401,0.298,not_ready,False,3,True
BH-EAR-004-013,HIVE-004,ESP32-1004,2026-01-24T22:00:00,35,20,0.1039,early_stage_healthy,wet,humid_rain,27.57,81.42,102,88,123,211,0.1069,0.0,0.1736,not_ready,False,1,False
BH-LAT-040-075,HIVE-040,ESP32-1040,2026-03-19T18:00:00,156,42,0.9414,late_stage_overheated,dry,midday_heat,37.92,59.11,198,157,245,319,0.9554,0.6721,0.4897,approaching,False,2,True
BH-LAT-029-025,HIVE-029,ESP32-1029,2026-02-24T06:00:00,99,13,0.6141,late_stage_nearly_ready,dry,midday_heat,33.45,57.06,154,145,228,266,0.7045,0.085,0.6522,nearly_ready,False,0,False
BH-ENV-065-035,HIVE-065,ESP32-1065,2026-01-22T14:00:00,127,22,0.86,environmentally_unstable,inter_monsoon,cloudy_stable,33.63,66.11,135,192,248,357,0.7913,0.5038,0.4377,approaching,False,3,True
BH-LAT-037-023,HIVE-037,ESP32-1037,2026-04-07T02:00:00,141,18,0.857,late_stage_ready,inter_monsoon,post_rain,30.23,67.35,163,183,248,281,0.9795,0.0,0.9411,ready,False,1,False
BH-LAT-029-044,HIVE-029,ESP32-1029,2026-03-01T00:00:00,106,27,0.6279,late_stage_nearly_ready,dry,stable_clear,33.56,58.52,146,144,222,259,0.7395,0.1312,0.6559,nearly_ready,False,1,False
BH-LAT-031-024,HIVE-031,ESP32-1031,2026-02-13T00:00:00,138,12,0.9735,late_stage_ready,dry,stable_clear,31.69,60.25,161,187,237,261,1.0,0.0,0.9588,ready,False,1,False
BH-LAT-037-032,HIVE-037,ESP32-1037,2026-04-09T08:00:00,145,28,0.8776,late_stage_ready,inter_monsoon,stable_clear,30.84,63.66,164,186,257,279,1.0,0.0,0.9577,ready,False,1,False
BH-EAR-001-061,HIVE-001,ESP32-1001,2026-02-12T10:00:00,63,37,0.3667,early_stage_healthy,wet,cloudy_stable,28.81,72.81,83,111,165,199,0.2525,0.0,0.301,not_ready,False,0,False
BH-ENV-060-013,HIVE-060,ESP32-1060,2026-04-14T18:00:00,122,17,0.5493,environmentally_unstable,inter_monsoon,post_rain,31.74,83.71,199,120,269,272,0.6469,0.5085,0.307,not_ready,False,3,True
BH-LAT-024-053,HIVE-024,ESP32-1024,2026-04-27T10:00:00,100,33,0.7272,late_stage_nearly_ready,dry,stable_clear,33.49,54.67,157,119,230,284,0.7617,0.0997,0.694,nearly_ready,False,0,False
BH-ENV-059-069,HIVE-059,ESP32-1059,2026-01-20T18:00:00,139,29,0.6254,environmentally_unstable,inter_monsoon,post_rain,32.56,81.1,205,191,195,359,0.6794,0.5695,0.2996,not_ready,False,4,True
BH-MID-015-047,HIVE-015,ESP32-1015,2026-04-19T22:00:00,83,36,0.5782,mid_stage_stable,dry,stable_clear,33.24,61.66,134,110,164,228,0.5856,0.0,0.5942,approaching,False,0,False
BH-ENV-062-032,HIVE-062,ESP32-1062,2026-03-26T04:00:00,88,22,0.8073,environmentally_unstable,inter_monsoon,stable_clear,35.74,61.49,123,178,237,261,0.6828,0.6339,0.2675,not_ready,False,1,True
BH-LAT-037-048,HIVE-037,ESP32-1037,2026-04-13T08:00:00,153,33,0.9261,late_stage_ready,inter_monsoon,cloudy_stable,30.33,62.88,157,183,238,275,1.0,0.0,0.9591,ready,False,1,False
BH-MID-018-007,HIVE-018,ESP32-1018,2026-03-17T02:00:00,71,19,0.3011,mid_stage_stable,inter_monsoon,post_rain,30.89,67.51,97,107,184,223,0.4227,0.0,0.449,approaching,False,0,False
BH-LAT-028-034,HIVE-028,ESP32-1028,2026-01-28T20:00:00,90,17,0.7686,late_stage_nearly_ready,inter_monsoon,post_rain,30.69,75.22,145,121,218,287,0.773,0.0,0.759,nearly_ready,False,0,False
BH-EAR-006-046,HIVE-006,ESP32-1006,2026-02-20T12:00:00,30,16,0.3014,early_stage_healthy,wet,post_rain,29.05,76.14,90,93,127,216,0.2172,0.0,0.2699,not_ready,False,0,False
BH-MID-012-069,HIVE-012,ESP32-1012,2026-02-08T18:00:00,108,41,0.7482,mid_stage_stable,dry,midday_heat,34.9,67.24,122,127,203,233,0.6614,0.1829,0.5608,approaching,False,1,False
BH-LAT-022-083,HIVE-022,ESP32-1022,2026-03-21T10:00:00,148,44,0.8277,late_stage_nearly_ready,dry,stable_clear,31.33,55.2,144,141,228,249,0.8602,0.0012,0.8358,ready,False,0,False
BH-LAT-040-026,HIVE-040,ESP32-1040,2026-03-07T12:00:00,131,22,0.7904,late_stage_overheated,dry,cloudy_stable,37.32,61.06,195,159,231,327,0.8845,0.7079,0.4056,approaching,False,3,True
BH-ENV-062-009,HIVE-062,ESP32-1062,2026-03-20T10:00:00,83,16,0.7884,environmentally_unstable,inter_monsoon,stable_clear,35.33,63.36,124,176,242,280,0.6894,0.4829,0.4182,approaching,False,1,False
BH-EAR-008-077,HIVE-008,ESP32-1008,2026-03-01T22:00:00,50,26,0.2488,early_stage_healthy,wet,humid_rain,27.45,85.39,96,115,167,213,0.1836,0.0444,0.216,not_ready,False,1,False
BH-HIG-049-043,HIVE-049,ESP32-1049,2026-05-07T22:00:00,97,26,0.9231,high_humidity_fermentation_risk,wet,humid_rain,30.61,93.6,148,187,289,355,0.8514,0.7244,0.37,approaching,False,4,True
BH-HIG-049-055,HIVE-049,ESP32-1049,2026-05-10T22:00:00,100,23,0.9647,high_humidity_fermentation_risk,wet,humid_rain,30.51,94.83,166,202,286,363,0.8579,0.7628,0.3532,approaching,False,4,True
BH-LAT-022-078,HIVE-022,ESP32-1022,2026-03-20T04:00:00,147,37,0.8427,late_stage_nearly_ready,dry,stable_clear,32.23,57.27,151,159,235,271,0.8805,0.0,0.8541,ready,False,0,False
BH-MID-019-061,HIVE-019,ESP32-1019,2026-04-02T02:00:00,82,30,0.4984,mid_stage_stable,dry,midday_heat,33.35,63.8,97,131,187,261,0.4978,0.0512,0.4887,approaching,False,0,False
BH-ENV-064-087,HIVE-064,ESP32-1064,2026-02-19T02:00:00,142,50,0.726,environmentally_unstable,inter_monsoon,post_rain,33.66,87.75,187,198,302,284,0.764,0.7525,0.2738,not_ready,False,5,True
BH-LAT-024-067,HIVE-024,ESP32-1024,2026-04-30T22:00:00,106,32,0.7515,late_stage_nearly_ready,dry,stable_clear,34.59,55.79,153,139,229,240,0.8156,0.1799,0.6978,nearly_ready,False,1,False
BH-MID-018-039,HIVE-018,ESP32-1018,2026-03-25T02:00:00,81,28,0.4003,mid_stage_stable,inter_monsoon,post_rain,31.55,68.74,106,114,188,230,0.4591,0.0,0.4818,approaching,False,0,False
BH-HIG-052-018,HIVE-052,ESP32-1052,2026-03-19T12:00:00,100,15,0.6996,high_gas_stress,wet,cloudy_stable,32.75,74.51,235,217,308,365,0.7662,0.6255,0.3488,not_ready,False,4,True
BH-ENV-066-016,HIVE-066,ESP32-1066,2026-02-19T00:00:00,112,17,0.7909,environmentally_unstable,wet,storm_front,26.67,73.89,202,158,299,287,0.7408,0.2717,0.5817,approaching,False,2,False
BH-LAT-037-063,HIVE-037,ESP32-1037,2026-04-17T02:00:00,161,34,0.9565,late_stage_ready,inter_monsoon,post_rain,29.81,67.1,164,189,251,294,0.996,0.0,0.9552,ready,False,1,False
BH-MID-017-081,HIVE-017,ESP32-1017,2026-03-13T02:00:00,112,46,0.6903,mid_stage_stable,inter_monsoon,stable_clear,31.6,67.75,135,111,189,239,0.6697,0.0,0.6653,nearly_ready,False,0,False
BH-EAR-002-030,HIVE-002,ESP32-1002,2026-01-15T08:00:00,61,22,0.1782,early_stage_healthy,inter_monsoon,post_rain,30.42,70.97,86,88,150,179,0.1861,0.0,0.2423,not_ready,False,0,False
BH-LAT-030-021,HIVE-030,ESP32-1030,2026-04-20T18:00:00,131,23,0.9681,late_stage_ready,inter_monsoon,cloudy_stable,30.14,62.61,148,146,245,279,1.0,0.0,0.9596,ready,False,0,False
BH-EAR-003-003,HIVE-003,ESP32-1003,2026-03-12T18:00:00,40,13,0.1219,early_stage_healthy,wet,cloudy_stable,27.51,76.46,109,81,147,184,0.1465,0.0,0.2066,not_ready,False,0,False
BH-MID-014-047,HIVE-014,ESP32-1014,2026-04-10T02:00:00,82,24,0.6175,mid_stage_stable,inter_monsoon,cloudy_stable,29.69,64.99,119,110,156,244,0.5882,0.0,0.5969,approaching,False,0,False
BH-LAT-027-020,HIVE-027,ESP32-1027,2026-04-12T16:00:00,120,18,0.7958,late_stage_nearly_ready,inter_monsoon,cloudy_stable,31.36,70.29,147,141,198,283,0.8149,0.0,0.796,nearly_ready,False,0,False
BH-EAR-003-040,HIVE-003,ESP32-1003,2026-03-22T00:00:00,58,27,0.2851,early_stage_healthy,wet,humid_rain,27.39,78.93,116,78,141,189,0.2285,0.0,0.2799,not_ready,False,0,False
BH-LAT-024-023,HIVE-024,ESP32-1024,2026-04-19T22:00:00,87,13,0.6488,late_stage_nearly_ready,dry,stable_clear,33.5,56.5,140,125,210,231,0.7306,0.0541,0.6922,nearly_ready,False,0,False
BH-MID-010-052,HIVE-010,ESP32-1010,2026-02-15T12:00:00,106,35,0.7417,mid_stage_stable,inter_monsoon,stable_clear,31.54,71.02,109,110,179,255,0.6469,0.0,0.6479,nearly_ready,False,0,False
BH-EAR-007-058,HIVE-007,ESP32-1007,2026-03-25T00:00:00,54,23,0.5264,early_stage_healthy,inter_monsoon,stable_clear,30.06,69.67,70,82,147,201,0.3192,0.0,0.359,approaching,False,0,False
BH-ENV-060-004,HIVE-060,ESP32-1060,2026-04-12T12:00:00,120,9,0.5218,environmentally_unstable,inter_monsoon,storm_front,34.09,86.26,199,131,258,274,0.5921,0.6992,0.15,not_ready,False,3,True
BH-LAT-021-077,HIVE-021,ESP32-1021,2026-01-26T18:00:00,112,33,0.7932,late_stage_nearly_ready,inter_monsoon,cloudy_stable,29.57,70.47,135,130,237,294,0.8035,0.0018,0.7845,nearly_ready,False,0,False
BH-LAT-022-039,HIVE-022,ESP32-1022,2026-03-10T10:00:00,130,27,0.7001,late_stage_nearly_ready,dry,cloudy_stable,31.57,56.51,140,152,222,253,0.7899,0.0,0.7743,nearly_ready,False,0,False
BH-HIG-048-036,HIVE-048,ESP32-1048,2026-05-06T04:00:00,137,31,0.8495,high_humidity_fermentation_risk,inter_monsoon,post_rain,30.52,94.48,139,143,277,334,0.8542,0.6857,0.3938,approaching,False,3,True
BH-LAT-021-049,HIVE-021,ESP32-1021,2026-01-19T18:00:00,102,31,0.7311,late_stage_nearly_ready,inter_monsoon,humid_rain,29.38,72.2,149,132,255,296,0.7555,0.0097,0.7378,nearly_ready,False,0,False
BH-LAT-035-082,HIVE-035,ESP32-1035,2026-02-05T12:00:00,109,21,1.0,late_stage_ready,inter_monsoon,post_rain,31.06,65.48,168,157,243,275,1.0,0.0,0.959,ready,False,0,False
BH-MID-014-059,HIVE-014,ESP32-1014,2026-04-13T02:00:00,86,26,0.6572,mid_stage_stable,inter_monsoon,stable_clear,29.68,66.5,124,107,166,243,0.6145,0.0,0.6198,nearly_ready,False,0,False
BH-LAT-035-038,HIVE-035,ESP32-1035,2026-01-25T12:00:00,102,17,0.9097,late_stage_ready,inter_monsoon,humid_rain,31.31,65.94,171,152,244,261,0.9117,0.0,0.8793,ready,False,0,False
BH-MID-015-081,HIVE-015,ESP32-1015,2026-04-28T10:00:00,95,45,0.6269,mid_stage_stable,dry,stable_clear,32.95,59.22,116,98,175,238,0.5715,0.0095,0.5763,approaching,False,0,False
BH-LAT-020-057,HIVE-020,ESP32-1020,2026-02-06T02:00:00,115,34,0.796,late_stage_nearly_ready,dry,cloudy_stable,32.48,65.37,132,142,208,257,0.8296,0.0,0.8079,ready,False,0,False
BH-ENV-061-064,HIVE-061,ESP32-1061,2026-01-23T00:00:00,132,30,0.8165,environmentally_unstable,dry,humid_rain,33.71,92.63,205,216,266,302,0.7603,0.8136,0.239,not_ready,False,5,True
BH-HIG-051-077,HIVE-051,ESP32-1051,2026-03-10T14:00:00,157,45,1.0,high_humidity_fermentation_risk,inter_monsoon,stable_clear,32.73,82.0,113,160,216,263,0.9671,0.3524,0.7337,nearly_ready,False,1,False
BH-LAT-021-086,HIVE-021,ESP32-1021,2026-01-29T00:00:00,114,37,0.8112,late_stage_nearly_ready,inter_monsoon,stable_clear,29.99,66.85,148,122,232,276,0.8131,0.0017,0.7934,nearly_ready,False,0,False
BH-ENV-066-082,HIVE-066,ESP32-1066,2026-03-07T12:00:00,128,35,0.9155,environmentally_unstable,wet,post_rain,28.5,71.79,213,174,304,289,0.8366,0.2821,0.6595,nearly_ready,False,2,False
BH-LAT-023-019,HIVE-023,ESP32-1023,2026-01-31T18:00:00,111,18,0.8082,late_stage_nearly_ready,inter_monsoon,stable_clear,31.3,63.06,151,128,218,242,0.8267,0.0027,0.8049,ready,False,0,False
BH-LAT-032-001,HIVE-032,ESP32-1032,2026-03-15T22:00:00,107,11,0.8556,late_stage_ready,inter_monsoon,humid_rain,29.1,66.11,162,134,240,261,0.9098,0.0,0.8776,ready,False,0,False
BH-LAT-034-014,HIVE-034,ESP32-1034,2026-03-31T20:00:00,134,19,0.8253,late_stage_ready,dry,midday_heat,34.88,51.31,150,158,220,313,0.9084,0.2342,0.7497,nearly_ready,False,1,False
BH-LAT-020-088,HIVE-020,ESP32-1020,2026-02-13T20:00:00,123,36,0.8463,late_stage_nearly_ready,dry,stable_clear,33.71,62.65,127,149,222,263,0.8357,0.1451,0.7343,nearly_ready,False,1,False
BH-LAT-026-064,HIVE-026,ESP32-1026,2026-03-25T12:00:00,135,40,0.9766,late_stage_nearly_ready,dry,midday_heat,32.34,64.77,148,137,240,264,0.9091,0.006,0.8737,ready,False,0,False
BH-ENV-060-072,HIVE-060,ESP32-1060,2026-04-29T12:00:00,144,36,0.7548,environmentally_unstable,inter_monsoon,stable_clear,34.23,75.6,185,102,253,243,0.76,0.4083,0.5216,approaching,False,2,False
BH-MID-018-027,HIVE-018,ESP32-1018,2026-03-22T02:00:00,76,19,0.3679,mid_stage_stable,inter_monsoon,stable_clear,31.51,68.25,109,111,171,234,0.4424,0.0,0.4675,approaching,False,0,False
BH-HIG-047-014,HIVE-047,ESP32-1047,2026-01-13T00:00:00,107,14,1.0,high_humidity_fermentation_risk,wet,storm_front,29.98,94.32,153,180,245,345,0.8877,0.6854,0.423,approaching,False,3,True
BH-LAT-028-081,HIVE-028,ESP32-1028,2026-02-09T14:00:00,104,31,0.838,late_stage_nearly_ready,inter_monsoon,post_rain,31.81,77.11,149,135,226,292,0.8573,0.0,0.8335,ready,False,0,False
BH-LAT-029-058,HIVE-029,ESP32-1029,2026-03-04T12:00:00,112,28,0.6814,late_stage_nearly_ready,dry,cloudy_stable,32.57,57.96,143,140,215,251,0.7646,0.0,0.7509,nearly_ready,False,0,False
BH-LAT-036-020,HIVE-036,ESP32-1036,2026-04-01T16:00:00,116,16,0.8448,late_stage_ready,dry,midday_heat,33.82,48.35,184,146,259,281,0.8964,0.2593,0.7249,nearly_ready,False,2,False
BH-LAT-030-031,HIVE-030,ESP32-1030,2026-04-23T06:00:00,137,21,0.9653,late_stage_ready,inter_monsoon,stable_clear,31.51,61.61,159,156,262,285,1.0,0.0,0.9591,ready,False,1,False
BH-LAT-034-035,HIVE-034,ESP32-1034,2026-04-06T02:00:00,137,18,0.883,late_stage_ready,dry,midday_heat,34.75,50.58,152,163,225,295,0.986,0.2435,0.813,ready,False,1,False
BH-EAR-005-023,HIVE-005,ESP32-1005,2026-04-29T18:00:00,59,22,0.2343,early_stage_healthy,inter_monsoon,cloudy_stable,28.54,74.46,62,76,112,212,0.2144,0.0,0.2659,not_ready,False,0,False
BH-ENV-061-089,HIVE-061,ESP32-1061,2026-01-29T06:00:00,136,28,0.8396,environmentally_unstable,dry,midday_heat,31.07,87.06,196,207,239,295,0.8,0.5486,0.4213,approaching,False,3,True
BH-MID-017-013,HIVE-017,ESP32-1017,2026-02-24T02:00:00,86,17,0.4172,mid_stage_stable,inter_monsoon,stable_clear,32.03,63.94,124,95,178,231,0.515,0.0,0.5328,approaching,False,0,False
BH-LAT-021-069,HIVE-021,ESP32-1021,2026-01-24T18:00:00,110,33,0.78,late_stage_nearly_ready,inter_monsoon,post_rain,29.99,70.86,140,125,231,282,0.8041,0.0,0.786,nearly_ready,False,0,False
BH-LAT-024-007,HIVE-024,ESP32-1024,2026-04-15T22:00:00,82,10,0.6467,late_stage_nearly_ready,dry,midday_heat,34.92,54.49,148,129,228,268,0.7134,0.27,0.5586,approaching,False,1,False
BH-EAR-007-022,HIVE-007,ESP32-1007,2026-03-16T00:00:00,45,16,0.3632,early_stage_healthy,inter_monsoon,humid_rain,27.69,76.55,81,79,149,221,0.2515,0.0,0.2983,not_ready,False,0,False
BH-LAT-037-021,HIVE-037,ESP32-1037,2026-04-06T14:00:00,140,18,0.868,late_stage_ready,inter_monsoon,humid_rain,29.39,68.13,160,186,244,284,0.9942,0.0,0.9531,ready,False,1,False
BH-LAT-029-033,HIVE-029,ESP32-1029,2026-02-26T06:00:00,102,16,0.6208,late_stage_nearly_ready,dry,midday_heat,33.33,54.96,149,159,237,258,0.7184,0.1012,0.6557,nearly_ready,False,0,False
BH-EAR-007-020,HIVE-007,ESP32-1007,2026-03-15T12:00:00,44,14,0.3583,early_stage_healthy,inter_monsoon,stable_clear,29.24,69.98,65,76,138,207,0.2674,0.0,0.3135,not_ready,False,0,False
BH-LAT-023-000,HIVE-023,ESP32-1023,2026-01-27T00:00:00,108,15,0.7863,late_stage_nearly_ready,inter_monsoon,humid_rain,30.1,66.99,148,135,218,243,0.7961,0.0,0.7786,nearly_ready,False,0,False
BH-LAT-035-014,HIVE-035,ESP32-1035,2026-01-19T12:00:00,98,14,0.8628,late_stage_ready,inter_monsoon,stable_clear,31.76,59.8,162,142,220,264,0.88,0.0,0.8536,ready,False,0,False
BH-EAR-001-078,HIVE-001,ESP32-1001,2026-02-16T16:00:00,67,36,0.3898,early_stage_healthy,wet,humid_rain,28.54,75.79,91,113,177,204,0.3072,0.0,0.349,not_ready,False,0,False
BH-LAT-030-073,HIVE-030,ESP32-1030,2026-05-03T18:00:00,159,41,0.9972,late_stage_ready,inter_monsoon,humid_rain,30.7,66.14,166,162,261,282,1.0,0.0,0.9574,ready,False,1,False
BH-LAT-037-042,HIVE-037,ESP32-1037,2026-04-11T20:00:00,150,23,0.9262,late_stage_ready,inter_monsoon,stable_clear,31.07,64.24,167,197,248,302,1.0,0.0,0.9566,ready,False,1,False
BH-LAT-030-059,HIVE-030,ESP32-1030,2026-04-30T06:00:00,153,38,1.0,late_stage_ready,inter_monsoon,post_rain,30.42,70.01,159,158,257,288,1.0,0.0,0.9594,ready,False,0,False
BH-MID-011-077,HIVE-011,ESP32-1011,2026-04-25T18:00:00,117,47,0.7826,mid_stage_stable,dry,stable_clear,33.48,62.77,113,83,182,267,0.6849,0.0173,0.6724,nearly_ready,False,0,False
BH-MID-010-043,HIVE-010,ESP32-1010,2026-02-13T06:00:00,101,34,0.6685,mid_stage_stable,inter_monsoon,humid_rain,31.42,77.87,102,129,185,256,0.5971,0.0,0.6035,nearly_ready,False,0,False
BH-EAR-001-010,HIVE-001,ESP32-1001,2026-01-30T16:00:00,40,15,0.2277,early_stage_healthy,wet,cloudy_stable,28.87,74.98,78,106,164,222,0.1755,0.0,0.2326,not_ready,False,0,False
BH-LAT-024-019,HIVE-024,ESP32-1024,2026-04-18T22:00:00,85,15,0.6581,late_stage_nearly_ready,dry,midday_heat,35.24,55.9,144,133,227,240,0.6985,0.2651,0.5479,approaching,False,1,False
BH-ENV-062-001,HIVE-062,ESP32-1062,2026-03-18T10:00:00,82,9,0.7996,environmentally_unstable,inter_monsoon,stable_clear,34.94,55.51,131,186,249,280,0.6859,0.4903,0.4105,approaching,False,2,False
BH-EAR-001-067,HIVE-001,ESP32-1001,2026-02-13T22:00:00,65,34,0.368,early_stage_healthy,wet,cloudy_stable,28.87,72.37,79,115,152,200,0.296,0.0,0.3399,not_ready,False,0,False
BH-ENV-060-061,HIVE-060,ESP32-1060,2026-04-26T18:00:00,140,36,0.7338,environmentally_unstable,inter_monsoon,midday_heat,35.62,74.75,183,102,246,243,0.7643,0.6175,0.3489,not_ready,False,2,True
BH-EAR-006-032,HIVE-006,ESP32-1006,2026-02-17T00:00:00,25,11,0.2265,early_stage_healthy,wet,humid_rain,29.19,77.77,95,99,120,203,0.1853,0.0,0.2412,not_ready,False,0,False
BH-LAT-027-091,HIVE-027,ESP32-1027,2026-04-30T10:00:00,151,48,0.938,late_stage_nearly_ready,inter_monsoon,post_rain,31.31,75.65,157,147,218,292,0.9278,0.0,0.8931,ready,False,0,False
BH-EAR-008-043,HIVE-008,ESP32-1008,2026-02-21T10:00:00,45,20,0.1815,early_stage_healthy,wet,humid_rain,27.55,84.22,89,115,167,207,0.1892,0.0683,0.2084,not_ready,False,1,False
BH-HIG-052-056,HIVE-052,ESP32-1052,2026-03-29T00:00:00,120,35,0.7863,high_gas_stress,wet,humid_rain,31.84,78.71,245,219,314,341,0.808,0.5964,0.4012,approaching,False,4,True
BH-HIG-046-063,HIVE-046,ESP32-1046,2026-03-01T14:00:00,143,29,0.9659,high_humidity_fermentation_risk,wet,post_rain,28.45,93.98,153,152,244,280,0.9126,0.6191,0.4813,approaching,False,1,True
BH-ENV-063-022,HIVE-063,ESP32-1063,2026-03-30T04:00:00,125,18,0.6826,environmentally_unstable,inter_monsoon,humid_rain,32.44,65.25,133,122,277,297,0.6599,0.2591,0.514,approaching,False,1,False
BH-LAT-026-085,HIVE-026,ESP32-1026,2026-03-30T18:00:00,142,51,1.0,late_stage_nearly_ready,dry,midday_heat,31.91,63.81,148,139,238,262,0.9668,0.0,0.9277,ready,False,0,False
BH-LAT-028-048,HIVE-028,ESP32-1028,2026-02-01T08:00:00,95,24,0.796,late_stage_nearly_ready,inter_monsoon,cloudy_stable,30.72,71.13,133,122,209,271,0.79,0.0,0.7746,nearly_ready,False,0,False
BH-EAR-006-013,HIVE-006,ESP32-1006,2026-02-12T06:00:00,20,6,0.1821,early_stage_healthy,wet,storm_front,27.19,79.31,99,98,125,225,0.1065,0.0,0.1728,not_ready,False,0,False
BH-LAT-022-026,HIVE-022,ESP32-1022,2026-03-07T04:00:00,124,17,0.69,late_stage_nearly_ready,dry,midday_heat,32.94,53.22,149,151,228,270,0.7761,0.1199,0.6959,nearly_ready,False,0,False
BH-ENV-059-089,HIVE-059,ESP32-1059,2026-01-25T18:00:00,142,32,0.6595,environmentally_unstable,inter_monsoon,humid_rain,31.9,81.31,218,210,216,356,0.7249,0.5389,0.3602,approaching,False,4,True
BH-EAR-006-072,HIVE-006,ESP32-1006,2026-02-27T00:00:00,37,23,0.3869,early_stage_healthy,wet,humid_rain,27.92,79.27,91,99,132,199,0.2778,0.0,0.3234,not_ready,False,0,False
BH-EAR-007-060,HIVE-007,ESP32-1007,2026-03-25T12:00:00,54,27,0.5179,early_stage_healthy,inter_monsoon,stable_clear,31.15,74.54,102,95,198,253,0.3122,0.0,0.3474,not_ready,False,0,False
BH-EAR-001-040,HIVE-001,ESP32-1001,2026-02-07T04:00:00,53,29,0.2914,early_stage_healthy,wet,humid_rain,28.69,77.62,87,103,156,210,0.2307,0.0,0.2808,not_ready,False,0,False
BH-LAT-022-059,HIVE-022,ESP32-1022,2026-03-15T10:00:00,140,35,0.7678,late_stage_nearly_ready,dry,stable_clear,32.37,55.86,149,158,244,267,0.8728,0.0296,0.8304,ready,False,0,False
BH-LAT-037-079,HIVE-037,ESP32-1037,2026-04-21T02:00:00,165,47,1.0,late_stage_ready,inter_monsoon,cloudy_stable,31.04,66.4,161,197,256,288,1.0,0.0,0.959,ready,False,1,False
BH-MID-018-072,HIVE-018,ESP32-1018,2026-04-02T08:00:00,94,36,0.5625,mid_stage_stable,inter_monsoon,humid_rain,32.91,70.56,121,122,196,237,0.5378,0.0176,0.5416,approaching,False,0,False
BH-EAR-009-004,HIVE-009,ESP32-1009,2026-02-10T20:00:00,28,12,0.2427,early_stage_healthy,wet,humid_rain,29.43,75.07,86,118,176,208,0.1737,0.0,0.232,not_ready,False,0,False
BH-MID-018-011,HIVE-018,ESP32-1018,2026-03-18T02:00:00,71,9,0.3104,mid_stage_stable,inter_monsoon,post_rain,31.06,72.14,107,119,174,238,0.3803,0.0,0.4122,approaching,False,0,False
BH-LAT-034-003,HIVE-034,ESP32-1034,2026-03-29T02:00:00,133,13,0.8091,late_stage_ready,dry,midday_heat,35.04,51.65,144,159,224,304,0.9093,0.2256,0.755,nearly_ready,False,1,False
BH-EAR-003-008,HIVE-003,ESP32-1003,2026-03-14T00:00:00,41,11,0.1623,early_stage_healthy,wet,cloudy_stable,27.83,73.99,102,71,145,183,0.1788,0.0,0.236,not_ready,False,0,False
BH-LAT-029-059,HIVE-029,ESP32-1029,2026-03-04T18:00:00,112,25,0.6453,late_stage_nearly_ready,dry,midday_heat,33.29,57.11,152,143,223,258,0.759,0.0618,0.7117,nearly_ready,False,0,False
BH-LAT-031-000,HIVE-031,ESP32-1031,2026-02-07T00:00:00,134,14,0.9487,late_stage_ready,dry,stable_clear,30.71,62.88,142,166,223,250,0.9683,0.0,0.9303,ready,False,0,False
BH-ENV-059-077,HIVE-059,ESP32-1059,2026-01-22T18:00:00,141,29,0.6316,environmentally_unstable,inter_monsoon,post_rain,32.24,79.97,206,189,188,338,0.6748,0.4625,0.3584,approaching,False,3,True
BH-ENV-064-036,HIVE-064,ESP32-1064,2026-02-06T08:00:00,121,21,0.6287,environmentally_unstable,inter_monsoon,post_rain,32.19,88.94,192,211,309,293,0.6588,0.6262,0.2533,not_ready,False,4,True
BH-MID-018-029,HIVE-018,ESP32-1018,2026-03-22T14:00:00,77,22,0.3615,mid_stage_stable,inter_monsoon,stable_clear,31.51,65.34,95,107,172,216,0.4796,0.0,0.5013,approaching,False,0,False
BH-LAT-031-023,HIVE-031,ESP32-1031,2026-02-12T18:00:00,138,17,0.9618,late_stage_ready,dry,stable_clear,31.27,60.62,157,190,239,263,1.0,0.0,0.9589,ready,False,1,False
BH-HIG-058-052,HIVE-058,ESP32-1058,2026-01-29T04:00:00,103,35,0.9907,high_gas_stress,wet,cloudy_stable,31.5,78.05,189,184,320,326,0.8807,0.5512,0.4876,approaching,False,4,True
BH-MID-011-027,HIVE-011,ESP32-1011,2026-04-13T06:00:00,92,26,0.582,mid_stage_stable,dry,midday_heat,34.18,62.82,127,98,178,270,0.5641,0.1215,0.5086,approaching,False,1,False
BH-LAT-032-047,HIVE-032,ESP32-1032,2026-03-27T10:00:00,119,21,0.9386,late_stage_ready,inter_monsoon,stable_clear,30.55,59.75,160,137,241,271,0.9534,0.0,0.9179,ready,False,0,False
BH-MID-014-001,HIVE-014,ESP32-1014,2026-03-29T14:00:00,72,12,0.5409,mid_stage_stable,inter_monsoon,post_rain,28.84,69.33,126,112,164,236,0.5485,0.0,0.5611,approaching,False,0,False
BH-ENV-064-038,HIVE-064,ESP32-1064,2026-02-06T20:00:00,123,29,0.6426,environmentally_unstable,inter_monsoon,humid_rain,32.03,88.36,178,199,294,298,0.7036,0.5718,0.323,not_ready,False,3,True
BH-ENV-062-085,HIVE-062,ESP32-1062,2026-04-08T10:00:00,101,33,0.8676,environmentally_unstable,inter_monsoon,humid_rain,34.28,66.8,135,175,217,280,0.7756,0.3489,0.5666,approaching,False,1,False
BH-ENV-062-008,HIVE-062,ESP32-1062,2026-03-20T04:00:00,82,14,0.7964,environmentally_unstable,inter_monsoon,storm_front,35.32,66.31,148,193,269,314,0.7302,0.6242,0.3179,not_ready,False,3,True
BH-EAR-005-037,HIVE-005,ESP32-1005,2026-05-03T06:00:00,67,31,0.2664,early_stage_healthy,inter_monsoon,stable_clear,29.09,71.06,44,74,109,208,0.2617,0.0,0.3093,not_ready,False,0,False
BH-LAT-021-058,HIVE-021,ESP32-1021,2026-01-22T00:00:00,106,33,0.7593,late_stage_nearly_ready,inter_monsoon,stable_clear,30.17,68.74,128,119,232,276,0.8136,0.0,0.7948,nearly_ready,False,0,False
BH-LAT-024-079,HIVE-024,ESP32-1024,2026-05-03T22:00:00,110,42,0.7709,late_stage_nearly_ready,dry,midday_heat,35.69,52.23,152,136,224,261,0.7866,0.4766,0.4497,approaching,False,1,True
BH-ENV-059-013,HIVE-059,ESP32-1059,2026-01-06T18:00:00,122,13,0.4513,environmentally_unstable,inter_monsoon,midday_heat,36.07,74.14,199,203,204,371,0.5882,0.767,0.1133,not_ready,False,4,True
BH-LAT-021-060,HIVE-021,ESP32-1021,2026-01-22T12:00:00,107,34,0.7727,late_stage_nearly_ready,inter_monsoon,cloudy_stable,30.01,68.65,132,125,227,275,0.8377,0.003,0.8152,ready,False,0,False
BH-HIG-045-052,HIVE-045,ESP32-1045,2026-01-26T04:00:00,121,31,0.9647,high_humidity_fermentation_risk,inter_monsoon,stable_clear,33.09,94.55,132,129,227,305,0.8946,0.6484,0.4472,approaching,False,1,True
BH-EAR-001-072,HIVE-001,ESP32-1001,2026-02-15T04:00:00,66,43,0.3961,early_stage_healthy,wet,post_rain,28.41,75.17,83,111,160,200,0.2883,0.0,0.3328,not_ready,False,0,False
BH-HIG-053-067,HIVE-053,ESP32-1053,2026-05-15T14:00:00,99,18,0.869,high_gas_stress,inter_monsoon,stable_clear,32.45,73.79,184,190,262,310,0.8352,0.516,0.4697,approaching,False,3,True
BH-LAT-021-042,HIVE-021,ESP32-1021,2026-01-18T00:00:00,99,29,0.6872,late_stage_nearly_ready,inter_monsoon,post_rain,29.97,70.53,140,115,231,291,0.7512,0.0,0.7393,nearly_ready,False,0,False
BH-LAT-030-060,HIVE-030,ESP32-1030,2026-04-30T12:00:00,154,40,0.9804,late_stage_ready,inter_monsoon,post_rain,30.58,69.97,159,155,260,288,1.0,0.0,0.9596,ready,False,0,False
BH-EAR-003-028,HIVE-003,ESP32-1003,2026-03-19T00:00:00,50,19,0.228,early_stage_healthy,wet,humid_rain,27.45,78.75,115,83,157,177,0.1925,0.0,0.2486,not_ready,False,0,False
BH-LAT-031-069,HIVE-031,ESP32-1031,2026-02-24T06:00:00,152,35,0.9812,late_stage_ready,dry,stable_clear,31.9,59.94,164,180,243,267,1.0,0.0,0.9594,ready,False,1,False
BH-ENV-063-038,HIVE-063,ESP32-1063,2026-04-03T04:00:00,131,24,0.7124,environmentally_unstable,inter_monsoon,cloudy_stable,32.29,71.77,141,110,293,273,0.7106,0.2109,0.5855,approaching,False,1,False
BH-MID-015-067,HIVE-015,ESP32-1015,2026-04-24T22:00:00,92,39,0.5915,mid_stage_stable,dry,stable_clear,34.18,61.02,128,109,177,241,0.5956,0.1101,0.5414,approaching,False,1,False
BH-HIG-045-042,HIVE-045,ESP32-1045,2026-01-23T16:00:00,115,32,0.9057,high_humidity_fermentation_risk,inter_monsoon,stable_clear,32.69,86.98,121,117,206,288,0.8505,0.3864,0.6149,nearly_ready,False,1,False
BH-MID-017-051,HIVE-017,ESP32-1017,2026-03-05T14:00:00,103,27,0.6071,mid_stage_stable,inter_monsoon,stable_clear,32.02,66.16,130,92,183,234,0.6166,0.0,0.6223,nearly_ready,False,0,False
BH-ENV-060-068,HIVE-060,ESP32-1060,2026-04-28T12:00:00,142,39,0.738,environmentally_unstable,inter_monsoon,humid_rain,33.32,84.81,207,140,277,276,0.7457,0.5995,0.3419,not_ready,False,3,True
BH-LAT-037-000,HIVE-037,ESP32-1037,2026-04-01T08:00:00,135,8,0.8276,late_stage_ready,inter_monsoon,stable_clear,30.21,60.55,140,170,232,261,0.9272,0.0,0.8941,ready,False,0,False
BH-EAR-003-062,HIVE-003,ESP32-1003,2026-03-27T12:00:00,72,50,0.3602,early_stage_healthy,wet,storm_front,27.54,79.91,122,85,158,206,0.3104,0.0,0.3517,approaching,False,0,False
BH-LAT-024-070,HIVE-024,ESP32-1024,2026-05-01T16:00:00,107,42,0.7866,late_stage_nearly_ready,dry,cloudy_stable,34.06,58.22,153,139,235,260,0.7818,0.1611,0.6786,nearly_ready,False,1,False
BH-MID-011-016,HIVE-011,ESP32-1011,2026-04-10T12:00:00,87,15,0.5611,mid_stage_stable,dry,midday_heat,34.64,62.08,119,91,191,281,0.5883,0.1715,0.5023,approaching,False,1,False
BH-LAT-025-005,HIVE-025,ESP32-1025,2026-04-23T14:00:00,90,8,0.6309,late_stage_nearly_ready,dry,stable_clear,33.57,63.94,130,149,232,247,0.6878,0.1197,0.6188,nearly_ready,False,1,False
BH-EAR-004-065,HIVE-004,ESP32-1004,2026-02-06T22:00:00,62,44,0.3649,early_stage_healthy,wet,humid_rain,28.21,81.0,100,93,132,215,0.2847,0.0,0.33,not_ready,False,1,False
BH-ENV-063-014,HIVE-063,ESP32-1063,2026-03-28T04:00:00,123,18,0.6447,environmentally_unstable,inter_monsoon,post_rain,35.89,73.05,155,128,288,285,0.7038,0.6391,0.287,not_ready,False,2,True
BH-LAT-038-035,HIVE-038,ESP32-1038,2026-04-25T02:00:00,145,26,0.9129,late_stage_overheated,dry,stable_clear,36.1,60.81,155,158,238,328,0.9126,0.685,0.4446,approaching,False,2,True
BH-ENV-060-079,HIVE-060,ESP32-1060,2026-05-01T06:00:00,145,42,0.7732,environmentally_unstable,inter_monsoon,stable_clear,37.34,71.66,222,140,296,288,0.7423,0.7334,0.2677,not_ready,False,3,True
BH-MID-010-064,HIVE-010,ESP32-1010,2026-02-18T12:00:00,112,36,0.7918,mid_stage_stable,inter_monsoon,cloudy_stable,32.96,72.51,108,117,202,256,0.6725,0.0174,0.6607,nearly_ready,False,0,False
BH-EAR-005-032,HIVE-005,ESP32-1005,2026-05-02T00:00:00,64,29,0.2395,early_stage_healthy,inter_monsoon,stable_clear,29.59,74.34,60,73,129,197,0.1913,0.0,0.2473,not_ready,False,0,False
BH-MID-014-051,HIVE-014,ESP32-1014,2026-04-11T02:00:00,83,29,0.6641,mid_stage_stable,inter_monsoon,stable_clear,29.57,63.75,123,111,158,235,0.6279,0.0,0.6321,nearly_ready,False,0,False
BH-ENV-061-005,HIVE-061,ESP32-1061,2026-01-08T06:00:00,117,11,0.6826,environmentally_unstable,dry,midday_heat,35.43,70.9,202,214,284,296,0.6363,0.7424,0.1615,not_ready,False,4,True
BH-EAR-002-056,HIVE-002,ESP32-1002,2026-01-21T20:00:00,73,35,0.2482,early_stage_healthy,inter_monsoon,post_rain,30.54,72.27,97,93,159,176,0.211,0.0,0.2649,not_ready,False,0,False
BH-MID-018-070,HIVE-018,ESP32-1018,2026-04-01T20:00:00,93,39,0.5378,mid_stage_stable,inter_monsoon,cloudy_stable,32.89,66.14,112,114,181,235,0.5232,0.0,0.5396,approaching,False,0,False
BH-EAR-005-045,HIVE-005,ESP32-1005,2026-05-05T06:00:00,71,33,0.2765,early_stage_healthy,inter_monsoon,stable_clear,28.78,71.53,52,74,108,184,0.2314,0.0,0.2832,not_ready,False,0,False
BH-ENV-059-026,HIVE-059,ESP32-1059,2026-01-10T00:00:00,125,22,0.4518,environmentally_unstable,inter_monsoon,humid_rain,32.49,80.58,186,197,184,332,0.5821,0.5242,0.2404,not_ready,False,4,True
BH-MID-013-048,HIVE-013,ESP32-1013,2026-04-02T16:00:00,100,36,0.4435,mid_stage_stable,inter_monsoon,stable_clear,30.42,62.46,99,109,159,223,0.5265,0.0,0.5421,approaching,False,0,False
BH-EAR-001-064,HIVE-001,ESP32-1001,2026-02-13T04:00:00,64,34,0.3815,early_stage_healthy,wet,post_rain,28.59,75.18,87,113,167,213,0.2878,0.0,0.3325,not_ready,False,0,False
BH-LAT-021-081,HIVE-021,ESP32-1021,2026-01-27T18:00:00,113,37,0.7898,late_stage_nearly_ready,inter_monsoon,humid_rain,28.74,71.31,152,133,250,298,0.7863,0.0129,0.7619,nearly_ready,False,0,False
BH-MID-016-018,HIVE-016,ESP32-1016,2026-02-04T12:00:00,53,12,0.5346,mid_stage_stable,dry,stable_clear,32.97,67.01,138,103,180,209,0.5113,0.0,0.5284,approaching,False,0,False
BH-EAR-006-069,HIVE-006,ESP32-1006,2026-02-26T06:00:00,36,22,0.3819,early_stage_healthy,wet,post_rain,28.05,77.28,91,97,142,210,0.2831,0.0,0.3284,not_ready,False,0,False
BH-EAR-003-078,HIVE-003,ESP32-1003,2026-03-31T12:00:00,76,48,0.3786,early_stage_healthy,wet,humid_rain,27.97,78.0,123,88,144,189,0.3105,0.0,0.3527,approaching,False,0,False
BH-ENV-062-027,HIVE-062,ESP32-1062,2026-03-24T22:00:00,86,18,0.8173,environmentally_unstable,inter_monsoon,humid_rain,36.51,73.83,152,190,251,317,0.7038,0.6979,0.2538,not_ready,False,2,True
BH-EAR-007-000,HIVE-007,ESP32-1007,2026-03-10T12:00:00,42,17,0.3054,early_stage_healthy,inter_monsoon,stable_clear,29.1,70.92,60,60,128,202,0.2462,0.0,0.2946,not_ready,False,0,False
BH-LAT-038-029,HIVE-038,ESP32-1038,2026-04-23T14:00:00,142,17,0.9048,late_stage_overheated,dry,midday_heat,38.19,60.47,167,175,292,329,0.9574,0.7571,0.443,approaching,False,3,True
BH-MID-016-015,HIVE-016,ESP32-1016,2026-02-03T18:00:00,52,12,0.5264,mid_stage_stable,dry,midday_heat,34.21,64.28,145,121,204,236,0.4636,0.0835,0.4414,approaching,False,1,False
BH-LAT-043-014,HIVE-043,ESP32-1043,2026-05-04T08:00:00,136,19,0.805,late_stage_overheated,dry,midday_heat,37.86,60.84,150,199,296,355,0.8899,0.763,0.3813,approaching,False,4,True
BH-LAT-030-024,HIVE-030,ESP32-1030,2026-04-21T12:00:00,133,17,0.9492,late_stage_ready,inter_monsoon,stable_clear,31.21,60.66,147,150,248,274,0.9663,0.0,0.9279,ready,False,0,False
BH-EAR-001-056,HIVE-001,ESP32-1001,2026-02-11T04:00:00,61,31,0.3642,early_stage_healthy,wet,post_rain,28.7,76.19,87,117,174,222,0.2434,0.0,0.2917,not_ready,False,0,False
BH-LAT-020-073,HIVE-020,ESP32-1020,2026-02-10T02:00:00,121,36,0.8479,late_stage_nearly_ready,dry,cloudy_stable,32.5,66.86,129,147,209,243,0.8348,0.0,0.8134,ready,False,0,False
BH-LAT-036-038,HIVE-036,ESP32-1036,2026-04-06T04:00:00,121,25,0.9138,late_stage_ready,dry,stable_clear,33.35,49.3,177,146,254,271,0.9494,0.1848,0.812,ready,False,0,False
BH-LAT-021-084,HIVE-021,ESP32-1021,2026-01-28T12:00:00,114,40,0.8142,late_stage_nearly_ready,inter_monsoon,stable_clear,30.01,67.4,145,125,241,282,0.8248,0.0,0.8036,ready,False,0,False
BH-EAR-004-076,HIVE-004,ESP32-1004,2026-02-09T16:00:00,65,46,0.3581,early_stage_healthy,wet,cloudy_stable,28.65,77.13,83,77,119,214,0.259,0.0,0.3069,not_ready,False,0,False
BH-LAT-021-016,HIVE-021,ESP32-1021,2026-01-11T12:00:00,89,14,0.633,late_stage_nearly_ready,inter_monsoon,post_rain,29.37,73.23,129,124,222,288,0.7174,0.0,0.7097,nearly_ready,False,0,False
BH-EAR-005-072,HIVE-005,ESP32-1005,2026-05-12T00:00:00,82,38,0.3518,early_stage_healthy,inter_monsoon,humid_rain,27.57,77.49,67,94,131,206,0.3198,0.0,0.3597,approaching,False,0,False
BH-EAR-002-055,HIVE-002,ESP32-1002,2026-01-21T14:00:00,72,35,0.2541,early_stage_healthy,inter_monsoon,post_rain,30.77,71.68,94,91,160,175,0.2296,0.0,0.2811,not_ready,False,0,False
BH-ENV-059-039,HIVE-059,ESP32-1059,2026-01-13T06:00:00,130,23,0.5326,environmentally_unstable,inter_monsoon,stable_clear,33.17,75.83,180,198,190,343,0.6025,0.5354,0.2503,not_ready,False,3,True
BH-LAT-036-010,HIVE-036,ESP32-1036,2026-03-30T04:00:00,114,9,0.836,late_stage_ready,dry,midday_heat,34.17,50.82,178,143,238,268,0.9467,0.2097,0.7975,nearly_ready,False,1,False
BH-LAT-026-061,HIVE-026,ESP32-1026,2026-03-24T18:00:00,134,36,0.94,late_stage_nearly_ready,dry,stable_clear,31.08,67.49,147,140,249,263,0.9377,0.0123,0.8979,ready,False,0,False
BH-MID-016-081,HIVE-016,ESP32-1016,2026-02-20T06:00:00,79,38,0.6955,mid_stage_stable,dry,midday_heat,32.72,67.87,139,107,191,221,0.583,0.0,0.5901,approaching,False,0,False
BH-EAR-006-025,HIVE-006,ESP32-1006,2026-02-15T06:00:00,23,9,0.2303,early_stage_healthy,wet,cloudy_stable,28.46,74.68,88,97,119,204,0.1837,0.0,0.2399,not_ready,False,0,False
BH-EAR-001-030,HIVE-001,ESP32-1001,2026-02-04T16:00:00,48,19,0.2663,early_stage_healthy,wet,storm_front,27.55,79.36,100,120,171,219,0.1893,0.0,0.2449,not_ready,False,0,False
BH-MID-014-026,HIVE-014,ESP32-1014,2026-04-04T20:00:00,76,17,0.573,mid_stage_stable,inter_monsoon,stable_clear,29.96,66.4,134,119,169,254,0.5365,0.0,0.547,approaching,False,0,False
BH-MID-017-007,HIVE-017,ESP32-1017,2026-02-22T14:00:00,85,16,0.4109,mid_stage_stable,inter_monsoon,cloudy_stable,31.15,70.03,120,88,179,231,0.4974,0.0,0.5174,approaching,False,0,False
BH-LAT-031-022,HIVE-031,ESP32-1031,2026-02-12T12:00:00,137,12,0.9813,late_stage_ready,dry,cloudy_stable,31.02,61.16,158,184,242,272,1.0,0.0,0.9597,ready,False,1,False
BH-HIG-056-028,HIVE-056,ESP32-1056,2026-04-29T12:00:00,114,22,0.9103,high_gas_stress,inter_monsoon,stable_clear,32.17,71.75,193,220,276,356,0.8693,0.5333,0.4906,approaching,False,4,True
BH-MID-015-016,HIVE-015,ESP32-1015,2026-04-12T04:00:00,68,11,0.5096,mid_stage_stable,dry,midday_heat,34.44,58.3,129,100,171,233,0.4877,0.158,0.4202,approaching,False,1,False
BH-LAT-028-076,HIVE-028,ESP32-1028,2026-02-08T08:00:00,103,33,0.8675,late_stage_nearly_ready,inter_monsoon,post_rain,31.36,74.21,145,130,213,293,0.8305,0.0,0.8077,ready,False,0,False
BH-MID-012-080,HIVE-012,ESP32-1012,2026-02-11T12:00:00,110,49,0.7928,mid_stage_stable,dry,cloudy_stable,33.28,70.07,109,124,189,224,0.6733,0.0122,0.6647,nearly_ready,False,0,False
BH-LAT-022-047,HIVE-022,ESP32-1022,2026-03-12T10:00:00,134,31,0.7322,late_stage_nearly_ready,dry,cloudy_stable,31.06,61.38,148,151,239,266,0.8243,0.0,0.804,ready,False,0,False
BH-LAT-021-065,HIVE-021,ESP32-1021,2026-01-23T18:00:00,109,34,0.7602,late_stage_nearly_ready,inter_monsoon,post_rain,29.26,72.9,138,121,238,288,0.7813,0.0107,0.7612,nearly_ready,False,0,False
BH-EAR-009-058,HIVE-009,ESP32-1009,2026-02-24T08:00:00,56,36,0.4705,early_stage_healthy,wet,storm_front,28.16,76.92,86,115,184,207,0.2886,0.0,0.3329,not_ready,False,0,False
BH-LAT-027-026,HIVE-027,ESP32-1027,2026-04-14T04:00:00,123,22,0.7927,late_stage_nearly_ready,inter_monsoon,post_rain,30.29,72.88,145,146,199,288,0.809,0.0082,0.7867,nearly_ready,False,0,False
BH-EAR-004-070,HIVE-004,ESP32-1004,2026-02-08T04:00:00,64,49,0.3614,early_stage_healthy,wet,cloudy_stable,28.54,77.72,91,86,130,211,0.3012,0.0,0.3438,not_ready,False,0,False
BH-HIG-045-039,HIVE-045,ESP32-1045,2026-01-22T22:00:00,113,33,0.8993,high_humidity_fermentation_risk,inter_monsoon,stable_clear,32.47,88.48,128,124,210,297,0.852,0.518,0.4826,approaching,False,1,True
BH-LAT-025-069,HIVE-025,ESP32-1025,2026-05-09T14:00:00,115,37,0.744,late_stage_nearly_ready,dry,cloudy_stable,33.12,65.47,133,158,223,236,0.8208,0.0245,0.7875,nearly_ready,False,0,False
BH-EAR-003-079,HIVE-003,ESP32-1003,2026-03-31T18:00:00,76,49,0.3851,early_stage_healthy,wet,humid_rain,27.92,78.91,126,87,148,185,0.3099,0.0,0.352,approaching,False,0,False
BH-LAT-028-015,HIVE-028,ESP32-1028,2026-01-24T02:00:00,85,10,0.7125,late_stage_nearly_ready,inter_monsoon,cloudy_stable,32.03,71.33,146,125,228,283,0.7772,0.0147,0.7542,nearly_ready,False,0,False
BH-MID-012-009,HIVE-012,ESP32-1012,2026-01-24T18:00:00,79,17,0.504,mid_stage_stable,dry,midday_heat,34.2,67.41,119,126,182,221,0.5369,0.1415,0.4727,approaching,False,1,False
BH-LAT-028-012,HIVE-028,ESP32-1028,2026-01-23T08:00:00,84,14,0.7037,late_stage_nearly_ready,inter_monsoon,post_rain,32.26,77.64,160,148,207,253,0.7199,0.0132,0.6983,nearly_ready,False,0,False
BH-LAT-025-085,HIVE-025,ESP32-1025,2026-05-13T14:00:00,119,44,0.7858,late_stage_nearly_ready,dry,midday_heat,34.84,66.72,144,169,231,267,0.8277,0.1998,0.6973,nearly_ready,False,1,False
BH-LAT-037-005,HIVE-037,ESP32-1037,2026-04-02T14:00:00,135,11,0.8401,late_stage_ready,inter_monsoon,stable_clear,30.99,62.06,167,191,250,292,0.9323,0.0,0.8995,ready,False,1,False
BH-HIG-051-043,HIVE-051,ESP32-1051,2026-03-02T02:00:00,143,27,0.9978,high_humidity_fermentation_risk,inter_monsoon,post_rain,31.5,85.78,129,166,224,282,0.9396,0.3576,0.7071,nearly_ready,False,1,False
BH-EAR-007-036,HIVE-007,ESP32-1007,2026-03-19T12:00:00,48,15,0.4225,early_stage_healthy,inter_monsoon,stable_clear,29.91,71.94,75,87,155,211,0.319,0.0,0.3596,approaching,False,0,False
BH-ENV-062-006,HIVE-062,ESP32-1062,2026-03-19T16:00:00,82,17,0.7748,environmentally_unstable,inter_monsoon,storm_front,34.49,65.69,145,202,263,300,0.6724,0.589,0.2866,not_ready,False,3,True
BH-EAR-009-044,HIVE-009,ESP32-1009,2026-02-20T20:00:00,48,32,0.3933,early_stage_healthy,wet,storm_front,27.48,75.79,76,113,190,206,0.2565,0.0,0.3045,not_ready,False,0,False
BH-LAT-035-075,HIVE-035,ESP32-1035,2026-02-03T18:00:00,109,27,0.9928,late_stage_ready,inter_monsoon,stable_clear,31.48,61.71,170,145,228,265,0.9923,0.0,0.952,ready,False,0,False
BH-EAR-008-052,HIVE-008,ESP32-1008,2026-02-23T16:00:00,47,18,0.1927,early_stage_healthy,wet,storm_front,27.41,84.34,82,109,165,208,0.1833,0.0691,0.2003,not_ready,False,1,False
BH-EAR-007-009,HIVE-007,ESP32-1007,2026-03-12T18:00:00,43,10,0.2919,early_stage_healthy,inter_monsoon,post_rain,28.61,76.7,65,79,165,207,0.1792,0.0,0.236,not_ready,False,0,False
BH-EAR-008-003,HIVE-008,ESP32-1008,2026-02-11T10:00:00,39,9,0.0962,early_stage_healthy,wet,storm_front,27.79,83.61,82,109,174,197,0.1152,0.0599,0.1461,not_ready,False,1,False
BH-EAR-002-047,HIVE-002,ESP32-1002,2026-01-19T14:00:00,69,33,0.2377,early_stage_healthy,inter_monsoon,humid_rain,30.45,73.5,96,85,158,166,0.1987,0.0,0.2542,not_ready,False,0,False
BH-MID-019-025,HIVE-019,ESP32-1019,2026-03-24T02:00:00,66,17,0.3413,mid_stage_stable,dry,midday_heat,33.23,63.18,94,127,191,263,0.3943,0.0208,0.413,approaching,False,0,False
BH-ENV-059-053,HIVE-059,ESP32-1059,2026-01-16T18:00:00,134,24,0.5547,environmentally_unstable,inter_monsoon,stable_clear,35.19,76.47,190,194,180,345,0.6455,0.7074,0.191,not_ready,False,4,True
BH-EAR-005-004,HIVE-005,ESP32-1005,2026-04-25T00:00:00,53,18,0.1905,early_stage_healthy,inter_monsoon,stable_clear,28.6,69.95,58,70,106,186,0.1962,0.0,0.2519,not_ready,False,0,False
BH-LAT-029-090,HIVE-029,ESP32-1029,2026-03-12T12:00:00,119,33,0.7069,late_stage_nearly_ready,dry,midday_heat,33.48,55.71,148,153,224,262,0.7594,0.0867,0.6999,nearly_ready,False,0,False
BH-HIG-056-064,HIVE-056,ESP32-1056,2026-05-08T12:00:00,124,26,0.9833,high_gas_stress,inter_monsoon,stable_clear,33.03,72.72,222,237,286,370,0.9098,0.6148,0.481,approaching,False,4,True
BH-MID-014-074,HIVE-014,ESP32-1014,2026-04-16T20:00:00,88,24,0.7079,mid_stage_stable,inter_monsoon,stable_clear,29.76,63.48,120,108,148,241,0.6053,0.0,0.6119,nearly_ready,False,0,False
BH-LAT-033-073,HIVE-033,ESP32-1033,2026-02-04T22:00:00,137,30,0.9955,late_stage_ready,inter_monsoon,stable_clear,31.9,61.91,157,150,241,265,1.0,0.0,0.9586,ready,False,0,False
BH-LAT-023-020,HIVE-023,ESP32-1023,2026-02-01T00:00:00,111,15,0.8232,late_stage_nearly_ready,inter_monsoon,stable_clear,31.54,63.08,153,130,216,235,0.8707,0.0,0.8455,ready,False,0,False
BH-MID-014-069,HIVE-014,ESP32-1014,2026-04-15T14:00:00,88,34,0.686,mid_stage_stable,inter_monsoon,humid_rain,28.63,70.65,146,130,181,260,0.6049,0.0,0.6104,nearly_ready,False,0,False
BH-ENV-059-051,HIVE-059,ESP32-1059,2026-01-16T06:00:00,134,23,0.5457,environmentally_unstable,inter_monsoon,stable_clear,34.59,83.81,209,201,196,362,0.6606,0.7341,0.1915,not_ready,False,5,True
BH-EAR-001-017,HIVE-001,ESP32-1001,2026-02-01T10:00:00,42,14,0.2538,early_stage_healthy,wet,storm_front,28.07,79.06,89,121,158,221,0.171,0.0,0.2283,not_ready,False,0,False
BH-EAR-007-041,HIVE-007,ESP32-1007,2026-03-20T18:00:00,49,25,0.4474,early_stage_healthy,inter_monsoon,cloudy_stable,29.23,74.65,63,76,157,212,0.3256,0.0,0.3644,approaching,False,0,False
BH-LAT-029-075,HIVE-029,ESP32-1029,2026-03-08T18:00:00,117,30,0.6911,late_stage_nearly_ready,dry,cloudy_stable,33.32,61.3,155,142,222,254,0.8002,0.0761,0.7415,nearly_ready,False,0,False
BH-LAT-026-030,HIVE-026,ESP32-1026,2026-03-17T00:00:00,117,21,0.8379,late_stage_nearly_ready,dry,midday_heat,32.32,61.65,152,144,243,272,0.8502,0.0,0.8277,ready,False,0,False
BH-EAR-007-011,HIVE-007,ESP32-1007,2026-03-13T06:00:00,43,12,0.319,early_stage_healthy,inter_monsoon,post_rain,27.75,76.43,72,73,151,209,0.212,0.0,0.2651,not_ready,False,0,False
BH-LAT-030-013,HIVE-030,ESP32-1030,2026-04-18T18:00:00,128,10,0.959,late_stage_ready,inter_monsoon,humid_rain,29.87,66.78,165,160,261,296,1.0,0.0,0.959,ready,False,1,False
BH-LAT-022-066,HIVE-022,ESP32-1022,2026-03-17T04:00:00,143,40,0.8037,late_stage_nearly_ready,dry,stable_clear,31.97,54.18,148,153,230,256,0.8366,0.0473,0.7873,nearly_ready,False,0,False
BH-HIG-051-083,HIVE-051,ESP32-1051,2026-03-12T02:00:00,157,46,0.9963,high_humidity_fermentation_risk,inter_monsoon,post_rain,32.51,81.19,129,159,208,269,0.9439,0.2815,0.7529,nearly_ready,False,1,False
BH-ENV-060-031,HIVE-060,ESP32-1060,2026-04-19T06:00:00,127,25,0.6043,environmentally_unstable,inter_monsoon,cloudy_stable,34.31,78.32,202,88,259,277,0.658,0.43,0.4197,approaching,False,2,False
BH-LAT-036-059,HIVE-036,ESP32-1036,2026-04-11T10:00:00,128,25,0.9618,late_stage_ready,dry,midday_heat,33.37,48.01,184,142,250,282,0.9981,0.2208,0.8363,ready,False,1,False
BH-HIG-056-077,HIVE-056,ESP32-1056,2026-05-11T18:00:00,126,26,1.0,high_gas_stress,inter_monsoon,stable_clear,31.42,67.82,219,243,280,377,0.8928,0.5839,0.4797,approaching,False,4,True
BH-MID-018-000,HIVE-018,ESP32-1018,2026-03-15T08:00:00,70,8,0.2982,mid_stage_stable,inter_monsoon,stable_clear,31.57,64.5,92,96,168,205,0.3877,0.0,0.419,approaching,False,0,False
BH-EAR-004-022,HIVE-004,ESP32-1004,2026-01-27T04:00:00,39,16,0.1651,early_stage_healthy,wet,humid_rain,28.51,81.52,102,95,138,223,0.1078,0.0,0.1719,not_ready,False,1,False
BH-LAT-036-023,HIVE-036,ESP32-1036,2026-04-02T10:00:00,117,14,0.8638,late_stage_ready,dry,stable_clear,32.69,50.47,169,141,254,269,0.9393,0.0559,0.8748,ready,False,0,False
BH-ENV-061-006,HIVE-061,ESP32-1061,2026-01-08T12:00:00,117,12,0.6854,environmentally_unstable,dry,midday_heat,34.33,76.47,189,201,232,287,0.6512,0.6004,0.2567,not_ready,False,3,True
BH-LAT-024-026,HIVE-024,ESP32-1024,2026-04-20T16:00:00,88,24,0.6861,late_stage_nearly_ready,dry,stable_clear,33.54,57.35,144,125,200,241,0.7319,0.0873,0.6755,nearly_ready,False,1,False
BH-EAR-009-041,HIVE-009,ESP32-1009,2026-02-20T02:00:00,46,32,0.3673,early_stage_healthy,wet,storm_front,28.24,76.9,81,117,184,198,0.2635,0.0,0.3109,not_ready,False,0,False
BH-LAT-037-068,HIVE-037,ESP32-1037,2026-04-18T08:00:00,162,39,0.9689,late_stage_ready,inter_monsoon,humid_rain,29.91,67.35,168,194,263,300,1.0,0.0248,0.9442,ready,False,2,False
BH-LAT-042-075,HIVE-042,ESP32-1042,2026-03-17T22:00:00,164,44,1.0,late_stage_overheated,dry,stable_clear,38.48,70.63,148,178,254,295,0.9747,0.6828,0.5004,approaching,False,1,True
BH-HIG-048-069,HIVE-048,ESP32-1048,2026-05-14T10:00:00,155,45,0.9444,high_humidity_fermentation_risk,inter_monsoon,cloudy_stable,31.12,88.36,142,143,270,307,0.9043,0.5851,0.4932,approaching,False,2,True
BH-EAR-005-022,HIVE-005,ESP32-1005,2026-04-29T12:00:00,59,24,0.2126,early_stage_healthy,inter_monsoon,humid_rain,28.0,77.63,61,79,123,214,0.1669,0.0,0.2257,not_ready,False,0,False
BH-LAT-029-016,HIVE-029,ESP32-1029,2026-02-22T00:00:00,97,15,0.5955,late_stage_nearly_ready,dry,stable_clear,32.64,58.61,140,140,214,251,0.7243,0.0201,0.7051,nearly_ready,False,0,False
BH-ENV-062-075,HIVE-062,ESP32-1062,2026-04-05T22:00:00,100,29,0.8824,environmentally_unstable,inter_monsoon,storm_front,31.78,66.62,130,183,235,281,0.79,0.2388,0.6405,nearly_ready,False,1,False
BH-LAT-032-056,HIVE-032,ESP32-1032,2026-03-29T16:00:00,122,26,0.9531,late_stage_ready,inter_monsoon,stable_clear,30.25,64.58,166,136,246,273,0.9565,0.0,0.9198,ready,False,0,False
BH-EAR-006-076,HIVE-006,ESP32-1006,2026-02-28T00:00:00,37,23,0.4172,early_stage_healthy,wet,post_rain,29.24,75.95,96,108,132,210,0.2607,0.0,0.3075,not_ready,False,0,False
BH-LAT-027-088,HIVE-027,ESP32-1027,2026-04-29T16:00:00,151,43,0.9443,late_stage_nearly_ready,inter_monsoon,stable_clear,31.65,67.0,152,132,200,285,0.9336,0.0,0.9009,ready,False,0,False
BH-LAT-036-040,HIVE-036,ESP32-1036,2026-04-06T16:00:00,122,19,0.9102,late_stage_ready,dry,cloudy_stable,32.91,51.01,179,139,242,279,0.9726,0.0948,0.8833,ready,False,0,False
BH-MID-019-060,HIVE-019,ESP32-1019,2026-04-01T20:00:00,81,38,0.4796,mid_stage_stable,dry,midday_heat,32.93,63.49,99,126,189,265,0.48,0.0022,0.4986,approaching,False,0,False
BH-LAT-020-038,HIVE-020,ESP32-1020,2026-02-01T08:00:00,108,27,0.7409,late_stage_nearly_ready,dry,cloudy_stable,32.71,66.32,136,143,230,263,0.765,0.0545,0.7196,nearly_ready,False,0,False
BH-LAT-022-025,HIVE-022,ESP32-1022,2026-03-06T22:00:00,124,14,0.6773,late_stage_nearly_ready,dry,midday_heat,32.6,52.64,149,150,228,257,0.7663,0.0571,0.7221,nearly_ready,False,0,False
BH-LAT-027-036,HIVE-027,ESP32-1027,2026-04-16T16:00:00,128,30,0.8079,late_stage_nearly_ready,inter_monsoon,stable_clear,30.81,68.9,144,139,208,285,0.8205,0.0,0.8005,ready,False,0,False
BH-ENV-059-020,HIVE-059,ESP32-1059,2026-01-08T12:00:00,124,11,0.4713,environmentally_unstable,inter_monsoon,post_rain,31.55,82.1,189,190,194,341,0.6077,0.4848,0.2872,not_ready,False,4,True
BH-LAT-030-007,HIVE-030,ESP32-1030,2026-04-17T06:00:00,127,17,0.965,late_stage_ready,inter_monsoon,stable_clear,30.64,59.96,141,148,259,277,0.9683,0.0,0.9314,ready,False,0,False
BH-LAT-028-050,HIVE-028,ESP32-1028,2026-02-01T20:00:00,96,25,0.8079,late_stage_nearly_ready,inter_monsoon,stable_clear,31.54,69.14,132,121,197,276,0.8425,0.0007,0.8203,ready,False,0,False
BH-MID-011-058,HIVE-011,ESP32-1011,2026-04-21T00:00:00,111,37,0.7141,mid_stage_stable,dry,stable_clear,33.11,63.62,119,78,173,268,0.6399,0.0,0.6421,nearly_ready,False,0,False
BH-EAR-005-003,HIVE-005,ESP32-1005,2026-04-24T18:00:00,53,9,0.1828,early_stage_healthy,inter_monsoon,stable_clear,28.61,71.46,57,71,105,182,0.1797,0.0,0.2375,not_ready,False,0,False
BH-ENV-063-088,HIVE-063,ESP32-1063,2026-04-15T16:00:00,146,35,0.8292,environmentally_unstable,inter_monsoon,midday_heat,37.87,58.11,181,146,312,321,0.8051,0.7627,0.3073,not_ready,False,4,True
BH-LAT-021-027,HIVE-021,ESP32-1021,2026-01-14T06:00:00,93,16,0.6667,late_stage_nearly_ready,inter_monsoon,cloudy_stable,30.09,69.99,138,120,218,268,0.7198,0.0,0.7129,nearly_ready,False,0,False
BH-MID-016-048,HIVE-016,ESP32-1016,2026-02-12T00:00:00,67,31,0.6302,mid_stage_stable,dry,stable_clear,33.81,65.89,129,108,185,206,0.5334,0.0979,0.4945,approaching,False,1,False
BH-LAT-040-031,HIVE-040,ESP32-1040,2026-03-08T18:00:00,134,27,0.8211,late_stage_overheated,dry,cloudy_stable,37.38,61.28,186,141,243,318,0.8475,0.6834,0.3867,approaching,False,2,True
BH-EAR-004-073,HIVE-004,ESP32-1004,2026-02-08T22:00:00,64,40,0.3687,early_stage_healthy,wet,cloudy_stable,28.05,77.83,99,87,122,216,0.2597,0.0,0.3065,not_ready,False,0,False
BH-LAT-020-032,HIVE-020,ESP32-1020,2026-01-30T20:00:00,106,25,0.7179,late_stage_nearly_ready,dry,stable_clear,33.01,64.77,116,138,203,231,0.8117,0.0588,0.7609,nearly_ready,False,0,False
BH-LAT-025-010,HIVE-025,ESP32-1025,2026-04-24T20:00:00,91,19,0.6302,late_stage_nearly_ready,dry,cloudy_stable,33.92,67.42,135,161,238,250,0.7194,0.1709,0.6165,nearly_ready,False,1,False
BH-LAT-021-031,HIVE-021,ESP32-1021,2026-01-15T06:00:00,94,24,0.6561,late_stage_nearly_ready,inter_monsoon,post_rain,29.44,73.45,143,124,231,282,0.7146,0.0123,0.7011,nearly_ready,False,0,False
BH-LAT-040-028,HIVE-040,ESP32-1040,2026-03-08T00:00:00,132,17,0.813,late_stage_overheated,dry,cloudy_stable,36.27,63.3,187,149,239,303,0.9101,0.6644,0.4543,approaching,False,2,True
BH-EAR-004-007,HIVE-004,ESP32-1004,2026-01-23T10:00:00,34,15,0.1157,early_stage_healthy,wet,humid_rain,27.28,81.82,101,92,114,224,0.1252,0.0255,0.1751,not_ready,False,1,False
BH-LAT-022-068,HIVE-022,ESP32-1022,2026-03-17T16:00:00,144,35,0.8046,late_stage_nearly_ready,dry,stable_clear,31.67,55.23,145,150,229,258,0.8509,0.0096,0.8226,ready,False,0,False
BH-EAR-009-007,HIVE-009,ESP32-1009,2026-02-11T14:00:00,29,15,0.2707,early_stage_healthy,wet,humid_rain,28.45,77.11,79,107,180,206,0.1884,0.0,0.2436,not_ready,False,0,False
BH-ENV-064-001,HIVE-064,ESP32-1064,2026-01-28T14:00:00,110,17,0.5416,environmentally_unstable,inter_monsoon,stable_clear,33.68,74.55,184,205,291,309,0.5817,0.5993,0.1995,not_ready,False,4,True
BH-LAT-037-081,HIVE-037,ESP32-1037,2026-04-21T14:00:00,165,41,1.0,late_stage_ready,inter_monsoon,stable_clear,30.97,63.09,154,187,250,282,1.0,0.0,0.9589,ready,False,1,False
BH-LAT-020-003,HIVE-020,ESP32-1020,2026-01-23T14:00:00,99,18,0.6831,late_stage_nearly_ready,dry,midday_heat,33.83,63.15,129,147,203,254,0.7219,0.1423,0.6349,nearly_ready,False,1,False
BH-MID-013-054,HIVE-013,ESP32-1013,2026-04-04T04:00:00,103,33,0.4745,mid_stage_stable,inter_monsoon,stable_clear,30.82,59.56,84,103,149,228,0.5054,0.0,0.5235,approaching,False,0,False
BH-LAT-021-019,HIVE-021,ESP32-1021,2026-01-12T06:00:00,90,17,0.6452,late_stage_nearly_ready,inter_monsoon,post_rain,29.43,73.37,139,116,233,280,0.7437,0.0165,0.7241,nearly_ready,False,0,False
BH-LAT-024-001,HIVE-024,ESP32-1024,2026-04-14T10:00:00,82,8,0.6263,late_stage_nearly_ready,dry,midday_heat,33.92,56.75,140,124,206,253,0.7009,0.1095,0.6343,nearly_ready,False,1,False
BH-LAT-038-053,HIVE-038,ESP32-1038,2026-04-29T14:00:00,154,31,0.9439,late_stage_overheated,dry,midday_heat,37.07,57.71,158,161,253,337,0.9447,0.6749,0.4788,approaching,False,2,True
BH-EAR-008-033,HIVE-008,ESP32-1008,2026-02-18T22:00:00,43,17,0.1467,early_stage_healthy,wet,storm_front,27.06,85.21,94,111,163,205,0.1147,0.047,0.1535,not_ready,False,1,False
BH-LAT-033-004,HIVE-033,ESP32-1033,2026-01-18T16:00:00,116,11,0.9309,late_stage_ready,inter_monsoon,post_rain,30.62,71.36,162,155,244,275,0.9771,0.0,0.9385,ready,False,0,False
BH-LAT-033-038,HIVE-033,ESP32-1033,2026-01-27T04:00:00,126,25,0.9578,late_stage_ready,inter_monsoon,stable_clear,31.95,65.32,160,151,250,256,1.0,0.0,0.959,ready,False,0,False
BH-LAT-033-017,HIVE-033,ESP32-1033,2026-01-21T22:00:00,118,20,0.9209,late_stage_ready,inter_monsoon,cloudy_stable,31.23,68.41,157,151,245,263,0.9448,0.0,0.9104,ready,False,0,False
BH-LAT-022-023,HIVE-022,ESP32-1022,2026-03-06T10:00:00,123,22,0.658,late_stage_nearly_ready,dry,midday_heat,32.38,52.69,147,150,232,246,0.7792,0.0401,0.742,nearly_ready,False,0,False
BH-EAR-008-072,HIVE-008,ESP32-1008,2026-02-28T16:00:00,50,28,0.2165,early_stage_healthy,wet,storm_front,26.97,86.64,92,112,175,214,0.1849,0.0922,0.1906,not_ready,False,1,False
BH-LAT-032-063,HIVE-032,ESP32-1032,2026-03-31T10:00:00,124,30,0.9917,late_stage_ready,inter_monsoon,stable_clear,30.15,61.96,161,149,236,268,1.0,0.0,0.9587,ready,False,0,False
BH-MID-019-039,HIVE-019,ESP32-1019,2026-03-27T14:00:00,72,21,0.3804,mid_stage_stable,dry,stable_clear,31.09,64.74,78,121,178,248,0.4597,0.0,0.4837,approaching,False,0,False
BH-EAR-006-023,HIVE-006,ESP32-1006,2026-02-14T18:00:00,23,9,0.2103,early_stage_healthy,wet,post_rain,28.39,78.36,91,93,126,207,0.1348,0.0,0.1973,not_ready,False,0,False
BH-EAR-002-016,HIVE-002,ESP32-1002,2026-01-11T20:00:00,56,14,0.1151,early_stage_healthy,inter_monsoon,stable_clear,31.6,67.74,82,79,157,180,0.1104,0.0,0.1766,not_ready,False,0,False
BH-HIG-051-006,HIVE-051,ESP32-1051,2026-02-20T20:00:00,127,18,0.9787,high_humidity_fermentation_risk,inter_monsoon,post_rain,31.64,85.63,126,154,222,282,0.9326,0.369,0.6961,nearly_ready,False,1,False
BH-EAR-003-006,HIVE-003,ESP32-1003,2026-03-13T12:00:00,41,13,0.1497,early_stage_healthy,wet,post_rain,27.26,76.41,105,79,135,184,0.127,0.0,0.1909,not_ready,False,0,False
BH-LAT-021-015,HIVE-021,ESP32-1021,2026-01-11T06:00:00,89,13,0.6202,late_stage_nearly_ready,inter_monsoon,post_rain,29.48,70.58,130,115,221,284,0.729,0.023,0.7052,nearly_ready,False,0,False
BH-LAT-025-021,HIVE-025,ESP32-1025,2026-04-27T14:00:00,94,17,0.6299,late_stage_nearly_ready,dry,stable_clear,33.84,64.12,134,149,233,256,0.7291,0.1104,0.6601,nearly_ready,False,1,False
BH-EAR-005-031,HIVE-005,ESP32-1005,2026-05-01T18:00:00,63,24,0.2333,early_stage_healthy,inter_monsoon,stable_clear,29.35,74.98,58,78,121,198,0.1783,0.0,0.2351,not_ready,False,0,False
BH-HIG-053-048,HIVE-053,ESP32-1053,2026-05-10T20:00:00,96,15,0.791,high_gas_stress,inter_monsoon,post_rain,31.95,76.01,183,209,274,316,0.7741,0.5142,0.4155,approaching,False,3,True
BH-ENV-063-015,HIVE-063,ESP32-1063,2026-03-28T10:00:00,123,12,0.6636,environmentally_unstable,inter_monsoon,post_rain,36.16,72.83,150,129,302,277,0.7233,0.6699,0.287,not_ready,False,2,True
BH-MID-018-036,HIVE-018,ESP32-1018,2026-03-24T08:00:00,80,28,0.3767,mid_stage_stable,inter_monsoon,post_rain,31.16,72.23,108,111,179,226,0.4527,0.0,0.4774,approaching,False,0,False
BH-EAR-001-019,HIVE-001,ESP32-1001,2026-02-01T22:00:00,43,16,0.2371,early_stage_healthy,wet,humid_rain,28.36,77.42,87,109,158,223,0.2049,0.0,0.2599,not_ready,False,0,False
BH-EAR-002-037,HIVE-002,ESP32-1002,2026-01-17T02:00:00,64,23,0.1816,early_stage_healthy,inter_monsoon,post_rain,31.3,74.28,98,89,168,185,0.1896,0.0,0.2457,not_ready,False,0,False
BH-ENV-066-045,HIVE-066,ESP32-1066,2026-02-26T06:00:00,120,25,0.8267,environmentally_unstable,wet,humid_rain,27.74,71.51,205,183,316,315,0.755,0.4448,0.4384,approaching,False,3,True
BH-ENV-063-032,HIVE-063,ESP32-1063,2026-04-01T16:00:00,128,22,0.6828,environmentally_unstable,inter_monsoon,post_rain,33.27,67.16,131,105,288,265,0.7045,0.2958,0.5356,approaching,False,1,False
BH-MID-016-036,HIVE-016,ESP32-1016,2026-02-09T00:00:00,61,23,0.5683,mid_stage_stable,dry,stable_clear,33.23,66.8,138,105,203,219,0.4917,0.0254,0.495,approaching,False,0,False
BH-EAR-005-009,HIVE-005,ESP32-1005,2026-04-26T06:00:00,54,11,0.176,early_stage_healthy,inter_monsoon,cloudy_stable,28.54,71.57,44,73,103,193,0.1903,0.0,0.2463,not_ready,False,0,False
BH-EAR-003-017,HIVE-003,ESP32-1003,2026-03-16T06:00:00,44,12,0.154,early_stage_healthy,wet,cloudy_stable,28.03,73.55,102,70,133,161,0.1755,0.0,0.2336,not_ready,False,0,False
BH-LAT-021-078,HIVE-021,ESP32-1021,2026-01-27T00:00:00,113,42,0.8242,late_stage_nearly_ready,inter_monsoon,post_rain,29.02,70.72,150,142,246,297,0.8346,0.0,0.8125,ready,False,0,False
BH-EAR-006-008,HIVE-006,ESP32-1006,2026-02-11T00:00:00,20,6,0.1671,early_stage_healthy,wet,humid_rain,28.53,79.11,88,88,130,211,0.1191,0.0,0.1838,not_ready,False,0,False
BH-LAT-024-072,HIVE-024,ESP32-1024,2026-05-02T04:00:00,108,37,0.7677,late_stage_nearly_ready,dry,cloudy_stable,33.37,59.79,145,130,224,232,0.8069,0.0911,0.7389,nearly_ready,False,0,False
BH-HIG-053-051,HIVE-053,ESP32-1053,2026-05-11T14:00:00,97,16,0.8289,high_gas_stress,inter_monsoon,cloudy_stable,32.58,76.05,215,235,295,327,0.7776,0.6155,0.3641,approaching,False,4,True
BH-LAT-025-033,HIVE-025,ESP32-1025,2026-04-30T14:00:00,99,26,0.6751,late_stage_nearly_ready,dry,midday_heat,34.87,61.96,146,164,243,267,0.7835,0.2299,0.6419,nearly_ready,False,1,False
BH-EAR-001-027,HIVE-001,ESP32-1001,2026-02-03T22:00:00,47,22,0.2785,early_stage_healthy,wet,humid_rain,29.26,75.0,101,120,165,233,0.2207,0.0,0.2734,not_ready,False,0,False
BH-LAT-027-024,HIVE-027,ESP32-1027,2026-04-13T16:00:00,122,14,0.8081,late_stage_nearly_ready,inter_monsoon,post_rain,30.33,72.85,144,148,197,282,0.8601,0.0,0.8359,ready,False,0,False
BH-LAT-028-059,HIVE-028,ESP32-1028,2026-02-04T02:00:00,99,25,0.8244,late_stage_nearly_ready,inter_monsoon,cloudy_stable,30.36,70.29,148,119,209,268,0.8241,0.0,0.8032,ready,False,0,False
BH-EAR-002-077,HIVE-002,ESP32-1002,2026-01-27T02:00:00,78,40,0.2899,early_stage_healthy,inter_monsoon,cloudy_stable,31.15,69.72,92,82,153,177,0.2754,0.0,0.3209,not_ready,False,0,False
BH-EAR-002-020,HIVE-002,ESP32-1002,2026-01-12T20:00:00,57,20,0.1326,early_stage_healthy,inter_monsoon,stable_clear,30.93,66.41,91,83,159,182,0.1732,0.0,0.2314,not_ready,False,0,False
BH-MID-019-033,HIVE-019,ESP32-1019,2026-03-26T02:00:00,70,21,0.3549,mid_stage_stable,dry,midday_heat,31.83,64.36,95,120,179,259,0.4504,0.0,0.4757,approaching,False,0,False
BH-MID-014-070,HIVE-014,ESP32-1014,2026-04-15T20:00:00,88,34,0.6721,mid_stage_stable,inter_monsoon,cloudy_stable,28.95,68.67,137,121,173,262,0.6068,0.0,0.6119,nearly_ready,False,0,False
BH-LAT-044-007,HIVE-044,ESP32-1044,2026-04-29T18:00:00,140,11,0.7732,late_stage_overheated,dry,cloudy_stable,38.03,58.76,189,177,232,302,0.8901,0.7206,0.4031,approaching,False,2,True
BH-LAT-020-019,HIVE-020,ESP32-1020,2026-01-27T14:00:00,102,18,0.709,late_stage_nearly_ready,dry,stable_clear,33.27,65.96,120,143,208,234,0.7486,0.0709,0.6992,nearly_ready,False,0,False
BH-LAT-032-029,HIVE-032,ESP32-1032,2026-03-22T22:00:00,113,20,0.8791,late_stage_ready,inter_monsoon,humid_rain,29.56,65.95,175,158,250,291,0.9094,0.0,0.8797,ready,False,0,False
BH-EAR-005-039,HIVE-005,ESP32-1005,2026-05-03T18:00:00,68,28,0.2796,early_stage_healthy,inter_monsoon,stable_clear,28.58,70.02,49,72,107,201,0.2785,0.0,0.3248,not_ready,False,0,False
BH-HIG-053-069,HIVE-053,ESP32-1053,2026-05-16T02:00:00,99,27,0.8837,high_gas_stress,inter_monsoon,post_rain,32.42,77.44,193,206,297,310,0.8389,0.4985,0.4809,approaching,False,3,True
BH-LAT-026-083,HIVE-026,ESP32-1026,2026-03-30T06:00:00,141,49,0.9786,late_stage_nearly_ready,dry,cloudy_stable,31.67,65.62,150,140,232,258,0.9505,0.007,0.9099,ready,False,0,False
BH-HIG-048-059,HIVE-048,ESP32-1048,2026-05-11T22:00:00,151,45,0.9026,high_humidity_fermentation_risk,inter_monsoon,post_rain,30.84,93.12,150,150,273,333,0.9181,0.6953,0.441,approaching,False,3,True
BH-EAR-007-055,HIVE-007,ESP32-1007,2026-03-24T06:00:00,53,19,0.5023,early_stage_healthy,inter_monsoon,stable_clear,31.02,69.71,81,73,158,215,0.3282,0.0,0.3668,approaching,False,0,False
BH-LAT-037-012,HIVE-037,ESP32-1037,2026-04-04T08:00:00,137,18,0.8245,late_stage_ready,inter_monsoon,stable_clear,30.63,60.14,159,182,242,268,0.9585,0.0,0.9228,ready,False,1,False
BH-LAT-031-044,HIVE-031,ESP32-1031,2026-02-18T00:00:00,145,24,0.985,late_stage_ready,dry,midday_heat,33.48,57.75,174,191,253,274,1.0,0.0442,0.9343,ready,False,1,False
BH-HIG-046-010,HIVE-046,ESP32-1046,2026-02-16T08:00:00,129,13,0.9064,high_humidity_fermentation_risk,wet,post_rain,27.75,93.98,166,151,241,278,0.872,0.5985,0.4571,approaching,False,1,True
BH-LAT-028-053,HIVE-028,ESP32-1028,2026-02-02T14:00:00,97,26,0.8002,late_stage_nearly_ready,inter_monsoon,stable_clear,31.1,67.81,130,119,206,280,0.8408,0.0,0.8193,ready,False,0,False
BH-LAT-037-064,HIVE-037,ESP32-1037,2026-04-17T08:00:00,161,37,0.9925,late_stage_ready,inter_monsoon,stable_clear,30.69,63.72,161,185,242,286,1.0,0.0,0.9563,ready,False,1,False
BH-HIG-046-080,HIVE-046,ESP32-1046,2026-03-05T20:00:00,145,31,0.9857,high_humidity_fermentation_risk,wet,post_rain,27.71,93.77,171,161,254,278,0.9257,0.6596,0.4672,approaching,False,1,True
BH-MID-010-071,HIVE-010,ESP32-1010,2026-02-20T06:00:00,114,39,0.7994,mid_stage_stable,inter_monsoon,cloudy_stable,29.69,77.8,137,103,239,331,0.6832,0.038,0.6525,nearly_ready,False,1,False
BH-LAT-021-034,HIVE-021,ESP32-1021,2026-01-16T00:00:00,95,25,0.6631,late_stage_nearly_ready,inter_monsoon,post_rain,29.4,72.5,137,118,237,288,0.7117,0.0196,0.6943,nearly_ready,False,0,False
BH-EAR-009-046,HIVE-009,ESP32-1009,2026-02-21T08:00:00,49,29,0.4037,early_stage_healthy,wet,storm_front,27.94,75.81,81,113,180,202,0.261,0.0,0.3087,not_ready,False,0,False
BH-MID-017-028,HIVE-017,ESP32-1017,2026-02-27T20:00:00,91,15,0.481,mid_stage_stable,inter_monsoon,humid_rain,31.0,73.05,134,96,190,239,0.4938,0.0,0.5141,approaching,False,0,False
BH-LAT-032-015,HIVE-032,ESP32-1032,2026-03-19T10:00:00,109,16,0.8567,late_stage_ready,inter_monsoon,cloudy_stable,30.19,63.61,171,137,237,286,0.9204,0.0,0.8884,ready,False,0,False
BH-MID-014-082,HIVE-014,ESP32-1014,2026-04-18T20:00:00,89,35,0.6914,mid_stage_stable,inter_monsoon,stable_clear,29.8,66.79,127,121,156,254,0.5989,0.0,0.6056,nearly_ready,False,0,False
BH-EAR-006-024,HIVE-006,ESP32-1006,2026-02-15T00:00:00,23,9,0.2094,early_stage_healthy,wet,post_rain,28.23,76.69,90,89,122,213,0.174,0.0,0.2318,not_ready,False,0,False
BH-MID-017-078,HIVE-017,ESP32-1017,2026-03-12T08:00:00,112,44,0.6639,mid_stage_stable,inter_monsoon,humid_rain,31.04,71.46,132,113,197,249,0.6374,0.0,0.6395,nearly_ready,False,0,False
BH-EAR-008-018,HIVE-008,ESP32-1008,2026-02-15T04:00:00,40,13,0.1461,early_stage_healthy,wet,humid_rain,27.82,84.78,93,108,162,210,0.1132,0.076,0.1372,not_ready,False,1,False
BH-LAT-036-003,HIVE-036,ESP32-1036,2026-03-28T10:00:00,113,18,0.8502,late_stage_ready,dry,cloudy_stable,31.55,54.35,170,134,228,255,0.9512,0.0,0.9161,ready,False,0,False
BH-EAR-003-059,HIVE-003,ESP32-1003,2026-03-26T18:00:00,70,47,0.3472,early_stage_healthy,wet,humid_rain,28.74,77.28,126,91,164,185,0.2932,0.0,0.3363,not_ready,False,0,False
BH-EAR-004-033,HIVE-004,ESP32-1004,2026-01-29T22:00:00,45,26,0.1913,early_stage_healthy,wet,humid_rain,27.58,82.37,90,91,125,215,0.1524,0.0,0.2135,not_ready,False,1,False
BH-LAT-037-019,HIVE-037,ESP32-1037,2026-04-06T02:00:00,139,14,0.8395,late_stage_ready,inter_monsoon,humid_rain,29.8,64.93,152,182,253,292,0.9121,0.0,0.8795,ready,False,1,False
BH-HIG-051-064,HIVE-051,ESP32-1051,2026-03-07T08:00:00,153,42,1.0,high_humidity_fermentation_risk,inter_monsoon,cloudy_stable,32.0,81.94,120,166,214,261,0.9771,0.3183,0.7634,nearly_ready,False,1,False
BH-MID-016-072,HIVE-016,ESP32-1016,2026-02-18T00:00:00,78,42,0.6716,mid_stage_stable,dry,cloudy_stable,31.93,67.7,135,110,189,211,0.6021,0.0,0.609,nearly_ready,False,0,False
BH-MID-011-082,HIVE-011,ESP32-1011,2026-04-27T00:00:00,118,51,0.794,mid_stage_stable,dry,stable_clear,33.33,64.15,117,91,192,254,0.6899,0.0,0.6865,nearly_ready,False,0,False
BH-ENV-064-056,HIVE-064,ESP32-1064,2026-02-11T08:00:00,132,34,0.6896,environmentally_unstable,inter_monsoon,humid_rain,32.21,85.38,179,196,293,293,0.6925,0.5578,0.3173,not_ready,False,3,True
BH-LAT-025-022,HIVE-025,ESP32-1025,2026-04-27T20:00:00,94,16,0.6501,late_stage_nearly_ready,dry,stable_clear,33.34,63.96,129,151,229,250,0.7355,0.0941,0.6741,nearly_ready,False,0,False
BH-LAT-028-013,HIVE-028,ESP32-1028,2026-01-23T14:00:00,84,15,0.7187,late_stage_nearly_ready,inter_monsoon,cloudy_stable,31.33,73.0,147,135,212,276,0.7364,0.0198,0.7123,nearly_ready,False,0,False
BH-HIG-051-020,HIVE-051,ESP32-1051,2026-02-24T08:00:00,131,13,0.9865,high_humidity_fermentation_risk,inter_monsoon,post_rain,32.13,83.75,118,165,226,275,0.9642,0.3204,0.7507,nearly_ready,False,1,False
BH-LAT-025-074,HIVE-025,ESP32-1025,2026-05-10T20:00:00,116,43,0.7533,late_stage_nearly_ready,dry,cloudy_stable,33.21,66.76,134,159,238,238,0.7885,0.0474,0.7466,nearly_ready,False,0,False
BH-LAT-024-075,HIVE-024,ESP32-1024,2026-05-02T22:00:00,109,45,0.7581,late_stage_nearly_ready,dry,midday_heat,34.61,54.88,147,131,230,252,0.7816,0.2057,0.6525,nearly_ready,False,1,False
BH-ENV-060-078,HIVE-060,ESP32-1060,2026-05-01T00:00:00,145,35,0.7621,environmentally_unstable,inter_monsoon,stable_clear,36.83,72.93,212,139,287,264,0.7913,0.737,0.3076,not_ready,False,3,True
BH-LAT-037-038,HIVE-037,ESP32-1037,2026-04-10T20:00:00,148,31,0.9134,late_stage_ready,inter_monsoon,humid_rain,30.23,66.53,179,199,267,297,0.9663,0.0334,0.91,ready,False,2,False
BH-EAR-005-046,HIVE-005,ESP32-1005,2026-05-05T12:00:00,72,37,0.2922,early_stage_healthy,inter_monsoon,stable_clear,29.37,71.17,49,78,113,204,0.2845,0.0,0.3286,not_ready,False,0,False
BH-ENV-066-019,HIVE-066,ESP32-1066,2026-02-19T18:00:00,113,15,0.7902,environmentally_unstable,wet,storm_front,28.61,76.63,206,188,306,290,0.7392,0.4269,0.4344,approaching,False,3,True
BH-LAT-020-018,HIVE-020,ESP32-1020,2026-01-27T08:00:00,101,10,0.7007,late_stage_nearly_ready,dry,stable_clear,33.19,65.55,121,143,213,225,0.7656,0.023,0.7404,nearly_ready,False,0,False
BH-ENV-059-025,HIVE-059,ESP32-1059,2026-01-09T18:00:00,125,12,0.4498,environmentally_unstable,inter_monsoon,stable_clear,33.19,77.63,197,193,197,362,0.5749,0.4869,0.2556,not_ready,False,3,True
BH-LAT-030-002,HIVE-030,ESP32-1030,2026-04-16T00:00:00,126,10,0.9446,late_stage_ready,inter_monsoon,stable_clear,30.41,59.83,145,143,244,273,1.0,0.0,0.9592,ready,False,0,False
BH-LAT-025-067,HIVE-025,ESP32-1025,2026-05-09T02:00:00,114,41,0.7543,late_stage_nearly_ready,dry,stable_clear,33.97,63.6,125,159,234,233,0.8096,0.1615,0.703,nearly_ready,False,1,False
BH-ENV-059-060,HIVE-059,ESP32-1059,2026-01-18T12:00:00,137,24,0.6006,environmentally_unstable,inter_monsoon,stable_clear,33.05,76.34,194,184,196,341,0.679,0.4988,0.3399,not_ready,False,3,True
BH-LAT-042-012,HIVE-042,ESP32-1042,2026-03-02T04:00:00,134,13,0.9278,late_stage_overheated,dry,stable_clear,38.35,70.43,131,184,255,298,0.9123,0.6697,0.4505,approaching,False,2,True
BH-ENV-060-043,HIVE-060,ESP32-1060,2026-04-22T06:00:00,132,28,0.6438,environmentally_unstable,inter_monsoon,post_rain,35.11,78.28,196,113,266,282,0.6762,0.6558,0.252,not_ready,False,3,True
BH-LAT-033-066,HIVE-033,ESP32-1033,2026-02-03T04:00:00,136,32,1.0,late_stage_ready,inter_monsoon,stable_clear,32.11,64.69,160,158,238,267,1.0,0.0,0.9589,ready,False,0,False
BH-MID-017-059,HIVE-017,ESP32-1017,2026-03-07T14:00:00,106,39,0.6215,mid_stage_stable,inter_monsoon,cloudy_stable,31.6,67.54,120,100,181,233,0.609,0.0,0.6153,nearly_ready,False,0,False
BH-EAR-004-048,HIVE-004,ESP32-1004,2026-02-02T16:00:00,54,33,0.2864,early_stage_healthy,wet,humid_rain,27.64,81.96,95,90,131,217,0.1975,0.0,0.2531,not_ready,False,1,False
BH-LAT-026-066,HIVE-026,ESP32-1026,2026-03-26T00:00:00,136,37,0.9501,late_stage_nearly_ready,dry,midday_heat,32.32,63.14,150,139,235,264,0.9138,0.0022,0.8819,ready,False,0,False
BH-MID-010-067,HIVE-010,ESP32-1010,2026-02-19T06:00:00,113,43,0.7815,mid_stage_stable,inter_monsoon,cloudy_stable,31.97,74.15,103,111,191,255,0.7276,0.0,0.7186,nearly_ready,False,0,False
BH-LAT-024-047,HIVE-024,ESP32-1024,2026-04-25T22:00:00,97,30,0.7308,late_stage_nearly_ready,dry,stable_clear,34.13,56.14,142,129,220,250,0.777,0.1596,0.6753,nearly_ready,False,1,False
BH-EAR-009-033,HIVE-009,ESP32-1009,2026-02-18T02:00:00,41,27,0.3279,early_stage_healthy,wet,humid_rain,29.23,75.75,80,118,186,196,0.2268,0.0,0.2778,not_ready,False,0,False
BH-LAT-021-090,HIVE-021,ESP32-1021,2026-01-30T00:00:00,114,45,0.8178,late_stage_nearly_ready,inter_monsoon,cloudy_stable,30.26,67.95,133,117,227,286,0.8055,0.0102,0.7821,nearly_ready,False,0,False
BH-LAT-031-063,HIVE-031,ESP32-1031,2026-02-22T18:00:00,151,30,1.0,late_stage_ready,dry,stable_clear,31.18,63.15,159,190,257,290,1.0,0.0,0.9593,ready,False,1,False
BH-MID-014-053,HIVE-014,ESP32-1014,2026-04-11T14:00:00,84,29,0.6719,mid_stage_stable,inter_monsoon,post_rain,29.38,72.2,135,123,176,265,0.6044,0.0,0.6096,nearly_ready,False,0,False
BH-LAT-035-023,HIVE-035,ESP32-1035,2026-01-21T18:00:00,99,20,0.8692,late_stage_ready,inter_monsoon,stable_clear,32.0,59.19,175,157,250,263,0.906,0.0,0.8763,ready,False,0,False
BH-ENV-061-028,HIVE-061,ESP32-1061,2026-01-14T00:00:00,121,16,0.7278,environmentally_unstable,dry,midday_heat,31.18,79.64,186,189,225,251,0.692,0.3106,0.5175,approaching,False,2,False
BH-LAT-020-082,HIVE-020,ESP32-1020,2026-02-12T08:00:00,122,33,0.8635,late_stage_nearly_ready,dry,midday_heat,33.68,68.17,141,166,222,266,0.8701,0.1019,0.7891,nearly_ready,False,1,False
BH-LAT-032-020,HIVE-032,ESP32-1032,2026-03-20T16:00:00,110,13,0.878,late_stage_ready,inter_monsoon,post_rain,30.04,64.88,162,140,246,283,0.9041,0.0,0.8736,ready,False,0,False
BH-LAT-032-072,HIVE-032,ESP32-1032,2026-04-02T16:00:00,126,35,0.9971,late_stage_ready,inter_monsoon,post_rain,30.27,64.62,172,140,245,282,1.0,0.0,0.9567,ready,False,0,False
BH-LAT-037-002,HIVE-037,ESP32-1037,2026-04-01T20:00:00,135,13,0.8468,late_stage_ready,inter_monsoon,stable_clear,30.32,60.65,146,178,242,277,0.9436,0.0,0.9093,ready,False,0,False
BH-LAT-027-070,HIVE-027,ESP32-1027,2026-04-25T04:00:00,146,44,0.9141,late_stage_nearly_ready,inter_monsoon,cloudy_stable,31.23,71.49,147,137,200,285,0.9211,0.0,0.8888,ready,False,0,False
BH-LAT-036-080,HIVE-036,ESP32-1036,2026-04-16T16:00:00,132,29,0.9822,late_stage_ready,dry,stable_clear,33.59,50.49,170,144,253,274,0.9971,0.1609,0.8678,ready,False,1,False
BH-EAR-008-051,HIVE-008,ESP32-1008,2026-02-23T10:00:00,47,23,0.2041,early_stage_healthy,wet,post_rain,28.47,83.45,75,101,163,199,0.1684,0.0075,0.2235,not_ready,False,1,False
BH-ENV-066-050,HIVE-066,ESP32-1066,2026-02-27T12:00:00,121,27,0.8425,environmentally_unstable,wet,humid_rain,28.17,74.25,206,173,307,293,0.755,0.4363,0.4423,approaching,False,2,True
BH-LAT-041-084,HIVE-041,ESP32-1041,2026-04-07T16:00:00,139,26,1.0,late_stage_overheated,dry,stable_clear,36.76,73.49,141,176,247,284,0.9985,0.622,0.5559,approaching,False,1,True
BH-MID-019-064,HIVE-019,ESP32-1019,2026-04-02T20:00:00,83,31,0.4937,mid_stage_stable,dry,midday_heat,31.48,63.59,103,136,188,268,0.4784,0.0,0.4987,approaching,False,0,False
BH-LAT-037-018,HIVE-037,ESP32-1037,2026-04-05T20:00:00,139,14,0.834,late_stage_ready,inter_monsoon,stable_clear,30.4,61.68,142,181,244,285,0.965,0.0,0.9289,ready,False,1,False
BH-MID-010-053,HIVE-010,ESP32-1010,2026-02-15T18:00:00,106,36,0.7229,mid_stage_stable,inter_monsoon,cloudy_stable,31.32,70.54,106,109,170,253,0.6825,0.0,0.6797,nearly_ready,False,0,False
BH-LAT-027-006,HIVE-027,ESP32-1027,2026-04-09T04:00:00,116,8,0.7555,late_stage_nearly_ready,inter_monsoon,humid_rain,30.7,72.1,150,149,195,295,0.7958,0.0,0.7773,nearly_ready,False,0,False
BH-LAT-024-083,HIVE-024,ESP32-1024,2026-05-04T22:00:00,110,36,0.7991,late_stage_nearly_ready,dry,stable_clear,34.11,55.47,138,132,213,241,0.8422,0.1743,0.7241,nearly_ready,False,1,False
BH-MID-014-068,HIVE-014,ESP32-1014,2026-04-15T08:00:00,88,29,0.6765,mid_stage_stable,inter_monsoon,humid_rain,28.21,68.76,149,134,185,258,0.6012,0.0,0.6078,nearly_ready,False,0,False
BH-ENV-064-003,HIVE-064,ESP32-1064,2026-01-29T02:00:00,110,9,0.5641,environmentally_unstable,inter_monsoon,stable_clear,33.85,73.69,202,227,301,301,0.625,0.6028,0.2369,not_ready,False,4,True
BH-LAT-021-022,HIVE-021,ESP32-1021,2026-01-13T00:00:00,91,13,0.6361,late_stage_nearly_ready,inter_monsoon,stable_clear,29.71,70.4,131,117,225,275,0.7231,0.0,0.7131,nearly_ready,False,0,False
BH-LAT-025-050,HIVE-025,ESP32-1025,2026-05-04T20:00:00,107,35,0.715,late_stage_nearly_ready,dry,midday_heat,34.75,64.1,142,158,240,259,0.7445,0.2226,0.6115,nearly_ready,False,1,False
BH-EAR-004-003,HIVE-004,ESP32-1004,2026-01-22T10:00:00,33,11,0.0813,early_stage_healthy,wet,humid_rain,28.06,79.84,101,83,118,218,0.1218,0.0,0.186,not_ready,False,0,False
BH-HIG-057-057,HIVE-057,ESP32-1057,2026-03-29T22:00:00,114,34,0.9467,high_gas_stress,wet,humid_rain,31.89,79.86,233,206,300,375,0.8588,0.5784,0.4566,approaching,False,4,True
BH-MID-011-012,HIVE-011,ESP32-1011,2026-04-09T12:00:00,86,18,0.5562,mid_stage_stable,dry,midday_heat,34.05,62.53,127,95,193,294,0.5491,0.1033,0.5044,approaching,False,1,False
BH-HIG-051-070,HIVE-051,ESP32-1051,2026-03-08T20:00:00,155,41,0.9948,high_humidity_fermentation_risk,inter_monsoon,cloudy_stable,32.15,80.84,120,155,218,273,0.9517,0.2635,0.7714,nearly_ready,False,1,False
BH-LAT-024-082,HIVE-024,ESP32-1024,2026-05-04T16:00:00,110,38,0.7627,late_stage_nearly_ready,dry,stable_clear,34.53,55.33,141,128,222,243,0.7843,0.1977,0.6592,nearly_ready,False,1,False
BH-LAT-027-011,HIVE-027,ESP32-1027,2026-04-10T10:00:00,117,19,0.7848,late_stage_nearly_ready,inter_monsoon,stable_clear,30.79,69.89,154,150,214,300,0.8549,0.0,0.8295,ready,False,0,False
BH-MID-011-053,HIVE-011,ESP32-1011,2026-04-19T18:00:00,108,33,0.7144,mid_stage_stable,dry,stable_clear,33.85,64.29,120,87,184,247,0.6621,0.0877,0.6135,nearly_ready,False,1,False
BH-HIG-045-049,HIVE-045,ESP32-1045,2026-01-25T10:00:00,119,29,0.9553,high_humidity_fermentation_risk,inter_monsoon,cloudy_stable,32.56,91.12,133,124,204,309,0.8751,0.5549,0.4837,approaching,False,1,True
BH-HIG-053-047,HIVE-053,ESP32-1053,2026-05-10T14:00:00,96,20,0.8201,high_gas_stress,inter_monsoon,stable_clear,32.53,72.39,180,210,273,316,0.814,0.5343,0.4407,approaching,False,3,True
BH-HIG-051-061,HIVE-051,ESP32-1051,2026-03-06T14:00:00,152,33,1.0,high_humidity_fermentation_risk,inter_monsoon,cloudy_stable,32.68,82.27,127,174,214,254,0.9914,0.3597,0.7532,nearly_ready,False,1,False
BH-LAT-036-067,HIVE-036,ESP32-1036,2026-04-13T10:00:00,130,29,0.9814,late_stage_ready,dry,midday_heat,34.22,49.94,184,148,269,265,1.0,0.372,0.6945,nearly_ready,False,3,True
BH-LAT-037-078,HIVE-037,ESP32-1037,2026-04-20T20:00:00,165,38,0.9834,late_stage_ready,inter_monsoon,cloudy_stable,31.01,67.6,164,189,252,295,1.0,0.0,0.9572,ready,False,1,False
BH-EAR-002-048,HIVE-002,ESP32-1002,2026-01-19T20:00:00,69,28,0.238,early_stage_healthy,inter_monsoon,cloudy_stable,30.69,70.19,90,83,158,157,0.1825,0.0,0.2384,not_ready,False,0,False
BH-LAT-033-041,HIVE-033,ESP32-1033,2026-01-27T22:00:00,127,27,0.9557,late_stage_ready,inter_monsoon,post_rain,31.45,67.16,166,154,253,272,0.9904,0.0,0.948,ready,False,0,False
BH-HIG-055-053,HIVE-055,ESP32-1055,2026-04-24T22:00:00,115,39,0.9646,high_gas_stress,wet,humid_rain,28.57,81.71,225,216,292,378,0.8508,0.661,0.4035,approaching,False,5,True
BH-EAR-005-010,HIVE-005,ESP32-1005,2026-04-26T12:00:00,54,12,0.2086,early_stage_healthy,inter_monsoon,cloudy_stable,28.89,72.7,49,69,113,197,0.1527,0.0,0.2128,not_ready,False,0,False
BH-EAR-001-052,HIVE-001,ESP32-1001,2026-02-10T04:00:00,59,29,0.3276,early_stage_healthy,wet,storm_front,27.84,77.64,89,113,178,209,0.2314,0.0,0.2822,not_ready,False,0,False
BH-LAT-033-007,HIVE-033,ESP32-1033,2026-01-19T10:00:00,116,11,0.9386,late_stage_ready,inter_monsoon,post_rain,30.91,70.38,171,157,249,272,0.9474,0.0,0.9127,ready,False,0,False
BH-LAT-026-074,HIVE-026,ESP32-1026,2026-03-28T00:00:00,139,38,0.9724,late_stage_nearly_ready,dry,midday_heat,32.71,60.39,153,147,250,266,0.9244,0.0352,0.8726,ready,False,0,False
BH-EAR-007-072,HIVE-007,ESP32-1007,2026-03-28T12:00:00,56,25,0.5809,early_stage_healthy,inter_monsoon,post_rain,29.16,72.42,79,84,159,217,0.3463,0.0,0.3833,approaching,False,0,False
BH-EAR-003-019,HIVE-003,ESP32-1003,2026-03-16T18:00:00,45,20,0.1848,early_stage_healthy,wet,cloudy_stable,27.89,73.36,102,78,147,166,0.1336,0.0,0.1967,not_ready,False,0,False
BH-HIG-051-051,HIVE-051,ESP32-1051,2026-03-04T02:00:00,147,33,1.0,high_humidity_fermentation_risk,inter_monsoon,stable_clear,31.07,81.74,161,170,229,267,0.9103,0.2951,0.7117,nearly_ready,False,1,False
BH-MID-011-059,HIVE-011,ESP32-1011,2026-04-21T06:00:00,111,41,0.7151,mid_stage_stable,dry,cloudy_stable,33.16,65.65,117,79,176,260,0.6317,0.0121,0.628,nearly_ready,False,0,False
BH-LAT-021-018,HIVE-021,ESP32-1021,2026-01-12T00:00:00,90,18,0.6309,late_stage_nearly_ready,inter_monsoon,post_rain,29.74,72.74,131,118,222,280,0.6925,0.0,0.6883,nearly_ready,False,0,False
BH-EAR-001-008,HIVE-001,ESP32-1001,2026-01-30T04:00:00,40,9,0.2504,early_stage_healthy,wet,humid_rain,28.02,75.96,86,113,161,212,0.2061,0.0,0.2585,not_ready,False,0,False
BH-MID-013-032,HIVE-013,ESP32-1013,2026-03-29T16:00:00,92,27,0.3967,mid_stage_stable,inter_monsoon,cloudy_stable,29.4,63.99,98,109,155,229,0.4671,0.0,0.4903,approaching,False,0,False
BH-EAR-008-032,HIVE-008,ESP32-1008,2026-02-18T16:00:00,43,20,0.1463,early_stage_healthy,wet,post_rain,27.45,84.33,83,103,158,205,0.1344,0.0159,0.1886,not_ready,False,1,False
BH-LAT-027-067,HIVE-027,ESP32-1027,2026-04-24T10:00:00,145,44,0.9237,late_stage_nearly_ready,inter_monsoon,stable_clear,31.0,71.31,149,136,208,282,0.9327,0.0138,0.8895,ready,False,0,False
BH-ENV-064-059,HIVE-064,ESP32-1064,2026-02-12T02:00:00,134,42,0.6779,environmentally_unstable,inter_monsoon,midday_heat,35.14,84.52,195,217,308,307,0.727,0.8467,0.1893,not_ready,False,5,True
BH-MID-012-024,HIVE-012,ESP32-1012,2026-01-28T12:00:00,84,17,0.5449,mid_stage_stable,dry,stable_clear,32.55,69.59,114,115,188,227,0.5617,0.0,0.5734,approaching,False,0,False
BH-EAR-009-049,HIVE-009,ESP32-1009,2026-02-22T02:00:00,51,37,0.4269,early_stage_healthy,wet,post_rain,28.02,76.33,79,110,179,205,0.3027,0.0,0.3457,not_ready,False,0,False
BH-ENV-060-032,HIVE-060,ESP32-1060,2026-04-19T12:00:00,128,26,0.6049,environmentally_unstable,inter_monsoon,storm_front,34.12,86.64,208,119,281,297,0.6322,0.7473,0.1598,not_ready,False,4,True
BH-HIG-053-076,HIVE-053,ESP32-1053,2026-05-17T20:00:00,100,25,0.9093,high_gas_stress,inter_monsoon,cloudy_stable,31.56,78.85,180,227,302,335,0.855,0.5469,0.4665,approaching,False,3,True
BH-LAT-030-081,HIVE-030,ESP32-1030,2026-05-05T18:00:00,160,51,1.0,late_stage_ready,inter_monsoon,cloudy_stable,30.51,64.5,155,149,254,283,1.0,0.0,0.9581,ready,False,0,False
BH-EAR-003-055,HIVE-003,ESP32-1003,2026-03-25T18:00:00,68,40,0.3363,early_stage_healthy,wet,humid_rain,28.06,78.35,118,87,154,193,0.2947,0.0,0.3375,not_ready,False,0,False
BH-HIG-050-024,HIVE-050,ESP32-1050,2026-01-17T00:00:00,130,22,0.9513,high_humidity_fermentation_risk,inter_monsoon,cloudy_stable,30.83,88.3,173,174,223,306,0.9086,0.5651,0.5061,approaching,False,1,True
BH-LAT-044-071,HIVE-044,ESP32-1044,2026-05-15T18:00:00,163,31,0.9779,late_stage_overheated,dry,cloudy_stable,37.07,58.45,190,163,237,286,0.9888,0.705,0.5014,approaching,False,2,True
BH-LAT-037-015,HIVE-037,ESP32-1037,2026-04-05T02:00:00,138,15,0.8307,late_stage_ready,inter_monsoon,cloudy_stable,30.28,63.84,159,185,244,289,0.9677,0.0,0.9307,ready,False,1,False
BH-EAR-002-011,HIVE-002,ESP32-1002,2026-01-10T14:00:00,54,10,0.1304,early_stage_healthy,inter_monsoon,stable_clear,32.06,69.66,84,76,156,172,0.1529,0.0,0.2125,not_ready,False,0,False
BH-MID-013-071,HIVE-013,ESP32-1013,2026-04-08T10:00:00,109,40,0.5343,mid_stage_stable,inter_monsoon,post_rain,29.68,68.48,94,115,186,245,0.5659,0.0,0.5765,approaching,False,0,False
BH-LAT-029-072,HIVE-029,ESP32-1029,2026-03-08T00:00:00,116,38,0.6644,late_stage_nearly_ready,dry,stable_clear,32.33,58.26,149,141,211,253,0.7339,0.0,0.7248,nearly_ready,False,0,False
BH-LAT-026-004,HIVE-026,ESP32-1026,2026-03-10T12:00:00,109,18,0.7818,late_stage_nearly_ready,dry,cloudy_stable,30.68,64.94,139,122,233,237,0.779,0.0,0.7638,nearly_ready,False,0,False
BH-MID-015-002,HIVE-015,ESP32-1015,2026-04-08T16:00:00,65,8,0.4628,mid_stage_stable,dry,midday_heat,33.99,58.56,126,104,166,230,0.4674,0.1276,0.4165,approaching,False,1,False
BH-LAT-033-000,HIVE-033,ESP32-1033,2026-01-17T16:00:00,116,18,0.9448,late_stage_ready,inter_monsoon,stable_clear,31.59,63.96,146,139,229,247,1.0,0.0,0.9581,ready,False,0,False
BH-LAT-041-082,HIVE-041,ESP32-1041,2026-04-07T04:00:00,139,28,0.9997,late_stage_overheated,dry,cloudy_stable,36.91,72.99,148,173,253,283,0.9544,0.6444,0.5028,approaching,False,1,True
BH-HIG-048-005,HIVE-048,ESP32-1048,2026-04-28T10:00:00,123,15,0.7963,high_humidity_fermentation_risk,inter_monsoon,post_rain,30.63,93.94,140,149,260,309,0.8571,0.6523,0.4146,approaching,False,2,True
BH-EAR-004-010,HIVE-004,ESP32-1004,2026-01-24T04:00:00,34,9,0.0961,early_stage_healthy,wet,humid_rain,28.05,81.85,98,91,121,213,0.0942,0.0,0.1615,not_ready,False,1,False
BH-LAT-031-083,HIVE-031,ESP32-1031,2026-02-27T18:00:00,154,34,0.9819,late_stage_ready,dry,cloudy_stable,31.84,62.1,165,185,243,269,1.0,0.0,0.9584,ready,False,1,False
BH-LAT-039-038,HIVE-039,ESP32-1039,2026-02-14T12:00:00,126,27,0.872,late_stage_overheated,dry,midday_heat,38.46,60.0,161,191,258,295,0.9123,0.6786,0.4484,approaching,False,2,True
BH-ENV-066-001,HIVE-066,ESP32-1066,2026-02-15T06:00:00,111,13,0.75,environmentally_unstable,wet,post_rain,27.54,72.39,187,150,294,263,0.7229,0.2536,0.5732,approaching,False,2,False
BH-ENV-063-034,HIVE-063,ESP32-1063,2026-04-02T04:00:00,129,24,0.6884,environmentally_unstable,inter_monsoon,post_rain,36.6,73.12,137,128,302,285,0.7348,0.7012,0.2779,not_ready,False,2,True
BH-LAT-029-050,HIVE-029,ESP32-1029,2026-03-02T12:00:00,109,25,0.6651,late_stage_nearly_ready,dry,midday_heat,33.4,56.54,161,150,225,256,0.7656,0.0607,0.7185,nearly_ready,False,0,False
BH-LAT-020-075,HIVE-020,ESP32-1020,2026-02-10T14:00:00,121,31,0.8263,late_stage_nearly_ready,dry,cloudy_stable,32.57,67.75,134,152,213,252,0.8771,0.0047,0.8486,ready,False,0,False
BH-ENV-062-021,HIVE-062,ESP32-1062,2026-03-23T10:00:00,85,21,0.7782,environmentally_unstable,inter_monsoon,storm_front,33.33,70.26,126,175,231,263,0.7255,0.241,0.5853,approaching,False,0,False
BH-LAT-024-011,HIVE-024,ESP32-1024,2026-04-16T22:00:00,83,17,0.6384,late_stage_nearly_ready,dry,midday_heat,36.81,58.83,140,127,245,280,0.6602,0.4743,0.3348,not_ready,False,1,True
BH-MID-017-039,HIVE-017,ESP32-1017,2026-03-02T14:00:00,97,31,0.5539,mid_stage_stable,inter_monsoon,stable_clear,31.42,68.98,133,99,192,248,0.5689,0.0,0.5785,approaching,False,0,False
BH-LAT-022-053,HIVE-022,ESP32-1022,2026-03-13T22:00:00,137,33,0.7457,late_stage_nearly_ready,dry,midday_heat,32.73,53.66,149,155,236,253,0.8478,0.0995,0.7705,nearly_ready,False,0,False
BH-EAR-005-041,HIVE-005,ESP32-1005,2026-05-04T06:00:00,69,27,0.2703,early_stage_healthy,inter_monsoon,cloudy_stable,28.51,71.61,55,62,111,199,0.2624,0.0,0.3099,not_ready,False,0,False
BH-LAT-022-050,HIVE-022,ESP32-1022,2026-03-13T04:00:00,136,26,0.7488,late_stage_nearly_ready,dry,cloudy_stable,31.2,59.16,145,155,233,262,0.8389,0.0,0.8176,ready,False,0,False
BH-ENV-064-014,HIVE-064,ESP32-1064,2026-01-31T20:00:00,112,14,0.5755,environmentally_unstable,inter_monsoon,cloudy_stable,32.26,83.77,175,188,283,276,0.6227,0.5212,0.2799,not_ready,False,3,True
BH-MID-010-056,HIVE-010,ESP32-1010,2026-02-16T12:00:00,108,39,0.7309,mid_stage_stable,inter_monsoon,cloudy_stable,31.54,72.21,101,115,181,258,0.6655,0.0,0.665,nearly_ready,False,0,False
BH-MID-017-032,HIVE-017,ESP32-1017,2026-02-28T20:00:00,93,23,0.504,mid_stage_stable,inter_monsoon,humid_rain,31.26,73.65,132,101,195,253,0.5633,0.0,0.5747,approaching,False,0,False
BH-MID-011-068,HIVE-011,ESP32-1011,2026-04-23T12:00:00,115,41,0.7793,mid_stage_stable,dry,midday_heat,33.95,63.01,119,88,190,284,0.7248,0.0911,0.6651,nearly_ready,False,1,False
BH-LAT-031-062,HIVE-031,ESP32-1031,2026-02-22T12:00:00,151,33,1.0,late_stage_ready,dry,stable_clear,31.16,61.77,159,189,257,291,1.0,0.0,0.9589,ready,False,1,False
BH-LAT-024-074,HIVE-024,ESP32-1024,2026-05-02T16:00:00,108,42,0.79,late_stage_nearly_ready,dry,midday_heat,33.95,55.96,152,126,225,242,0.8254,0.1153,0.7403,nearly_ready,False,1,False
BH-ENV-063-064,HIVE-063,ESP32-1063,2026-04-09T16:00:00,141,32,0.804,environmentally_unstable,inter_monsoon,stable_clear,34.05,60.39,139,125,310,283,0.7872,0.5087,0.4316,approaching,False,2,True
BH-LAT-034-075,HIVE-034,ESP32-1034,2026-04-16T02:00:00,144,25,0.9555,late_stage_ready,dry,midday_heat,34.74,51.61,147,159,219,301,1.0,0.2537,0.8173,ready,False,1,False
BH-LAT-021-046,HIVE-021,ESP32-1021,2026-01-19T00:00:00,101,29,0.7154,late_stage_nearly_ready,inter_monsoon,humid_rain,29.74,71.73,138,119,238,267,0.7781,0.0256,0.7472,nearly_ready,False,0,False
BH-HIG-056-016,HIVE-056,ESP32-1056,2026-04-26T12:00:00,111,12,0.894,high_gas_stress,inter_monsoon,stable_clear,32.27,71.44,206,219,265,359,0.8705,0.5317,0.4922,approaching,False,4,True
BH-LAT-021-067,HIVE-021,ESP32-1021,2026-01-24T06:00:00,109,36,0.8012,late_stage_nearly_ready,inter_monsoon,stable_clear,29.74,69.88,143,113,232,296,0.8062,0.0053,0.7844,nearly_ready,False,0,False
BH-LAT-026-031,HIVE-026,ESP32-1026,2026-03-17T06:00:00,118,19,0.8706,late_stage_nearly_ready,dry,midday_heat,32.2,62.68,149,137,247,276,0.8922,0.0,0.8641,ready,False,0,False
BH-LAT-033-002,HIVE-033,ESP32-1033,2026-01-18T04:00:00,116,18,0.9425,late_stage_ready,inter_monsoon,humid_rain,30.59,71.51,161,154,240,270,0.9803,0.0,0.9404,ready,False,0,False
BH-LAT-032-023,HIVE-032,ESP32-1032,2026-03-21T10:00:00,111,15,0.8622,late_stage_ready,inter_monsoon,post_rain,29.41,67.02,168,144,252,278,0.9183,0.0,0.8878,ready,False,0,False
BH-EAR-003-073,HIVE-003,ESP32-1003,2026-03-30T06:00:00,75,44,0.3763,early_stage_healthy,wet,humid_rain,27.54,78.23,120,83,157,191,0.2893,0.0,0.3334,not_ready,False,0,False
BH-LAT-025-089,HIVE-025,ESP32-1025,2026-05-14T14:00:00,119,39,0.778,late_stage_nearly_ready,dry,midday_heat,35.17,63.4,152,165,238,261,0.8347,0.2166,0.6936,nearly_ready,False,1,False
BH-EAR-006-079,HIVE-006,ESP32-1006,2026-02-28T18:00:00,37,23,0.3904,early_stage_healthy,wet,storm_front,27.82,77.64,108,106,138,228,0.2171,0.0,0.2689,not_ready,False,0,False
BH-LAT-039-016,HIVE-039,ESP32-1039,2026-02-09T00:00:00,117,19,0.8256,late_stage_overheated,dry,stable_clear,37.83,62.7,161,181,228,278,0.8586,0.6948,0.3925,approaching,False,2,True
BH-LAT-036-012,HIVE-036,ESP32-1036,2026-03-30T16:00:00,114,13,0.8442,late_stage_ready,dry,midday_heat,34.2,50.64,174,146,250,283,0.9409,0.1995,0.7978,nearly_ready,False,1,False
BH-MID-016-076,HIVE-016,ESP32-1016,2026-02-19T00:00:00,78,44,0.6933,mid_stage_stable,dry,cloudy_stable,32.21,76.39,121,94,185,240,0.582,0.0,0.5869,approaching,False,0,False
BH-LAT-020-013,HIVE-020,ESP32-1020,2026-01-26T02:00:00,100,12,0.7011,late_stage_nearly_ready,dry,midday_heat,34.17,63.58,130,154,216,246,0.7533,0.1259,0.6733,nearly_ready,False,1,False
BH-LAT-032-026,HIVE-032,ESP32-1032,2026-03-22T04:00:00,112,23,0.9045,late_stage_ready,inter_monsoon,post_rain,28.92,69.23,175,145,251,292,0.9447,0.0,0.9103,ready,False,0,False
BH-HIG-052-006,HIVE-052,ESP32-1052,2026-03-16T12:00:00,96,14,0.6741,high_gas_stress,wet,humid_rain,31.67,77.41,232,213,307,340,0.6884,0.5497,0.3225,not_ready,False,4,True
BH-ENV-060-065,HIVE-060,ESP32-1060,2026-04-27T18:00:00,141,35,0.7586,environmentally_unstable,inter_monsoon,post_rain,33.96,80.72,187,107,259,238,0.7499,0.5754,0.3624,approaching,False,3,True
BH-LAT-031-005,HIVE-031,ESP32-1031,2026-02-08T06:00:00,134,8,0.9715,late_stage_ready,dry,stable_clear,31.32,61.08,156,180,240,261,0.9811,0.0,0.9427,ready,False,0,False
BH-EAR-009-055,HIVE-009,ESP32-1009,2026-02-23T14:00:00,54,39,0.4312,early_stage_healthy,wet,storm_front,28.95,75.9,84,114,171,214,0.2735,0.0,0.3195,not_ready,False,0,False
BH-LAT-027-028,HIVE-027,ESP32-1027,2026-04-14T16:00:00,124,21,0.7968,late_stage_nearly_ready,inter_monsoon,post_rain,30.76,74.22,152,147,205,279,0.8471,0.0,0.8245,ready,False,0,False
BH-LAT-031-078,HIVE-031,ESP32-1031,2026-02-26T12:00:00,154,37,1.0,late_stage_ready,dry,stable_clear,31.74,61.06,164,173,242,256,1.0,0.0,0.9586,ready,False,0,False
BH-LAT-020-012,HIVE-020,ESP32-1020,2026-01-25T20:00:00,100,14,0.667,late_stage_nearly_ready,dry,midday_heat,34.07,63.5,132,153,219,236,0.7777,0.1453,0.683,nearly_ready,False,1,False
BH-ENV-062-048,HIVE-062,ESP32-1062,2026-03-30T04:00:00,93,28,0.8157,environmentally_unstable,inter_monsoon,stable_clear,35.47,60.83,98,160,209,258,0.709,0.4614,0.4491,approaching,False,1,False
BH-EAR-006-030,HIVE-006,ESP32-1006,2026-02-16T12:00:00,25,11,0.2318,early_stage_healthy,wet,humid_rain,28.26,79.24,90,100,135,210,0.1792,0.0,0.2366,not_ready,False,0,False
BH-LAT-025-020,HIVE-025,ESP32-1025,2026-04-27T08:00:00,94,15,0.633,late_stage_nearly_ready,dry,stable_clear,33.93,63.54,138,146,227,242,0.7582,0.1137,0.6842,nearly_ready,False,1,False
BH-LAT-021-076,HIVE-021,ESP32-1021,2026-01-26T12:00:00,112,39,0.814,late_stage_nearly_ready,inter_monsoon,post_rain,29.61,73.2,138,132,240,290,0.833,0.017,0.803,ready,False,0,False
BH-HIG-052-003,HIVE-052,ESP32-1052,2026-03-15T18:00:00,96,15,0.6851,high_gas_stress,wet,humid_rain,31.68,77.48,232,207,305,333,0.7248,0.5822,0.3369,not_ready,False,4,True
BH-EAR-006-004,HIVE-006,ESP32-1006,2026-02-10T00:00:00,19,5,0.157,early_stage_healthy,wet,humid_rain,28.23,78.02,89,87,123,203,0.0847,0.0,0.1539,not_ready,False,0,False
BH-EAR-006-000,HIVE-006,ESP32-1006,2026-02-09T00:00:00,19,5,0.1459,early_stage_healthy,wet,humid_rain,29.09,72.39,78,77,118,191,0.0877,0.0,0.1551,not_ready,False,0,False
BH-EAR-001-059,HIVE-001,ESP32-1001,2026-02-11T22:00:00,63,42,0.3594,early_stage_healthy,wet,storm_front,28.06,76.41,90,119,165,223,0.2652,0.0,0.3115,not_ready,False,0,False
BH-ENV-064-060,HIVE-064,ESP32-1064,2026-02-12T08:00:00,134,42,0.7009,environmentally_unstable,inter_monsoon,midday_heat,35.63,87.8,210,216,309,325,0.7383,0.9328,0.1536,not_ready,False,6,True
BH-MID-014-083,HIVE-014,ESP32-1014,2026-04-19T02:00:00,89,31,0.7072,mid_stage_stable,inter_monsoon,post_rain,29.36,67.83,129,120,153,253,0.658,0.0,0.6576,nearly_ready,False,0,False
BH-LAT-026-019,HIVE-026,ESP32-1026,2026-03-14T06:00:00,113,13,0.8239,late_stage_nearly_ready,dry,cloudy_stable,30.37,67.55,146,136,225,251,0.8295,0.0075,0.8051,ready,False,0,False
BH-EAR-001-018,HIVE-001,ESP32-1001,2026-02-01T16:00:00,43,20,0.2496,early_stage_healthy,wet,humid_rain,28.36,77.82,83,109,166,212,0.1771,0.0,0.2341,not_ready,False,0,False
BH-LAT-042-001,HIVE-042,ESP32-1042,2026-02-27T10:00:00,132,13,0.9241,late_stage_overheated,dry,stable_clear,37.88,75.06,123,182,283,269,0.8938,0.7332,0.4002,approaching,False,3,True
BH-ENV-061-040,HIVE-061,ESP32-1061,2026-01-17T00:00:00,125,19,0.753,environmentally_unstable,dry,stable_clear,31.95,80.45,172,168,213,267,0.7373,0.2487,0.587,approaching,False,1,False
BH-ENV-061-003,HIVE-061,ESP32-1061,2026-01-07T18:00:00,117,9,0.7145,environmentally_unstable,dry,midday_heat,32.89,75.42,185,183,228,264,0.699,0.3334,0.5097,approaching,False,2,False
BH-LAT-031-018,HIVE-031,ESP32-1031,2026-02-11T12:00:00,136,16,0.9493,late_stage_ready,dry,stable_clear,31.53,57.98,158,184,249,262,1.0,0.0,0.9587,ready,False,1,False
BH-HIG-051-034,HIVE-051,ESP32-1051,2026-02-27T20:00:00,138,22,1.0,high_humidity_fermentation_risk,inter_monsoon,post_rain,31.68,90.07,133,180,222,283,0.9203,0.6102,0.4902,approaching,False,2,True
BH-EAR-005-018,HIVE-005,ESP32-1005,2026-04-28T12:00:00,57,20,0.2162,early_stage_healthy,inter_monsoon,humid_rain,27.72,74.77,59,74,126,211,0.1941,0.0,0.2487,not_ready,False,0,False
BH-LAT-029-083,HIVE-029,ESP32-1029,2026-03-10T18:00:00,118,37,0.6852,late_stage_nearly_ready,dry,stable_clear,31.95,58.95,145,148,218,256,0.7668,0.0,0.7538,nearly_ready,False,0,False
BH-MID-013-076,HIVE-013,ESP32-1013,2026-04-09T16:00:00,110,41,0.5492,mid_stage_stable,inter_monsoon,humid_rain,30.07,66.15,92,121,171,237,0.6003,0.0,0.6041,nearly_ready,False,0,False
BH-LAT-029-037,HIVE-029,ESP32-1029,2026-02-27T06:00:00,104,26,0.6122,late_stage_nearly_ready,dry,stable_clear,32.5,57.52,143,141,213,249,0.6906,0.0,0.6868,nearly_ready,False,0,False
BH-ENV-061-076,HIVE-061,ESP32-1061,2026-01-26T00:00:00,135,34,0.8267,environmentally_unstable,dry,storm_front,31.46,89.84,201,199,241,276,0.7666,0.6392,0.3399,not_ready,False,3,True
BH-MID-012-058,HIVE-012,ESP32-1012,2026-02-06T00:00:00,103,39,0.7083,mid_stage_stable,dry,stable_clear,33.08,69.61,113,117,179,227,0.6625,0.0,0.661,nearly_ready,False,0,False
BH-ENV-059-007,HIVE-059,ESP32-1059,2026-01-05T06:00:00,121,14,0.4412,environmentally_unstable,inter_monsoon,cloudy_stable,32.39,87.94,183,195,195,348,0.5968,0.6279,0.1989,not_ready,False,4,True
BH-ENV-063-000,HIVE-063,ESP32-1063,2026-03-24T16:00:00,121,18,0.6354,environmentally_unstable,inter_monsoon,post_rain,33.1,64.47,120,104,270,260,0.6754,0.2806,0.5169,approaching,False,1,False
BH-EAR-003-048,HIVE-003,ESP32-1003,2026-03-24T00:00:00,64,42,0.3181,early_stage_healthy,wet,storm_front,26.62,80.13,119,77,156,185,0.2352,0.0,0.2859,not_ready,False,1,False
BH-MID-017-082,HIVE-017,ESP32-1017,2026-03-13T08:00:00,112,44,0.6826,mid_stage_stable,inter_monsoon,cloudy_stable,31.75,67.46,129,112,195,236,0.6311,0.0,0.6346,nearly_ready,False,0,False
BH-LAT-028-058,HIVE-028,ESP32-1028,2026-02-03T20:00:00,98,32,0.834,late_stage_nearly_ready,inter_monsoon,stable_clear,30.91,68.9,144,119,207,281,0.829,0.0154,0.7998,nearly_ready,False,0,False
BH-LAT-029-089,HIVE-029,ESP32-1029,2026-03-12T06:00:00,119,42,0.7027,late_stage_nearly_ready,dry,midday_heat,33.34,55.17,150,149,229,262,0.7612,0.0843,0.7026,nearly_ready,False,0,False
BH-LAT-029-010,HIVE-029,ESP32-1029,2026-02-20T12:00:00,96,19,0.5893,late_stage_nearly_ready,dry,midday_heat,33.99,56.22,154,150,232,274,0.6664,0.1147,0.6019,nearly_ready,False,1,False
BH-LAT-041-031,HIVE-041,ESP32-1041,2026-03-25T10:00:00,126,17,0.8932,late_stage_overheated,dry,stable_clear,37.48,72.6,134,170,248,252,0.9112,0.6716,0.4515,approaching,False,1,True
BH-MID-019-050,HIVE-019,ESP32-1019,2026-03-30T08:00:00,77,26,0.436,mid_stage_stable,dry,cloudy_stable,31.13,65.5,87,119,178,264,0.4459,0.0,0.469,approaching,False,0,False
BH-LAT-030-054,HIVE-030,ESP32-1030,2026-04-29T00:00:00,150,42,0.9964,late_stage_ready,inter_monsoon,stable_clear,30.39,60.11,140,153,251,267,1.0,0.0,0.959,ready,False,0,False
BH-LAT-027-002,HIVE-027,ESP32-1027,2026-04-08T04:00:00,116,16,0.774,late_stage_nearly_ready,inter_monsoon,stable_clear,31.11,67.98,134,129,183,276,0.8402,0.0,0.819,ready,False,0,False
BH-MID-010-065,HIVE-010,ESP32-1010,2026-02-18T18:00:00,112,46,0.7852,mid_stage_stable,inter_monsoon,cloudy_stable,32.98,73.11,106,111,192,262,0.7057,0.0,0.7003,nearly_ready,False,0,False
BH-HIG-050-021,HIVE-050,ESP32-1050,2026-01-16T06:00:00,128,21,0.956,high_humidity_fermentation_risk,inter_monsoon,stable_clear,30.52,85.48,165,166,229,314,0.8713,0.4043,0.62,nearly_ready,False,1,False
BH-LAT-022-041,HIVE-022,ESP32-1022,2026-03-10T22:00:00,131,28,0.7258,late_stage_nearly_ready,dry,cloudy_stable,30.89,58.28,139,148,242,265,0.8479,0.0015,0.8238,ready,False,0,False
BH-LAT-023-034,HIVE-023,ESP32-1023,2026-02-04T12:00:00,117,25,0.8587,late_stage_nearly_ready,inter_monsoon,stable_clear,31.24,62.26,152,133,217,249,0.8888,0.0,0.8614,ready,False,0,False
BH-LAT-022-033,HIVE-022,ESP32-1022,2026-03-08T22:00:00,127,24,0.721,late_stage_nearly_ready,dry,midday_heat,33.13,53.42,153,158,238,263,0.7867,0.0903,0.7217,nearly_ready,False,0,False
BH-LAT-028-042,HIVE-028,ESP32-1028,2026-01-30T20:00:00,93,23,0.758,late_stage_nearly_ready,inter_monsoon,stable_clear,31.13,66.54,140,121,219,277,0.7657,0.0,0.753,nearly_ready,False,0,False
BH-HIG-046-001,HIVE-046,ESP32-1046,2026-02-14T02:00:00,128,17,0.8771,high_humidity_fermentation_risk,wet,cloudy_stable,28.78,87.36,144,138,222,261,0.8786,0.3711,0.6464,nearly_ready,False,1,False
BH-LAT-021-085,HIVE-021,ESP32-1021,2026-01-28T18:00:00,114,45,0.8313,late_stage_nearly_ready,inter_monsoon,cloudy_stable,29.89,67.98,141,127,247,279,0.8203,0.0,0.8011,ready,False,0,False
BH-LAT-020-068,HIVE-020,ESP32-1020,2026-02-08T20:00:00,119,29,0.8444,late_stage_nearly_ready,dry,midday_heat,34.42,63.4,123,151,221,257,0.8548,0.1609,0.7434,nearly_ready,False,1,False
BH-MID-018-066,HIVE-018,ESP32-1018,2026-03-31T20:00:00,92,30,0.5219,mid_stage_stable,inter_monsoon,stable_clear,31.64,66.9,105,106,174,235,0.5103,0.0,0.5262,approaching,False,0,False
BH-LAT-024-086,HIVE-024,ESP32-1024,2026-05-05T16:00:00,111,40,0.7734,late_stage_nearly_ready,dry,cloudy_stable,31.8,55.31,166,116,236,241,0.7589,0.035,0.7225,nearly_ready,False,0,False
BH-EAR-008-004,HIVE-008,ESP32-1008,2026-02-11T16:00:00,39,13,0.1135,early_stage_healthy,wet,storm_front,27.55,84.33,81,111,172,203,0.1293,0.0385,0.1716,not_ready,False,1,False
BH-MID-019-040,HIVE-019,ESP32-1019,2026-03-27T20:00:00,73,21,0.3962,mid_stage_stable,dry,cloudy_stable,30.71,65.33,85,125,180,251,0.4885,0.0,0.5085,approaching,False,0,False
BH-LAT-028-069,HIVE-028,ESP32-1028,2026-02-06T14:00:00,102,27,0.8231,late_stage_nearly_ready,inter_monsoon,cloudy_stable,31.22,70.45,146,128,218,274,0.833,0.0,0.8127,ready,False,0,False
BH-EAR-009-019,HIVE-009,ESP32-1009,2026-02-14T14:00:00,33,19,0.2946,early_stage_healthy,wet,humid_rain,28.84,77.84,83,118,171,208,0.1994,0.0,0.2536,not_ready,False,0,False
BH-HIG-056-020,HIVE-056,ESP32-1056,2026-04-27T12:00:00,112,21,0.9034,high_gas_stress,inter_monsoon,cloudy_stable,31.6,74.0,200,231,279,357,0.8765,0.5275,0.5007,approaching,False,4,True
BH-MID-012-078,HIVE-012,ESP32-1012,2026-02-11T00:00:00,110,49,0.7959,mid_stage_stable,dry,cloudy_stable,33.67,70.06,121,125,180,236,0.7,0.0497,0.6676,nearly_ready,False,1,False
BH-HIG-049-027,HIVE-049,ESP32-1049,2026-05-03T22:00:00,93,20,0.8955,high_humidity_fermentation_risk,wet,post_rain,31.27,92.07,147,181,275,349,0.8482,0.659,0.4032,approaching,False,4,True
BH-LAT-029-065,HIVE-029,ESP32-1029,2026-03-06T06:00:00,114,30,0.6684,late_stage_nearly_ready,dry,cloudy_stable,31.93,58.71,144,146,220,250,0.7456,0.0,0.735,nearly_ready,False,0,False
BH-MID-017-052,HIVE-017,ESP32-1017,2026-03-05T20:00:00,103,33,0.5924,mid_stage_stable,inter_monsoon,stable_clear,31.73,66.11,121,95,189,225,0.6026,0.0,0.6093,nearly_ready,False,0,False
BH-LAT-035-016,HIVE-035,ESP32-1035,2026-01-20T00:00:00,98,13,0.8414,late_stage_ready,inter_monsoon,stable_clear,32.67,60.91,161,148,238,250,0.9218,0.0,0.8891,ready,False,0,False
BH-EAR-003-007,HIVE-003,ESP32-1003,2026-03-13T18:00:00,41,11,0.1231,early_stage_healthy,wet,post_rain,27.69,75.53,111,72,140,174,0.1596,0.0,0.2187,not_ready,False,0,False
BH-EAR-006-027,HIVE-006,ESP32-1006,2026-02-15T18:00:00,24,10,0.2258,early_stage_healthy,wet,storm_front,27.47,78.98,97,95,123,214,0.1837,0.0,0.24,not_ready,False,0,False
BH-LAT-044-030,HIVE-044,ESP32-1044,2026-05-05T12:00:00,147,20,0.8202,late_stage_overheated,dry,midday_heat,38.49,54.41,198,184,247,297,0.9124,0.7361,0.4172,approaching,False,3,True
BH-LAT-023-021,HIVE-023,ESP32-1023,2026-02-01T06:00:00,112,14,0.8067,late_stage_nearly_ready,inter_monsoon,stable_clear,30.95,61.64,155,124,218,232,0.8623,0.0,0.8368,ready,False,0,False
BH-LAT-028-083,HIVE-028,ESP32-1028,2026-02-10T02:00:00,105,38,0.8506,late_stage_nearly_ready,inter_monsoon,post_rain,30.94,75.12,146,127,218,277,0.8515,0.0,0.8282,ready,False,0,False
BH-EAR-002-053,HIVE-002,ESP32-1002,2026-01-21T02:00:00,72,28,0.254,early_stage_healthy,inter_monsoon,humid_rain,30.83,70.57,96,91,166,183,0.2167,0.0,0.2669,not_ready,False,0,False
BH-LAT-033-027,HIVE-033,ESP32-1033,2026-01-24T10:00:00,121,20,0.9584,late_stage_ready,inter_monsoon,post_rain,30.86,69.8,171,149,250,272,1.0,0.0,0.9597,ready,False,0,False
BH-LAT-025-079,HIVE-025,ESP32-1025,2026-05-12T02:00:00,118,42,0.7709,late_stage_nearly_ready,dry,cloudy_stable,33.77,68.62,139,161,235,252,0.7982,0.1424,0.703,nearly_ready,False,1,False
BH-MID-013-073,HIVE-013,ESP32-1013,2026-04-08T22:00:00,110,45,0.564,mid_stage_stable,inter_monsoon,stable_clear,29.95,63.85,89,113,167,240,0.5742,0.0,0.5831,approaching,False,0,False
BH-LAT-036-066,HIVE-036,ESP32-1036,2026-04-13T04:00:00,130,35,0.9862,late_stage_ready,dry,midday_heat,34.09,49.48,179,150,258,277,0.9804,0.2322,0.8138,ready,False,1,False
BH-EAR-006-020,HIVE-006,ESP32-1006,2026-02-14T00:00:00,22,8,0.204,early_stage_healthy,wet,humid_rain,28.63,80.32,103,107,132,220,0.1233,0.0,0.1874,not_ready,False,1,False
BH-EAR-005-048,HIVE-005,ESP32-1005,2026-05-06T00:00:00,73,35,0.2728,early_stage_healthy,inter_monsoon,stable_clear,29.96,71.53,58,79,115,206,0.2305,0.0,0.2821,not_ready,False,0,False
BH-HIG-049-081,HIVE-049,ESP32-1049,2026-05-17T10:00:00,104,25,1.0,high_humidity_fermentation_risk,wet,humid_rain,31.86,91.7,164,195,279,365,0.8654,0.7188,0.3829,approaching,False,4,True
BH-LAT-028-071,HIVE-028,ESP32-1028,2026-02-07T02:00:00,102,36,0.8264,late_stage_nearly_ready,inter_monsoon,post_rain,30.69,73.47,143,120,217,280,0.8232,0.0,0.8038,ready,False,0,False
BH-ENV-065-010,HIVE-065,ESP32-1065,2026-01-16T08:00:00,117,11,0.8063,environmentally_unstable,inter_monsoon,cloudy_stable,33.63,64.62,129,198,234,357,0.7865,0.5039,0.4329,approaching,False,3,True
BH-MID-016-043,HIVE-016,ESP32-1016,2026-02-10T18:00:00,65,30,0.594,mid_stage_stable,dry,midday_heat,33.1,66.54,133,112,178,215,0.5585,0.0,0.5701,approaching,False,0,False
BH-EAR-009-010,HIVE-009,ESP32-1009,2026-02-12T08:00:00,29,15,0.253,early_stage_healthy,wet,post_rain,28.06,78.54,82,116,190,198,0.1982,0.0,0.2533,not_ready,False,0,False
BH-LAT-032-002,HIVE-032,ESP32-1032,2026-03-16T04:00:00,107,14,0.8364,late_stage_ready,inter_monsoon,humid_rain,29.1,68.18,176,140,247,258,0.9178,0.0,0.8862,ready,False,0,False
BH-LAT-024-059,HIVE-024,ESP32-1024,2026-04-28T22:00:00,103,31,0.7536,late_stage_nearly_ready,dry,cloudy_stable,33.16,59.07,143,127,231,241,0.8196,0.027,0.7854,nearly_ready,False,0,False
BH-LAT-027-034,HIVE-027,ESP32-1027,2026-04-16T04:00:00,127,29,0.8202,late_stage_nearly_ready,inter_monsoon,stable_clear,30.0,72.4,153,151,201,276,0.8416,0.0142,0.8095,ready,False,0,False
BH-LAT-023-078,HIVE-023,ESP32-1023,2026-02-15T12:00:00,134,41,0.9939,late_stage_nearly_ready,inter_monsoon,stable_clear,32.74,63.73,166,145,243,263,0.9649,0.0498,0.901,ready,False,0,False
BH-LAT-035-020,HIVE-035,ESP32-1035,2026-01-21T00:00:00,99,14,0.8453,late_stage_ready,inter_monsoon,stable_clear,32.14,59.8,169,155,240,265,0.9226,0.0,0.8894,ready,False,0,False
BH-ENV-060-020,HIVE-060,ESP32-1060,2026-04-16T12:00:00,123,14,0.5583,environmentally_unstable,inter_monsoon,stable_clear,33.68,81.44,190,118,272,263,0.6346,0.6095,0.2416,not_ready,False,4,True
BH-LAT-034-006,HIVE-034,ESP32-1034,2026-03-29T20:00:00,133,16,0.8138,late_stage_ready,dry,midday_heat,34.6,51.16,148,160,228,303,0.9183,0.2156,0.7687,nearly_ready,False,1,False
BH-LAT-024-027,HIVE-024,ESP32-1024,2026-04-20T22:00:00,88,21,0.6733,late_stage_nearly_ready,dry,stable_clear,33.43,57.55,145,117,201,238,0.7299,0.083,0.6761,nearly_ready,False,0,False
BH-ENV-062-024,HIVE-062,ESP32-1062,2026-03-24T04:00:00,85,19,0.7882,environmentally_unstable,inter_monsoon,cloudy_stable,36.62,70.09,135,192,250,294,0.703,0.6801,0.2625,not_ready,False,2,True
BH-LAT-037-003,HIVE-037,ESP32-1037,2026-04-02T02:00:00,135,8,0.8378,late_stage_ready,inter_monsoon,stable_clear,30.69,60.51,151,180,239,280,0.9625,0.0,0.926,ready,False,1,False
BH-EAR-006-003,HIVE-006,ESP32-1006,2026-02-09T18:00:00,19,5,0.148,early_stage_healthy,wet,storm_front,28.18,77.63,91,92,118,214,0.1162,0.0,0.1781,not_ready,False,0,False
BH-LAT-027-001,HIVE-027,ESP32-1027,2026-04-07T22:00:00,116,18,0.7711,late_stage_nearly_ready,inter_monsoon,stable_clear,31.16,68.24,138,127,180,274,0.823,0.0,0.8034,ready,False,0,False
BH-LAT-023-006,HIVE-023,ESP32-1023,2026-01-28T12:00:00,108,8,0.7797,late_stage_nearly_ready,inter_monsoon,cloudy_stable,31.91,64.83,168,131,226,253,0.8429,0.0,0.8205,ready,False,0,False
BH-ENV-059-046,HIVE-059,ESP32-1059,2026-01-15T00:00:00,132,24,0.5466,environmentally_unstable,inter_monsoon,stable_clear,32.94,73.97,186,182,165,343,0.6238,0.4445,0.3217,not_ready,False,3,True
BH-HIG-056-079,HIVE-056,ESP32-1056,2026-05-12T06:00:00,126,26,0.9907,high_gas_stress,inter_monsoon,cloudy_stable,32.35,74.04,227,238,290,360,0.9445,0.5835,0.5295,approaching,False,4,True
BH-MID-012-000,HIVE-012,ESP32-1012,2026-01-22T12:00:00,78,8,0.512,mid_stage_stable,dry,stable_clear,32.34,71.7,96,103,180,202,0.4871,0.0,0.5066,approaching,False,0,False
BH-LAT-039-017,HIVE-039,ESP32-1039,2026-02-09T06:00:00,117,17,0.7927,late_stage_overheated,dry,stable_clear,37.4,63.66,155,183,234,283,0.8603,0.6424,0.4222,approaching,False,2,True
BH-LAT-031-032,HIVE-031,ESP32-1031,2026-02-15T00:00:00,141,20,0.9656,late_stage_ready,dry,midday_heat,32.8,62.0,170,196,255,288,1.0,0.0266,0.9423,ready,False,1,False
BH-EAR-001-051,HIVE-001,ESP32-1001,2026-02-09T22:00:00,59,35,0.3576,early_stage_healthy,wet,storm_front,28.35,77.56,84,111,166,217,0.2667,0.0,0.3129,not_ready,False,0,False
BH-HIG-056-019,HIVE-056,ESP32-1056,2026-04-27T06:00:00,111,20,0.8627,high_gas_stress,inter_monsoon,cloudy_stable,31.56,73.39,204,228,279,366,0.8516,0.534,0.4743,approaching,False,4,True
BH-MID-016-068,HIVE-016,ESP32-1016,2026-02-17T00:00:00,76,41,0.6772,mid_stage_stable,dry,stable_clear,32.19,66.65,125,102,186,210,0.622,0.0,0.6263,nearly_ready,False,0,False
BH-LAT-025-080,HIVE-025,ESP32-1025,2026-05-12T08:00:00,118,40,0.7685,late_stage_nearly_ready,dry,cloudy_stable,33.53,68.99,138,163,234,252,0.8475,0.1156,0.7615,nearly_ready,False,1,False
BH-EAR-004-072,HIVE-004,ESP32-1004,2026-02-08T16:00:00,64,41,0.3525,early_stage_healthy,wet,humid_rain,27.7,79.98,102,93,127,222,0.3025,0.0,0.3454,not_ready,False,0,False
BH-ENV-061-016,HIVE-061,ESP32-1061,2026-01-11T00:00:00,119,13,0.7235,environmentally_unstable,dry,midday_heat,34.33,87.28,196,185,233,296,0.7091,0.7349,0.2319,not_ready,False,4,True
BH-LAT-037-043,HIVE-037,ESP32-1037,2026-04-12T02:00:00,151,34,0.9155,late_stage_ready,inter_monsoon,stable_clear,31.38,62.88,164,197,261,296,0.9803,0.0237,0.9281,ready,False,2,False
BH-EAR-005-057,HIVE-005,ESP32-1005,2026-05-08T06:00:00,77,41,0.3238,early_stage_healthy,inter_monsoon,stable_clear,28.66,70.47,71,89,135,212,0.2991,0.0,0.3412,not_ready,False,0,False
BH-LAT-022-003,HIVE-022,ESP32-1022,2026-03-01T10:00:00,118,16,0.6445,late_stage_nearly_ready,dry,midday_heat,31.96,54.52,138,150,225,260,0.7334,0.0414,0.6978,nearly_ready,False,0,False
BH-ENV-061-049,HIVE-061,ESP32-1061,2026-01-19T06:00:00,128,23,0.7524,environmentally_unstable,dry,stable_clear,33.29,89.83,214,203,247,288,0.7635,0.7326,0.2869,not_ready,False,3,True
BH-LAT-021-023,HIVE-021,ESP32-1021,2026-01-13T06:00:00,91,16,0.6338,late_stage_nearly_ready,inter_monsoon,stable_clear,29.93,68.69,128,108,225,278,0.699,0.008,0.6892,nearly_ready,False,0,False
BH-LAT-035-055,HIVE-035,ESP32-1035,2026-01-29T18:00:00,106,26,0.9396,late_stage_ready,inter_monsoon,stable_clear,31.87,61.2,175,144,241,264,0.9863,0.0,0.9463,ready,False,0,False
BH-ENV-063-040,HIVE-063,ESP32-1063,2026-04-03T16:00:00,132,26,0.7409,environmentally_unstable,inter_monsoon,midday_heat,32.07,67.21,146,126,290,295,0.7407,0.2155,0.612,nearly_ready,False,1,False
BH-LAT-026-029,HIVE-026,ESP32-1026,2026-03-16T18:00:00,117,17,0.8538,late_stage_nearly_ready,dry,midday_heat,32.33,62.45,151,138,243,269,0.8937,0.0,0.8658,ready,False,0,False
BH-HIG-057-018,HIVE-057,ESP32-1057,2026-03-20T04:00:00,98,17,0.841,high_gas_stress,wet,humid_rain,30.96,78.17,239,207,309,377,0.823,0.5583,0.4362,approaching,False,4,True
BH-LAT-027-025,HIVE-027,ESP32-1027,2026-04-13T22:00:00,122,14,0.7928,late_stage_nearly_ready,inter_monsoon,post_rain,30.54,72.81,147,145,198,281,0.8372,0.0,0.8162,ready,False,0,False
BH-ENV-060-016,HIVE-060,ESP32-1060,2026-04-15T12:00:00,122,18,0.5309,environmentally_unstable,inter_monsoon,stable_clear,33.58,78.71,190,94,255,232,0.5828,0.3868,0.3727,approaching,False,2,False
BH-LAT-032-082,HIVE-032,ESP32-1032,2026-04-05T04:00:00,127,29,1.0,late_stage_ready,inter_monsoon,cloudy_stable,29.89,66.4,174,140,244,277,1.0,0.0,0.9574,ready,False,0,False
BH-EAR-007-017,HIVE-007,ESP32-1007,2026-03-14T18:00:00,44,11,0.328,early_stage_healthy,inter_monsoon,stable_clear,29.62,71.83,68,75,145,214,0.2121,0.0,0.2654,not_ready,False,0,False
BH-HIG-047-060,HIVE-047,ESP32-1047,2026-01-24T12:00:00,121,27,1.0,high_humidity_fermentation_risk,wet,cloudy_stable,30.25,92.51,147,173,228,336,0.935,0.6325,0.4914,approaching,False,2,True
BH-MID-013-006,HIVE-013,ESP32-1013,2026-03-23T04:00:00,82,14,0.3232,mid_stage_stable,inter_monsoon,cloudy_stable,30.06,62.65,81,105,160,225,0.4411,0.0,0.4677,approaching,False,0,False
BH-LAT-021-072,HIVE-021,ESP32-1021,2026-01-25T12:00:00,111,32,0.8106,late_stage_nearly_ready,inter_monsoon,humid_rain,30.0,71.39,141,131,242,284,0.815,0.0,0.7946,nearly_ready,False,0,False
BH-ENV-065-001,HIVE-065,ESP32-1065,2026-01-14T02:00:00,116,10,0.8018,environmentally_unstable,inter_monsoon,humid_rain,32.88,68.47,125,188,244,350,0.7229,0.3286,0.5338,approaching,False,2,False
BH-EAR-008-050,HIVE-008,ESP32-1008,2026-02-23T04:00:00,47,19,0.2121,early_stage_healthy,wet,post_rain,28.52,83.53,78,105,165,216,0.178,0.0356,0.2161,not_ready,False,1,False
BH-LAT-044-073,HIVE-044,ESP32-1044,2026-05-16T06:00:00,164,40,0.9818,late_stage_overheated,dry,cloudy_stable,37.47,58.68,187,163,234,303,1.0,0.6626,0.5347,approaching,False,2,True
BH-ENV-062-023,HIVE-062,ESP32-1062,2026-03-23T22:00:00,85,11,0.7947,environmentally_unstable,inter_monsoon,cloudy_stable,36.0,70.57,143,199,267,283,0.7105,0.7283,0.2398,not_ready,False,3,True
BH-LAT-025-001,HIVE-025,ESP32-1025,2026-04-22T14:00:00,90,11,0.6262,late_stage_nearly_ready,dry,stable_clear,33.23,65.79,124,150,222,242,0.7344,0.073,0.6841,nearly_ready,False,0,False
BH-HIG-053-079,HIVE-053,ESP32-1053,2026-05-18T14:00:00,100,22,0.8927,high_gas_stress,inter_monsoon,humid_rain,31.83,79.82,182,210,282,306,0.8221,0.54,0.4452,approaching,False,3,True
BH-LAT-027-072,HIVE-027,ESP32-1027,2026-04-25T16:00:00,147,47,0.9318,late_stage_nearly_ready,inter_monsoon,stable_clear,31.58,70.52,155,143,209,297,0.9261,0.0193,0.8814,ready,False,0,False
BH-MID-014-067,HIVE-014,ESP32-1014,2026-04-15T02:00:00,87,27,0.6719,mid_stage_stable,inter_monsoon,humid_rain,28.57,68.95,139,123,180,258,0.6322,0.0,0.635,nearly_ready,False,0,False
BH-LAT-022-030,HIVE-022,ESP32-1022,2026-03-08T04:00:00,126,16,0.7086,late_stage_nearly_ready,dry,midday_heat,32.74,53.42,146,149,227,265,0.7833,0.0818,0.7234,nearly_ready,False,0,False
BH-LAT-030-008,HIVE-030,ESP32-1030,2026-04-17T12:00:00,127,16,0.9312,late_stage_ready,inter_monsoon,stable_clear,30.75,60.03,141,142,256,271,0.9975,0.0,0.9573,ready,False,0,False
BH-ENV-065-019,HIVE-065,ESP32-1065,2026-01-18T14:00:00,120,15,0.8076,environmentally_unstable,inter_monsoon,cloudy_stable,35.05,60.1,136,188,251,365,0.7325,0.6567,0.2994,not_ready,False,3,True
BH-LAT-029-024,HIVE-029,ESP32-1029,2026-02-24T00:00:00,99,21,0.6099,late_stage_nearly_ready,dry,midday_heat,33.27,56.41,150,140,221,267,0.7188,0.0973,0.656,nearly_ready,False,0,False
BH-MID-013-017,HIVE-013,ESP32-1013,2026-03-25T22:00:00,85,13,0.3169,mid_stage_stable,inter_monsoon,stable_clear,30.34,61.86,80,108,148,228,0.4174,0.0,0.4468,approaching,False,0,False
BH-ENV-062-046,HIVE-062,ESP32-1062,2026-03-29T16:00:00,92,20,0.8364,environmentally_unstable,inter_monsoon,stable_clear,35.31,59.47,115,158,223,252,0.7197,0.4651,0.455,approaching,False,1,False
BH-EAR-008-031,HIVE-008,ESP32-1008,2026-02-18T10:00:00,43,14,0.1487,early_stage_healthy,wet,storm_front,27.52,85.24,86,114,159,209,0.1636,0.0373,0.2023,not_ready,False,1,False
BH-HIG-053-026,HIVE-053,ESP32-1053,2026-05-05T08:00:00,92,11,0.7272,high_gas_stress,inter_monsoon,post_rain,31.82,79.17,180,213,265,312,0.718,0.4889,0.3824,approaching,False,3,True
BH-ENV-063-050,HIVE-063,ESP32-1063,2026-04-06T04:00:00,136,24,0.7488,environmentally_unstable,inter_monsoon,stable_clear,36.16,54.06,155,128,294,281,0.7427,0.7324,0.2681,not_ready,False,2,True
BH-LAT-026-088,HIVE-026,ESP32-1026,2026-03-31T12:00:00,142,48,0.9796,late_stage_nearly_ready,dry,stable_clear,31.52,63.93,154,135,238,260,0.9238,0.0002,0.8915,ready,False,0,False
BH-LAT-022-048,HIVE-022,ESP32-1022,2026-03-12T16:00:00,135,28,0.749,late_stage_nearly_ready,dry,cloudy_stable,31.53,60.49,144,152,234,254,0.859,0.0,0.8343,ready,False,0,False
BH-MID-010-066,HIVE-010,ESP32-1010,2026-02-19T00:00:00,113,43,0.7833,mid_stage_stable,inter_monsoon,post_rain,32.13,76.64,107,113,191,265,0.7021,0.0,0.6944,nearly_ready,False,0,False
BH-MID-012-035,HIVE-012,ESP32-1012,2026-01-31T06:00:00,90,28,0.6103,mid_stage_stable,dry,cloudy_stable,32.25,72.09,114,115,183,222,0.5803,0.0,0.5898,approaching,False,0,False
BH-HIG-058-030,HIVE-058,ESP32-1058,2026-01-23T16:00:00,93,19,0.9904,high_gas_stress,wet,post_rain,31.66,79.84,203,200,317,356,0.8921,0.6179,0.4622,approaching,False,4,True
BH-EAR-002-024,HIVE-002,ESP32-1002,2026-01-13T20:00:00,59,14,0.1308,early_stage_healthy,inter_monsoon,stable_clear,31.2,66.19,97,77,152,162,0.1633,0.0,0.2229,not_ready,False,0,False
BH-ENV-064-016,HIVE-064,ESP32-1064,2026-02-01T08:00:00,113,21,0.5807,environmentally_unstable,inter_monsoon,stable_clear,33.03,81.4,178,182,285,277,0.6293,0.5097,0.2926,not_ready,False,3,True
BH-LAT-020-051,HIVE-020,ESP32-1020,2026-02-04T14:00:00,113,27,0.8021,late_stage_nearly_ready,dry,stable_clear,33.35,64.2,121,151,211,250,0.8024,0.0807,0.7406,nearly_ready,False,0,False
BH-MID-018-040,HIVE-018,ESP32-1018,2026-03-25T08:00:00,82,28,0.417,mid_stage_stable,inter_monsoon,post_rain,30.97,70.72,112,116,191,231,0.4779,0.0,0.4983,approaching,False,0,False
BH-HIG-051-010,HIVE-051,ESP32-1051,2026-02-21T20:00:00,128,11,0.9965,high_humidity_fermentation_risk,inter_monsoon,cloudy_stable,32.3,90.67,133,170,220,292,0.9577,0.5946,0.5328,approaching,False,1,True
BH-MID-011-083,HIVE-011,ESP32-1011,2026-04-27T06:00:00,118,44,0.7719,mid_stage_stable,dry,stable_clear,33.36,64.2,119,92,189,255,0.7401,0.0369,0.7108,nearly_ready,False,0,False
BH-LAT-024-024,HIVE-024,ESP32-1024,2026-04-20T04:00:00,87,21,0.6734,late_stage_nearly_ready,dry,stable_clear,33.46,56.74,141,125,203,239,0.7135,0.0819,0.6625,nearly_ready,False,0,False
BH-LAT-037-055,HIVE-037,ESP32-1037,2026-04-15T02:00:00,157,34,0.9626,late_stage_ready,inter_monsoon,post_rain,30.96,64.24,164,189,253,297,1.0,0.0,0.9577,ready,False,1,False
BH-MID-017-073,HIVE-017,ESP32-1017,2026-03-11T02:00:00,111,36,0.6585,mid_stage_stable,inter_monsoon,stable_clear,32.39,65.05,118,100,194,231,0.62,0.0,0.6233,nearly_ready,False,0,False
BH-HIG-050-054,HIVE-050,ESP32-1050,2026-01-24T12:00:00,144,35,0.985,high_humidity_fermentation_risk,inter_monsoon,post_rain,30.22,89.48,152,177,223,316,0.9152,0.5571,0.5169,approaching,False,1,True
BH-LAT-040-074,HIVE-040,ESP32-1040,2026-03-19T12:00:00,155,45,0.9421,late_stage_overheated,dry,midday_heat,37.52,58.7,191,156,226,319,0.9921,0.7193,0.4941,approaching,False,2,True
BH-LAT-028-077,HIVE-028,ESP32-1028,2026-02-08T14:00:00,104,31,0.8625,late_stage_nearly_ready,inter_monsoon,post_rain,31.28,75.83,153,134,218,306,0.8212,0.0,0.8013,ready,False,0,False
BH-LAT-029-038,HIVE-029,ESP32-1029,2026-02-27T12:00:00,104,25,0.619,late_stage_nearly_ready,dry,stable_clear,32.26,58.28,140,138,217,260,0.7034,0.0,0.6979,nearly_ready,False,0,False
BH-MID-019-080,HIVE-019,ESP32-1019,2026-04-06T20:00:00,86,34,0.5347,mid_stage_stable,dry,cloudy_stable,30.27,67.78,85,116,183,267,0.5584,0.0,0.5689,approaching,False,0,False
BH-MID-014-060,HIVE-014,ESP32-1014,2026-04-13T08:00:00,86,25,0.6679,mid_stage_stable,inter_monsoon,stable_clear,30.24,65.4,127,110,158,235,0.619,0.0,0.6228,nearly_ready,False,0,False
BH-EAR-004-005,HIVE-004,ESP32-1004,2026-01-22T22:00:00,33,11,0.0918,early_stage_healthy,wet,humid_rain,27.37,81.63,96,83,129,213,0.1051,0.0,0.1714,not_ready,False,1,False
BH-LAT-024-012,HIVE-024,ESP32-1024,2026-04-17T04:00:00,83,9,0.661,late_stage_nearly_ready,dry,midday_heat,35.9,56.68,142,130,227,259,0.7296,0.4418,0.4157,approaching,False,1,True
BH-LAT-023-026,HIVE-023,ESP32-1023,2026-02-02T12:00:00,114,21,0.8255,late_stage_nearly_ready,inter_monsoon,stable_clear,30.02,66.86,158,109,234,304,0.8476,0.0247,0.8053,ready,False,0,False
BH-LAT-025-060,HIVE-025,ESP32-1025,2026-05-07T08:00:00,111,34,0.7121,late_stage_nearly_ready,dry,midday_heat,34.88,63.02,138,172,247,245,0.8192,0.2318,0.6727,nearly_ready,False,1,False
BH-ENV-062-051,HIVE-062,ESP32-1062,2026-03-30T22:00:00,94,21,0.8371,environmentally_unstable,inter_monsoon,stable_clear,36.3,57.92,150,188,256,287,0.7606,0.6823,0.3126,not_ready,False,2,True
BH-LAT-031-033,HIVE-031,ESP32-1031,2026-02-15T06:00:00,141,25,0.9629,late_stage_ready,dry,cloudy_stable,32.87,64.62,171,196,259,280,1.0,0.012,0.9519,ready,False,1,False
BH-MID-017-063,HIVE-017,ESP32-1017,2026-03-08T14:00:00,108,42,0.6224,mid_stage_stable,inter_monsoon,humid_rain,31.16,72.43,143,107,195,241,0.6093,0.0,0.6149,nearly_ready,False,0,False
BH-LAT-030-033,HIVE-030,ESP32-1030,2026-04-23T18:00:00,138,21,0.9822,late_stage_ready,inter_monsoon,stable_clear,31.0,61.31,151,145,251,281,1.0,0.0,0.9593,ready,False,0,False
BH-LAT-034-005,HIVE-034,ESP32-1034,2026-03-29T14:00:00,133,13,0.8213,late_stage_ready,dry,midday_heat,34.84,50.72,150,158,230,295,0.9064,0.242,0.7442,nearly_ready,False,1,False
BH-EAR-002-040,HIVE-002,ESP32-1002,2026-01-17T20:00:00,66,23,0.1879,early_stage_healthy,inter_monsoon,cloudy_stable,31.04,69.75,100,74,151,167,0.1894,0.0,0.2454,not_ready,False,0,False
BH-ENV-059-041,HIVE-059,ESP32-1059,2026-01-13T18:00:00,130,21,0.5235,environmentally_unstable,inter_monsoon,midday_heat,35.41,71.77,204,217,205,361,0.5914,0.7806,0.1017,not_ready,False,4,True
BH-LAT-034-071,HIVE-034,ESP32-1034,2026-04-15T02:00:00,143,25,0.9513,late_stage_ready,dry,stable_clear,33.3,54.65,147,158,209,297,1.0,0.0397,0.9372,ready,False,0,False
BH-ENV-061-080,HIVE-061,ESP32-1061,2026-01-27T00:00:00,135,26,0.8308,environmentally_unstable,dry,midday_heat,35.08,83.58,191,196,247,300,0.8022,0.7785,0.2963,not_ready,False,4,True
BH-MID-016-060,HIVE-016,ESP32-1016,2026-02-15T00:00:00,73,39,0.6615,mid_stage_stable,dry,stable_clear,31.96,67.3,129,104,187,219,0.6149,0.0,0.6207,nearly_ready,False,0,False
BH-ENV-062-066,HIVE-062,ESP32-1062,2026-04-03T16:00:00,98,27,0.8469,environmentally_unstable,inter_monsoon,humid_rain,34.51,67.34,119,172,222,258,0.7582,0.4054,0.522,approaching,False,1,False
BH-ENV-062-079,HIVE-062,ESP32-1062,2026-04-06T22:00:00,100,36,0.8758,environmentally_unstable,inter_monsoon,cloudy_stable,32.19,62.48,138,177,241,290,0.7622,0.233,0.6179,nearly_ready,False,0,False
BH-HIG-051-009,HIVE-051,ESP32-1051,2026-02-21T14:00:00,128,15,0.983,high_humidity_fermentation_risk,inter_monsoon,cloudy_stable,32.86,87.36,128,162,220,288,0.9572,0.4284,0.6837,nearly_ready,False,1,False
BH-LAT-026-042,HIVE-026,ESP32-1026,2026-03-20T00:00:00,124,30,0.9031,late_stage_nearly_ready,dry,midday_heat,32.76,62.57,159,140,253,269,0.8911,0.0146,0.8546,ready,False,0,False
BH-LAT-020-033,HIVE-020,ESP32-1020,2026-01-31T02:00:00,106,20,0.7381,late_stage_nearly_ready,dry,stable_clear,32.95,64.49,115,141,210,232,0.7913,0.0348,0.7568,nearly_ready,False,0,False
BH-LAT-023-035,HIVE-023,ESP32-1023,2026-02-04T18:00:00,117,17,0.8547,late_stage_nearly_ready,inter_monsoon,stable_clear,31.36,62.45,159,135,221,247,0.846,0.0,0.8239,ready,False,0,False
BH-LAT-031-055,HIVE-031,ESP32-1031,2026-02-20T18:00:00,149,27,0.988,late_stage_ready,dry,stable_clear,32.02,55.83,175,203,255,271,1.0,0.0154,0.9497,ready,False,1,False
BH-EAR-002-041,HIVE-002,ESP32-1002,2026-01-18T02:00:00,66,31,0.2257,early_stage_healthy,inter_monsoon,stable_clear,32.18,67.83,91,79,154,156,0.2301,0.0,0.2789,not_ready,False,0,False
BH-LAT-021-033,HIVE-021,ESP32-1021,2026-01-15T18:00:00,95,25,0.6912,late_stage_nearly_ready,inter_monsoon,post_rain,29.66,73.22,141,126,230,284,0.7774,0.0,0.7633,nearly_ready,False,0,False
BH-LAT-023-001,HIVE-023,ESP32-1023,2026-01-27T06:00:00,108,13,0.7912,late_stage_nearly_ready,inter_monsoon,humid_rain,29.75,69.56,156,134,230,257,0.8094,0.0064,0.7864,nearly_ready,False,0,False
BH-ENV-064-058,HIVE-064,ESP32-1064,2026-02-11T20:00:00,133,36,0.706,environmentally_unstable,inter_monsoon,midday_heat,33.74,81.44,187,207,302,292,0.7055,0.625,0.2952,not_ready,False,5,True
BH-HIG-053-007,HIVE-053,ESP32-1053,2026-04-30T14:00:00,90,15,0.6879,high_gas_stress,inter_monsoon,stable_clear,32.44,73.94,163,187,259,291,0.7402,0.281,0.5759,approaching,False,1,False
BH-LAT-037-026,HIVE-037,ESP32-1037,2026-04-07T20:00:00,142,25,0.8707,late_stage_ready,inter_monsoon,stable_clear,30.81,65.0,162,185,256,293,0.9758,0.0,0.9382,ready,False,1,False
BH-LAT-021-057,HIVE-021,ESP32-1021,2026-01-21T18:00:00,106,27,0.7567,late_stage_nearly_ready,inter_monsoon,stable_clear,30.4,69.82,127,117,228,271,0.8145,0.0,0.7955,nearly_ready,False,0,False
BH-HIG-050-081,HIVE-050,ESP32-1050,2026-01-31T06:00:00,152,42,0.9932,high_humidity_fermentation_risk,inter_monsoon,post_rain,30.51,86.42,170,181,225,306,0.9832,0.409,0.7192,nearly_ready,False,2,False
BH-ENV-063-043,HIVE-063,ESP32-1063,2026-04-04T10:00:00,133,26,0.7537,environmentally_unstable,inter_monsoon,post_rain,33.81,72.33,155,146,298,309,0.7411,0.3992,0.51,approaching,False,2,False
BH-EAR-003-004,HIVE-003,ESP32-1003,2026-03-13T00:00:00,40,16,0.1557,early_stage_healthy,wet,post_rain,27.74,76.75,105,79,142,187,0.1361,0.0,0.1989,not_ready,False,0,False
BH-EAR-006-062,HIVE-006,ESP32-1006,2026-02-24T12:00:00,35,21,0.3791,early_stage_healthy,wet,humid_rain,28.47,77.8,90,87,125,222,0.2309,0.0,0.2825,not_ready,False,0,False
BH-EAR-008-040,HIVE-008,ESP32-1008,2026-02-20T16:00:00,45,14,0.1804,early_stage_healthy,wet,humid_rain,28.56,85.07,86,122,160,197,0.1502,0.0786,0.1674,not_ready,False,1,False
BH-EAR-009-072,HIVE-009,ESP32-1009,2026-02-27T20:00:00,61,46,0.5079,early_stage_healthy,wet,post_rain,29.11,74.3,79,115,168,193,0.3804,0.0,0.4138,approaching,False,0,False
BH-LAT-031-075,HIVE-031,ESP32-1031,2026-02-25T18:00:00,153,37,1.0,late_stage_ready,dry,stable_clear,31.4,59.55,157,182,248,263,1.0,0.0,0.9591,ready,False,1,False
BH-LAT-021-036,HIVE-021,ESP32-1021,2026-01-16T12:00:00,96,18,0.6871,late_stage_nearly_ready,inter_monsoon,stable_clear,30.21,69.93,136,119,229,280,0.7296,0.0047,0.7165,nearly_ready,False,0,False
BH-EAR-006-011,HIVE-006,ESP32-1006,2026-02-11T18:00:00,20,6,0.1814,early_stage_healthy,wet,storm_front,27.81,78.01,90,96,118,215,0.1114,0.0,0.1772,not_ready,False,0,False
BH-MID-016-031,HIVE-016,ESP32-1016,2026-02-07T18:00:00,58,20,0.5708,mid_stage_stable,dry,stable_clear,32.38,67.85,120,101,188,214,0.5332,0.0,0.5482,approaching,False,0,False
BH-LAT-037-058,HIVE-037,ESP32-1037,2026-04-15T20:00:00,158,37,0.9697,late_stage_ready,inter_monsoon,post_rain,30.07,66.61,166,186,251,305,1.0,0.0,0.9594,ready,False,1,False
BH-LAT-022-049,HIVE-022,ESP32-1022,2026-03-12T22:00:00,135,35,0.7399,late_stage_nearly_ready,dry,cloudy_stable,31.24,59.87,145,153,239,255,0.8131,0.0,0.7946,nearly_ready,False,0,False
BH-MID-010-041,HIVE-010,ESP32-1010,2026-02-12T18:00:00,100,30,0.6568,mid_stage_stable,inter_monsoon,stable_clear,31.93,73.72,99,110,178,256,0.5993,0.0,0.6053,nearly_ready,False,0,False
BH-HIG-045-005,HIVE-045,ESP32-1045,2026-01-14T10:00:00,98,12,0.8171,high_humidity_fermentation_risk,inter_monsoon,stable_clear,32.12,91.72,136,142,227,296,0.7598,0.5633,0.3737,approaching,False,1,True
BH-EAR-004-045,HIVE-004,ESP32-1004,2026-02-01T22:00:00,52,32,0.2459,early_stage_healthy,wet,humid_rain,27.56,81.42,101,92,130,211,0.2213,0.0131,0.266,not_ready,False,1,False
BH-LAT-022-086,HIVE-022,ESP32-1022,2026-03-22T04:00:00,149,42,0.8513,late_stage_nearly_ready,dry,stable_clear,31.54,54.59,146,145,212,260,0.8966,0.0,0.8682,ready,False,0,False
BH-LAT-027-029,HIVE-027,ESP32-1027,2026-04-14T22:00:00,124,22,0.7976,late_stage_nearly_ready,inter_monsoon,post_rain,30.54,75.33,150,152,208,281,0.8192,0.0082,0.7953,nearly_ready,False,0,False
BH-ENV-066-087,HIVE-066,ESP32-1066,2026-03-08T18:00:00,128,26,0.9131,environmentally_unstable,wet,cloudy_stable,28.9,69.04,207,163,279,260,0.8403,0.288,0.6592,nearly_ready,False,2,False
BH-LAT-020-024,HIVE-020,ESP32-1020,2026-01-28T20:00:00,103,17,0.7271,late_stage_nearly_ready,dry,stable_clear,32.97,62.57,123,142,209,242,0.7897,0.0138,0.7659,nearly_ready,False,0,False
BH-ENV-064-046,HIVE-064,ESP32-1064,2026-02-08T20:00:00,127,25,0.6422,environmentally_unstable,inter_monsoon,storm_front,31.78,87.05,192,197,310,309,0.6844,0.6559,0.2561,not_ready,False,4,True
BH-EAR-001-001,HIVE-001,ESP32-1001,2026-01-28T10:00:00,39,13,0.2219,early_stage_healthy,wet,cloudy_stable,29.39,71.16,78,105,149,188,0.197,0.0,0.2518,not_ready,False,0,False
BH-LAT-023-086,HIVE-023,ESP32-1023,2026-02-17T12:00:00,136,36,0.9984,late_stage_nearly_ready,inter_monsoon,post_rain,32.06,68.24,181,151,250,279,0.977,0.0282,0.9229,ready,False,1,False
BH-LAT-036-046,HIVE-036,ESP32-1036,2026-04-08T04:00:00,124,22,0.9475,late_stage_ready,dry,midday_heat,32.92,49.82,175,156,249,278,0.9587,0.1227,0.8554,ready,False,0,False
BH-LAT-032-080,HIVE-032,ESP32-1032,2026-04-04T16:00:00,127,36,0.985,late_stage_ready,inter_monsoon,humid_rain,29.58,68.47,179,148,260,294,0.9745,0.0,0.936,ready,False,0,False
BH-LAT-026-065,HIVE-026,ESP32-1026,2026-03-25T18:00:00,135,38,0.9656,late_stage_nearly_ready,dry,midday_heat,32.52,64.15,150,138,233,269,0.93,0.0,0.8975,ready,False,0,False
BH-LAT-020-008,HIVE-020,ESP32-1020,2026-01-24T20:00:00,100,16,0.6871,late_stage_nearly_ready,dry,stable_clear,33.45,64.24,121,144,198,240,0.739,0.0761,0.6872,nearly_ready,False,0,False
BH-LAT-028-090,HIVE-028,ESP32-1028,2026-02-11T20:00:00,105,39,0.8797,late_stage_nearly_ready,inter_monsoon,stable_clear,30.68,68.48,136,119,207,268,0.8597,0.011,0.8294,ready,False,0,False
BH-LAT-032-012,HIVE-032,ESP32-1032,2026-03-18T16:00:00,108,19,0.8771,late_stage_ready,inter_monsoon,stable_clear,30.76,60.91,161,140,233,264,0.9575,0.0,0.922,ready,False,0,False
BH-LAT-033-013,HIVE-033,ESP32-1033,2026-01-20T22:00:00,117,19,0.953,late_stage_ready,inter_monsoon,stable_clear,32.32,64.32,165,149,225,274,0.9852,0.0,0.9464,ready,False,0,False
BH-ENV-064-032,HIVE-064,ESP32-1064,2026-02-05T08:00:00,119,27,0.6182,environmentally_unstable,inter_monsoon,stable_clear,33.27,82.66,187,200,295,281,0.6538,0.5996,0.2621,not_ready,False,4,True
BH-LAT-031-020,HIVE-031,ESP32-1031,2026-02-12T00:00:00,137,14,0.9734,late_stage_ready,dry,stable_clear,31.81,59.87,157,177,243,268,1.0,0.0,0.9594,ready,False,0,False
BH-MID-010-030,HIVE-010,ESP32-1010,2026-02-10T00:00:00,94,19,0.6241,mid_stage_stable,inter_monsoon,post_rain,30.76,74.12,92,111,192,258,0.6271,0.0,0.6306,nearly_ready,False,0,False
BH-LAT-024-045,HIVE-024,ESP32-1024,2026-04-25T10:00:00,96,24,0.6994,late_stage_nearly_ready,dry,stable_clear,33.78,56.57,135,125,211,252,0.7397,0.1195,0.6645,nearly_ready,False,1,False
BH-EAR-003-060,HIVE-003,ESP32-1003,2026-03-27T00:00:00,71,47,0.3414,early_stage_healthy,wet,storm_front,28.68,79.59,126,93,167,193,0.2523,0.0,0.3007,not_ready,False,0,False
BH-LAT-028-073,HIVE-028,ESP32-1028,2026-02-07T14:00:00,103,38,0.8576,late_stage_nearly_ready,inter_monsoon,post_rain,30.13,73.96,137,130,215,292,0.8577,0.0,0.8332,ready,False,0,False
BH-LAT-043-037,HIVE-043,ESP32-1043,2026-05-10T02:00:00,143,16,0.8418,late_stage_overheated,dry,midday_heat,36.49,60.8,144,208,295,347,0.8973,0.7975,0.3704,approaching,False,4,True
BH-EAR-002-028,HIVE-002,ESP32-1002,2026-01-14T20:00:00,60,18,0.1666,early_stage_healthy,inter_monsoon,cloudy_stable,31.25,67.97,89,80,152,163,0.1768,0.0,0.2351,not_ready,False,0,False
BH-LAT-025-064,HIVE-025,ESP32-1025,2026-05-08T08:00:00,113,33,0.7331,late_stage_nearly_ready,dry,stable_clear,33.98,63.96,133,159,230,256,0.7958,0.109,0.7199,nearly_ready,False,1,False
BH-EAR-001-062,HIVE-001,ESP32-1001,2026-02-12T16:00:00,64,40,0.3554,early_stage_healthy,wet,post_rain,28.47,74.17,85,116,165,205,0.2795,0.0,0.3245,not_ready,False,0,False
BH-HIG-056-036,HIVE-056,ESP32-1056,2026-05-01T12:00:00,116,24,0.9172,high_gas_stress,inter_monsoon,stable_clear,32.82,73.26,228,241,303,379,0.8817,0.6729,0.4234,approaching,False,4,True
BH-LAT-027-030,HIVE-027,ESP32-1027,2026-04-15T04:00:00,125,18,0.8285,late_stage_nearly_ready,inter_monsoon,post_rain,30.55,74.93,150,150,209,289,0.8492,0.0,0.827,ready,False,0,False
BH-ENV-063-066,HIVE-063,ESP32-1063,2026-04-10T04:00:00,142,37,0.8127,environmentally_unstable,inter_monsoon,storm_front,32.38,66.41,131,125,290,277,0.8031,0.2285,0.6595,nearly_ready,False,1,False
BH-LAT-042-024,HIVE-042,ESP32-1042,2026-03-05T04:00:00,138,15,0.9383,late_stage_overheated,dry,cloudy_stable,38.14,73.3,140,184,253,299,0.9714,0.6773,0.5,approaching,False,2,True
BH-EAR-003-066,HIVE-003,ESP32-1003,2026-03-28T12:00:00,73,49,0.3759,early_stage_healthy,wet,humid_rain,27.51,79.48,122,93,156,196,0.297,0.0,0.3394,not_ready,False,0,False
BH-LAT-031-072,HIVE-031,ESP32-1031,2026-02-25T00:00:00,153,30,0.9993,late_stage_ready,dry,cloudy_stable,31.12,61.47,155,180,244,275,1.0,0.0,0.9589,ready,False,1,False
BH-EAR-009-052,HIVE-009,ESP32-1009,2026-02-22T20:00:00,53,35,0.4321,early_stage_healthy,wet,post_rain,28.42,74.76,73,110,181,193,0.2689,0.0,0.3159,not_ready,False,0,False
BH-EAR-005-008,HIVE-005,ESP32-1005,2026-04-26T00:00:00,54,9,0.1804,early_stage_healthy,inter_monsoon,cloudy_stable,28.95,71.44,49,72,112,196,0.1917,0.0,0.2484,not_ready,False,0,False
BH-LAT-028-040,HIVE-028,ESP32-1028,2026-01-30T08:00:00,92,25,0.7704,late_stage_nearly_ready,inter_monsoon,stable_clear,31.37,68.95,131,124,217,268,0.7901,0.015,0.7654,nearly_ready,False,0,False
BH-LAT-031-077,HIVE-031,ESP32-1031,2026-02-26T06:00:00,154,29,0.9799,late_stage_ready,dry,stable_clear,31.31,61.52,158,175,246,260,1.0,0.0,0.959,ready,False,0,False
BH-LAT-022-007,HIVE-022,ESP32-1022,2026-03-02T10:00:00,119,18,0.6469,late_stage_nearly_ready,dry,midday_heat,32.6,52.54,148,155,224,259,0.7821,0.0665,0.7307,nearly_ready,False,0,False
BH-EAR-008-047,HIVE-008,ESP32-1008,2026-02-22T10:00:00,46,19,0.1743,early_stage_healthy,wet,post_rain,28.63,84.94,82,118,169,196,0.1242,0.0575,0.1564,not_ready,False,1,False
BH-LAT-037-057,HIVE-037,ESP32-1037,2026-04-15T14:00:00,158,35,0.962,late_stage_ready,inter_monsoon,post_rain,29.91,66.84,167,181,252,306,1.0,0.0,0.9588,ready,False,1,False
BH-HIG-046-062,HIVE-046,ESP32-1046,2026-03-01T08:00:00,142,23,0.9616,high_humidity_fermentation_risk,wet,humid_rain,28.0,94.32,161,155,245,279,0.9648,0.6374,0.5173,approaching,False,1,True
BH-HIG-051-047,HIVE-051,ESP32-1051,2026-03-03T02:00:00,145,27,0.992,high_humidity_fermentation_risk,inter_monsoon,stable_clear,32.56,80.94,121,166,217,252,0.9323,0.3177,0.7216,nearly_ready,False,1,False
BH-EAR-006-061,HIVE-006,ESP32-1006,2026-02-24T06:00:00,35,21,0.3918,early_stage_healthy,wet,post_rain,28.3,77.34,94,89,124,219,0.2217,0.0,0.2743,not_ready,False,0,False
BH-EAR-001-042,HIVE-001,ESP32-1001,2026-02-07T16:00:00,54,29,0.333,early_stage_healthy,wet,storm_front,27.84,76.7,97,117,169,205,0.2595,0.0,0.307,not_ready,False,0,False
BH-LAT-039-002,HIVE-039,ESP32-1039,2026-02-05T12:00:00,114,8,0.7994,late_stage_overheated,dry,midday_heat,37.27,61.85,152,192,234,264,0.8586,0.6583,0.4111,approaching,False,2,True
BH-ENV-065-023,HIVE-065,ESP32-1065,2026-01-19T14:00:00,121,14,0.8447,environmentally_unstable,inter_monsoon,humid_rain,32.93,68.77,148,201,265,366,0.765,0.4644,0.4367,approaching,False,3,True
BH-MID-015-062,HIVE-015,ESP32-1015,2026-04-23T16:00:00,90,36,0.5789,mid_stage_stable,dry,midday_heat,33.7,57.07,123,110,185,236,0.5673,0.0886,0.5293,approaching,False,1,False
BH-LAT-033-028,HIVE-033,ESP32-1033,2026-01-24T16:00:00,122,16,0.9333,late_stage_ready,inter_monsoon,post_rain,30.97,70.42,169,148,248,274,1.0,0.0,0.9594,ready,False,0,False
BH-MID-011-076,HIVE-011,ESP32-1011,2026-04-25T12:00:00,117,46,0.7931,mid_stage_stable,dry,stable_clear,33.53,63.71,117,85,175,261,0.6846,0.0757,0.6401,nearly_ready,False,1,False
BH-MID-011-081,HIVE-011,ESP32-1011,2026-04-26T18:00:00,118,48,0.7802,mid_stage_stable,dry,stable_clear,33.54,63.92,118,90,189,256,0.732,0.088,0.6734,nearly_ready,False,1,False
BH-LAT-024-091,HIVE-024,ESP32-1024,2026-05-06T22:00:00,111,39,0.8011,late_stage_nearly_ready,dry,midday_heat,33.85,55.94,153,129,237,250,0.842,0.1127,0.7562,nearly_ready,False,1,False
BH-LAT-025-042,HIVE-025,ESP32-1025,2026-05-02T20:00:00,103,24,0.7015,late_stage_nearly_ready,dry,stable_clear,32.73,63.7,127,141,256,237,0.768,0.047,0.7284,nearly_ready,False,0,False
BH-LAT-031-021,HIVE-031,ESP32-1031,2026-02-12T06:00:00,137,15,0.9634,late_stage_ready,dry,cloudy_stable,31.01,60.94,153,180,243,271,1.0,0.0,0.9577,ready,False,0,False
BH-EAR-005-044,HIVE-005,ESP32-1005,2026-05-05T00:00:00,71,32,0.2725,early_stage_healthy,inter_monsoon,cloudy_stable,28.83,71.84,50,68,113,188,0.2265,0.0,0.2787,not_ready,False,0,False
BH-EAR-008-063,HIVE-008,ESP32-1008,2026-02-26T10:00:00,49,19,0.2057,early_stage_healthy,wet,humid_rain,27.77,84.86,86,115,168,226,0.1771,0.0448,0.2106,not_ready,False,1,False
BH-MID-017-066,HIVE-017,ESP32-1017,2026-03-09T08:00:00,109,35,0.6633,mid_stage_stable,inter_monsoon,cloudy_stable,32.4,68.61,147,109,208,242,0.6052,0.0,0.6109,nearly_ready,False,0,False
BH-LAT-040-019,HIVE-040,ESP32-1040,2026-03-05T18:00:00,128,17,0.7917,late_stage_overheated,dry,midday_heat,37.95,58.82,181,146,229,320,0.8648,0.6982,0.3957,approaching,False,3,True
BH-HIG-057-016,HIVE-057,ESP32-1057,2026-03-19T16:00:00,97,10,0.8121,high_gas_stress,wet,post_rain,31.29,77.83,227,202,297,375,0.7656,0.556,0.3854,approaching,False,4,True
BH-ENV-061-054,HIVE-061,ESP32-1061,2026-01-20T12:00:00,129,26,0.7721,environmentally_unstable,dry,stable_clear,31.86,79.54,184,181,239,266,0.7682,0.2608,0.6105,nearly_ready,False,2,False
BH-ENV-062-041,HIVE-062,ESP32-1062,2026-03-28T10:00:00,90,25,0.8187,environmentally_unstable,inter_monsoon,midday_heat,35.79,67.58,144,191,260,296,0.7227,0.667,0.2871,not_ready,False,3,True
BH-LAT-020-087,HIVE-020,ESP32-1020,2026-02-13T14:00:00,123,34,0.8578,late_stage_nearly_ready,dry,stable_clear,34.19,62.88,129,148,219,253,0.8908,0.1621,0.7741,nearly_ready,False,1,False
BH-MID-016-007,HIVE-016,ESP32-1016,2026-02-01T18:00:00,50,18,0.5011,mid_stage_stable,dry,stable_clear,32.45,67.22,125,108,173,207,0.4668,0.0,0.4903,approaching,False,0,False
BH-ENV-062-049,HIVE-062,ESP32-1062,2026-03-30T10:00:00,93,19,0.8466,environmentally_unstable,inter_monsoon,stable_clear,35.9,58.36,132,179,255,278,0.7272,0.6371,0.3056,not_ready,False,1,True
BH-EAR-002-046,HIVE-002,ESP32-1002,2026-01-19T08:00:00,69,28,0.2298,early_stage_healthy,inter_monsoon,humid_rain,30.66,73.54,96,77,159,172,0.206,0.0,0.2602,not_ready,False,0,False
BH-MID-018-020,HIVE-018,ESP32-1018,2026-03-20T08:00:00,74,12,0.3189,mid_stage_stable,inter_monsoon,stable_clear,31.89,67.03,95,104,175,220,0.4459,0.0,0.4707,approaching,False,0,False
BH-LAT-028-032,HIVE-028,ESP32-1028,2026-01-28T08:00:00,89,23,0.7527,late_stage_nearly_ready,inter_monsoon,post_rain,30.32,76.95,137,128,224,295,0.7853,0.0164,0.7611,nearly_ready,False,0,False
BH-HIG-050-043,HIVE-050,ESP32-1050,2026-01-21T18:00:00,139,32,0.9809,high_humidity_fermentation_risk,inter_monsoon,humid_rain,29.08,93.39,179,168,233,289,0.9213,0.635,0.4803,approaching,False,1,True
BH-EAR-004-024,HIVE-004,ESP32-1004,2026-01-27T16:00:00,40,25,0.1595,early_stage_healthy,wet,humid_rain,27.7,82.49,102,91,126,202,0.1723,0.0185,0.2202,not_ready,False,1,False
BH-LAT-037-027,HIVE-037,ESP32-1037,2026-04-08T02:00:00,142,19,0.8671,late_stage_ready,inter_monsoon,stable_clear,30.85,63.86,164,190,253,294,0.9492,0.0,0.9145,ready,False,1,False
BH-LAT-041-079,HIVE-041,ESP32-1041,2026-04-06T10:00:00,139,35,1.0,late_stage_overheated,dry,stable_clear,37.07,71.22,138,178,255,268,0.9827,0.676,0.5111,approaching,False,1,True
BH-LAT-024-021,HIVE-024,ESP32-1024,2026-04-19T10:00:00,86,22,0.6548,late_stage_nearly_ready,dry,stable_clear,34.24,57.56,142,121,212,252,0.7229,0.1473,0.6334,nearly_ready,False,1,False
BH-LAT-028-079,HIVE-028,ESP32-1028,2026-02-09T02:00:00,104,30,0.8702,late_stage_nearly_ready,inter_monsoon,post_rain,32.19,74.7,146,133,226,302,0.8515,0.0,0.8285,ready,False,0,False
BH-LAT-021-048,HIVE-021,ESP32-1021,2026-01-19T12:00:00,102,29,0.7355,late_stage_nearly_ready,inter_monsoon,humid_rain,29.77,73.07,147,123,246,280,0.7799,0.0,0.7657,nearly_ready,False,0,False
BH-HIG-053-004,HIVE-053,ESP32-1053,2026-04-29T20:00:00,90,13,0.68,high_gas_stress,inter_monsoon,post_rain,32.18,77.78,173,204,266,302,0.7199,0.3218,0.5362,approaching,False,2,False
BH-ENV-060-023,HIVE-060,ESP32-1060,2026-04-17T06:00:00,124,19,0.5623,environmentally_unstable,inter_monsoon,stable_clear,32.97,81.41,189,120,280,272,0.6297,0.5248,0.2838,not_ready,False,3,True
BH-ENV-061-039,HIVE-061,ESP32-1061,2026-01-16T18:00:00,125,20,0.7602,environmentally_unstable,dry,midday_heat,33.66,77.66,174,170,225,264,0.7199,0.3402,0.5247,approaching,False,1,False
BH-LAT-023-022,HIVE-023,ESP32-1023,2026-02-01T12:00:00,112,14,0.8181,late_stage_nearly_ready,inter_monsoon,stable_clear,30.8,60.83,145,130,216,234,0.8315,0.0,0.8106,ready,False,0,False
BH-ENV-064-052,HIVE-064,ESP32-1064,2026-02-10T08:00:00,130,31,0.6515,environmentally_unstable,inter_monsoon,humid_rain,29.93,86.64,185,210,293,296,0.6639,0.6391,0.2489,not_ready,False,4,True
BH-ENV-061-065,HIVE-061,ESP32-1061,2026-01-23T06:00:00,133,26,0.8111,environmentally_unstable,dry,midday_heat,35.6,86.47,216,218,264,312,0.7691,0.9282,0.1792,not_ready,False,5,True
BH-EAR-003-016,HIVE-003,ESP32-1003,2026-03-16T00:00:00,44,15,0.1773,early_stage_healthy,wet,cloudy_stable,27.82,73.26,103,78,141,159,0.1648,0.0,0.2242,not_ready,False,0,False
BH-EAR-004-027,HIVE-004,ESP32-1004,2026-01-28T10:00:00,42,27,0.1627,early_stage_healthy,wet,humid_rain,27.93,82.66,95,100,133,214,0.1361,0.0073,0.1953,not_ready,False,1,False
BH-LAT-023-040,HIVE-023,ESP32-1023,2026-02-06T00:00:00,119,25,0.8844,late_stage_nearly_ready,inter_monsoon,stable_clear,31.72,63.3,163,138,236,249,0.9099,0.0,0.8799,ready,False,0,False
BH-HIG-045-012,HIVE-045,ESP32-1045,2026-01-16T04:00:00,100,13,0.8429,high_humidity_fermentation_risk,inter_monsoon,post_rain,31.54,94.66,129,131,206,301,0.8267,0.6104,0.4103,approaching,False,1,True
BH-ENV-059-003,HIVE-059,ESP32-1059,2026-01-04T06:00:00,121,15,0.4033,environmentally_unstable,inter_monsoon,stable_clear,32.28,83.95,188,183,189,341,0.5761,0.5309,0.2321,not_ready,False,4,True
BH-LAT-039-008,HIVE-039,ESP32-1039,2026-02-07T00:00:00,115,10,0.7946,late_stage_overheated,dry,stable_clear,37.12,60.9,153,186,246,279,0.8589,0.6545,0.4134,approaching,False,2,True
BH-LAT-032-044,HIVE-032,ESP32-1032,2026-03-26T16:00:00,118,28,0.939,late_stage_ready,inter_monsoon,stable_clear,30.35,59.84,175,139,256,277,0.9837,0.0,0.9445,ready,False,0,False
BH-LAT-026-086,HIVE-026,ESP32-1026,2026-03-31T00:00:00,142,50,0.9855,late_stage_nearly_ready,dry,midday_heat,32.25,62.53,152,145,240,267,0.9535,0.0184,0.9074,ready,False,0,False
BH-LAT-031-079,HIVE-031,ESP32-1031,2026-02-26T18:00:00,154,34,1.0,late_stage_ready,dry,stable_clear,31.8,60.48,169,175,252,260,1.0,0.0,0.9593,ready,False,0,False
BH-EAR-002-023,HIVE-002,ESP32-1002,2026-01-13T14:00:00,58,13,0.1555,early_stage_healthy,inter_monsoon,stable_clear,30.91,66.3,98,80,152,175,0.164,0.0,0.223,not_ready,False,0,False
BH-LAT-036-034,HIVE-036,ESP32-1036,2026-04-05T04:00:00,120,21,0.891,late_stage_ready,dry,midday_heat,34.18,48.79,183,143,256,284,0.9841,0.2718,0.7958,nearly_ready,False,2,False
BH-MID-014-030,HIVE-014,ESP32-1014,2026-04-05T20:00:00,77,17,0.5807,mid_stage_stable,inter_monsoon,stable_clear,30.28,63.21,123,112,160,244,0.5471,0.0,0.5611,approaching,False,0,False
BH-LAT-031-066,HIVE-031,ESP32-1031,2026-02-23T12:00:00,152,29,1.0,late_stage_ready,dry,stable_clear,31.58,60.64,158,182,258,287,1.0,0.0,0.9591,ready,False,1,False
BH-LAT-021-012,HIVE-021,ESP32-1021,2026-01-10T12:00:00,88,11,0.6169,late_stage_nearly_ready,inter_monsoon,stable_clear,30.0,67.02,129,113,214,266,0.7293,0.0,0.7212,nearly_ready,False,0,False
BH-EAR-007-068,HIVE-007,ESP32-1007,2026-03-27T12:00:00,55,29,0.5656,early_stage_healthy,inter_monsoon,humid_rain,28.47,76.01,89,86,145,237,0.3763,0.0,0.4094,approaching,False,0,False
BH-LAT-036-000,HIVE-036,ESP32-1036,2026-03-27T16:00:00,113,15,0.816,late_stage_ready,dry,cloudy_stable,31.21,54.68,159,124,228,249,0.935,0.0,0.9009,ready,False,0,False
BH-MID-010-060,HIVE-010,ESP32-1010,2026-02-17T12:00:00,110,37,0.7594,mid_stage_stable,inter_monsoon,stable_clear,32.06,70.45,98,113,179,270,0.6584,0.0,0.6584,nearly_ready,False,0,False
BH-ENV-065-018,HIVE-065,ESP32-1065,2026-01-18T08:00:00,119,17,0.8384,environmentally_unstable,inter_monsoon,midday_heat,36.66,59.7,142,201,259,379,0.7893,0.7387,0.3076,not_ready,False,3,True
BH-LAT-027-021,HIVE-027,ESP32-1027,2026-04-12T22:00:00,121,17,0.7924,late_stage_nearly_ready,inter_monsoon,cloudy_stable,30.84,70.55,145,139,197,274,0.8414,0.0013,0.8184,ready,False,0,False
BH-EAR-007-005,HIVE-007,ESP32-1007,2026-03-11T18:00:00,42,17,0.3178,early_stage_healthy,inter_monsoon,stable_clear,29.62,68.84,67,72,141,206,0.1957,0.0,0.2512,not_ready,False,0,False
BH-LAT-036-061,HIVE-036,ESP32-1036,2026-04-11T22:00:00,129,31,0.9895,late_stage_ready,dry,midday_heat,34.14,48.84,175,145,254,288,1.0,0.2645,0.8131,ready,False,1,False
BH-MID-015-033,HIVE-015,ESP32-1015,2026-04-16T10:00:00,75,28,0.545,mid_stage_stable,dry,midday_heat,34.11,61.89,133,110,180,234,0.5085,0.1177,0.4593,approaching,False,1,False
BH-HIG-049-039,HIVE-049,ESP32-1049,2026-05-06T22:00:00,96,16,0.9184,high_humidity_fermentation_risk,wet,humid_rain,30.29,93.97,162,192,281,349,0.8772,0.7505,0.378,approaching,False,4,True
BH-LAT-021-037,HIVE-021,ESP32-1021,2026-01-16T18:00:00,97,20,0.6813,late_stage_nearly_ready,inter_monsoon,stable_clear,30.16,68.9,139,112,229,275,0.7766,0.0,0.7625,nearly_ready,False,0,False
BH-LAT-025-027,HIVE-025,ESP32-1025,2026-04-29T02:00:00,96,14,0.6627,late_stage_nearly_ready,dry,midday_heat,35.47,61.86,141,170,243,268,0.7362,0.2836,0.5709,approaching,False,1,False
BH-EAR-006-078,HIVE-006,ESP32-1006,2026-02-28T12:00:00,37,23,0.4132,early_stage_healthy,wet,storm_front,28.5,76.5,109,104,136,209,0.2755,0.0,0.3206,not_ready,False,0,False
BH-HIG-051-001,HIVE-051,ESP32-1051,2026-02-19T14:00:00,127,15,0.9779,high_humidity_fermentation_risk,inter_monsoon,humid_rain,32.43,93.12,144,183,235,280,0.9417,0.6339,0.4964,approaching,False,2,True
BH-LAT-028-043,HIVE-028,ESP32-1028,2026-01-31T02:00:00,93,26,0.7789,late_stage_nearly_ready,inter_monsoon,stable_clear,31.22,66.11,137,124,217,282,0.7726,0.0082,0.7548,nearly_ready,False,0,False
BH-EAR-004-011,HIVE-004,ESP32-1004,2026-01-24T10:00:00,35,19,0.1147,early_stage_healthy,wet,humid_rain,27.97,81.93,93,86,121,211,0.1204,0.0,0.1855,not_ready,False,1,False
BH-LAT-024-002,HIVE-024,ESP32-1024,2026-04-14T16:00:00,82,9,0.6276,late_stage_nearly_ready,dry,midday_heat,34.55,55.01,146,123,213,250,0.7076,0.2058,0.5871,approaching,False,1,False
BH-LAT-027-008,HIVE-027,ESP32-1027,2026-04-09T16:00:00,117,11,0.7881,late_stage_nearly_ready,inter_monsoon,humid_rain,30.42,74.95,158,148,204,293,0.8434,0.0,0.8212,ready,False,0,False
BH-LAT-028-023,HIVE-028,ESP32-1028,2026-01-26T02:00:00,87,21,0.7428,late_stage_nearly_ready,inter_monsoon,stable_clear,31.11,68.04,135,122,209,273,0.7562,0.0074,0.7407,nearly_ready,False,0,False
BH-LAT-021-053,HIVE-021,ESP32-1021,2026-01-20T18:00:00,104,31,0.7321,late_stage_nearly_ready,inter_monsoon,cloudy_stable,29.98,66.83,147,130,244,283,0.8073,0.0,0.7897,nearly_ready,False,0,False
BH-HIG-056-009,HIVE-056,ESP32-1056,2026-04-24T18:00:00,110,13,0.8857,high_gas_stress,inter_monsoon,cloudy_stable,31.48,75.77,204,227,270,354,0.8136,0.539,0.437,approaching,False,4,True
BH-HIG-057-053,HIVE-057,ESP32-1057,2026-03-28T22:00:00,112,29,0.9624,high_gas_stress,wet,humid_rain,31.31,76.96,227,196,305,380,0.872,0.5758,0.4676,approaching,False,4,True
BH-LAT-022-091,HIVE-022,ESP32-1022,2026-03-23T10:00:00,149,48,0.8538,late_stage_nearly_ready,dry,stable_clear,31.47,55.78,139,137,219,251,0.8948,0.0119,0.8606,ready,False,0,False
BH-LAT-034-046,HIVE-034,ESP32-1034,2026-04-08T20:00:00,139,21,0.9112,late_stage_ready,dry,stable_clear,33.48,52.82,143,150,217,302,0.9605,0.0586,0.8927,ready,False,0,False
BH-LAT-043-064,HIVE-043,ESP32-1043,2026-05-16T20:00:00,152,28,0.9253,late_stage_overheated,dry,cloudy_stable,36.73,64.02,145,205,287,356,0.9435,0.7603,0.4311,approaching,False,4,True
BH-LAT-022-082,HIVE-022,ESP32-1022,2026-03-21T04:00:00,148,46,0.8346,late_stage_nearly_ready,dry,stable_clear,31.3,55.89,144,146,227,254,0.9123,0.0062,0.8778,ready,False,0,False
BH-HIG-056-029,HIVE-056,ESP32-1056,2026-04-29T18:00:00,114,16,0.8848,high_gas_stress,inter_monsoon,stable_clear,32.3,71.41,194,218,262,343,0.8176,0.5373,0.4432,approaching,False,4,True
BH-LAT-023-065,HIVE-023,ESP32-1023,2026-02-12T06:00:00,130,38,0.9426,late_stage_nearly_ready,inter_monsoon,stable_clear,31.35,63.2,154,140,229,250,0.9368,0.0,0.9037,ready,False,0,False
BH-ENV-059-045,HIVE-059,ESP32-1059,2026-01-14T18:00:00,132,21,0.5512,environmentally_unstable,inter_monsoon,stable_clear,33.79,74.6,197,197,172,328,0.6784,0.5652,0.305,not_ready,False,4,True
BH-ENV-063-013,HIVE-063,ESP32-1063,2026-03-27T22:00:00,122,9,0.6375,environmentally_unstable,inter_monsoon,post_rain,35.78,72.51,147,123,286,281,0.7006,0.6506,0.2778,not_ready,False,2,True
BH-LAT-030-017,HIVE-030,ESP32-1030,2026-04-19T18:00:00,130,13,0.9328,late_stage_ready,inter_monsoon,cloudy_stable,29.7,64.02,149,152,245,274,1.0,0.0,0.9588,ready,False,0,False
BH-LAT-031-035,HIVE-031,ESP32-1031,2026-02-15T18:00:00,142,26,0.9665,late_stage_ready,dry,cloudy_stable,31.95,62.53,165,188,253,285,0.9907,0.0,0.951,ready,False,1,False
BH-LAT-023-070,HIVE-023,ESP32-1023,2026-02-13T12:00:00,132,38,0.9642,late_stage_nearly_ready,inter_monsoon,post_rain,30.49,68.72,169,145,238,278,0.9479,0.0098,0.9077,ready,False,0,False
BH-LAT-034-080,HIVE-034,ESP32-1034,2026-04-17T08:00:00,144,21,0.9658,late_stage_ready,dry,stable_clear,34.21,51.03,143,143,216,296,1.0,0.2078,0.8443,ready,False,1,False
BH-LAT-035-039,HIVE-035,ESP32-1035,2026-01-25T18:00:00,102,19,0.9232,late_stage_ready,inter_monsoon,humid_rain,31.2,66.38,167,154,240,263,0.9189,0.0,0.8881,ready,False,0,False
BH-MID-010-034,HIVE-010,ESP32-1010,2026-02-11T00:00:00,96,30,0.6567,mid_stage_stable,inter_monsoon,humid_rain,30.16,81.47,113,121,205,280,0.5854,0.0123,0.5873,approaching,False,1,False
BH-LAT-020-053,HIVE-020,ESP32-1020,2026-02-05T02:00:00,114,31,0.7758,late_stage_nearly_ready,dry,stable_clear,33.34,62.1,122,148,209,246,0.7914,0.0546,0.745,nearly_ready,False,0,False
BH-ENV-066-063,HIVE-066,ESP32-1066,2026-03-02T18:00:00,124,27,0.8702,environmentally_unstable,wet,midday_heat,30.49,64.12,212,161,309,289,0.7709,0.404,0.4741,approaching,False,2,True
BH-LAT-024-030,HIVE-024,ESP32-1024,2026-04-21T16:00:00,89,23,0.6875,late_stage_nearly_ready,dry,midday_heat,35.25,51.38,162,136,221,248,0.7556,0.3399,0.5556,approaching,False,1,False
BH-LAT-034-028,HIVE-034,ESP32-1034,2026-04-04T08:00:00,136,19,0.8605,late_stage_ready,dry,stable_clear,33.56,52.84,144,157,215,285,0.9491,0.0936,0.8628,ready,False,1,False
BH-LAT-020-015,HIVE-020,ESP32-1020,2026-01-26T14:00:00,101,11,0.6983,late_stage_nearly_ready,dry,midday_heat,34.47,63.44,130,149,227,251,0.7451,0.1849,0.6335,nearly_ready,False,1,False
BH-MID-018-071,HIVE-018,ESP32-1018,2026-04-02T02:00:00,94,42,0.5317,mid_stage_stable,inter_monsoon,cloudy_stable,32.91,67.04,118,118,183,236,0.5511,0.0,0.5643,approaching,False,0,False
BH-EAR-006-051,HIVE-006,ESP32-1006,2026-02-21T18:00:00,32,18,0.3491,early_stage_healthy,wet,storm_front,28.01,78.76,90,96,131,208,0.211,0.0,0.2646,not_ready,False,0,False
BH-LAT-025-019,HIVE-025,ESP32-1025,2026-04-27T02:00:00,93,16,0.6216,late_stage_nearly_ready,dry,stable_clear,33.93,62.78,142,148,226,244,0.7294,0.1069,0.6624,nearly_ready,False,1,False
BH-LAT-032-013,HIVE-032,ESP32-1032,2026-03-18T22:00:00,108,11,0.8815,late_stage_ready,inter_monsoon,cloudy_stable,30.49,61.47,162,138,231,271,0.9509,0.0,0.9158,ready,False,0,False
BH-LAT-040-056,HIVE-040,ESP32-1040,2026-03-15T00:00:00,148,41,0.9004,late_stage_overheated,dry,stable_clear,38.43,62.25,194,157,255,326,0.9019,0.736,0.4041,approaching,False,3,True
BH-LAT-031-074,HIVE-031,ESP32-1031,2026-02-25T12:00:00,153,37,1.0,late_stage_ready,dry,stable_clear,31.42,60.5,159,184,231,255,1.0,0.0,0.9592,ready,False,1,False
BH-MID-019-051,HIVE-019,ESP32-1019,2026-03-30T14:00:00,78,33,0.422,mid_stage_stable,dry,cloudy_stable,31.03,66.2,89,121,173,252,0.4727,0.0,0.4952,approaching,False,0,False
BH-LAT-028-041,HIVE-028,ESP32-1028,2026-01-30T14:00:00,92,25,0.7823,late_stage_nearly_ready,inter_monsoon,stable_clear,31.0,67.48,139,125,220,280,0.8201,0.0,0.7999,nearly_ready,False,0,False
BH-LAT-035-001,HIVE-035,ESP32-1035,2026-01-16T06:00:00,97,14,0.8171,late_stage_ready,inter_monsoon,humid_rain,30.74,66.33,168,144,247,258,0.908,0.0,0.877,ready,False,0,False
BH-MID-010-006,HIVE-010,ESP32-1010,2026-02-04T00:00:00,84,18,0.5599,mid_stage_stable,inter_monsoon,cloudy_stable,31.44,73.71,95,108,184,253,0.5716,0.0,0.5826,approaching,False,0,False
BH-LAT-031-004,HIVE-031,ESP32-1031,2026-02-08T00:00:00,134,14,0.9382,late_stage_ready,dry,stable_clear,31.33,60.12,161,175,239,263,1.0,0.0,0.9595,ready,False,0,False
BH-HIG-051-028,HIVE-051,ESP32-1051,2026-02-26T08:00:00,135,20,0.9894,high_humidity_fermentation_risk,inter_monsoon,post_rain,32.15,87.3,141,167,218,277,0.9572,0.4074,0.6965,nearly_ready,False,1,False
BH-ENV-062-042,HIVE-062,ESP32-1062,2026-03-28T16:00:00,91,19,0.8299,environmentally_unstable,inter_monsoon,midday_heat,35.66,67.79,150,197,252,293,0.759,0.6364,0.3372,not_ready,False,2,True
BH-HIG-056-047,HIVE-056,ESP32-1056,2026-05-04T06:00:00,120,27,0.9333,high_gas_stress,inter_monsoon,stable_clear,32.34,71.91,196,220,292,370,0.906,0.571,0.5013,approaching,False,4,True
BH-LAT-025-081,HIVE-025,ESP32-1025,2026-05-12T14:00:00,118,37,0.7479,late_stage_nearly_ready,dry,cloudy_stable,32.86,68.05,130,158,232,248,0.8181,0.0085,0.7931,nearly_ready,False,0,False
BH-HIG-056-001,HIVE-056,ESP32-1056,2026-04-22T18:00:00,109,12,0.8574,high_gas_stress,inter_monsoon,humid_rain,31.69,76.03,215,232,297,375,0.7918,0.5685,0.3992,approaching,False,4,True
BH-HIG-051-048,HIVE-051,ESP32-1051,2026-03-03T08:00:00,145,31,0.9814,high_humidity_fermentation_risk,inter_monsoon,stable_clear,32.74,83.5,119,164,226,268,0.9587,0.3777,0.714,nearly_ready,False,1,False
BH-LAT-022-055,HIVE-022,ESP32-1022,2026-03-14T10:00:00,138,38,0.7579,late_stage_nearly_ready,dry,midday_heat,32.92,53.58,149,161,239,268,0.8637,0.0979,0.7857,nearly_ready,False,0,False
BH-LAT-030-019,HIVE-030,ESP32-1030,2026-04-20T06:00:00,131,22,0.9404,late_stage_ready,inter_monsoon,cloudy_stable,30.18,61.98,144,143,251,272,1.0,0.0,0.9589,ready,False,0,False
BH-LAT-026-081,HIVE-026,ESP32-1026,2026-03-29T18:00:00,141,49,0.9887,late_stage_nearly_ready,dry,midday_heat,31.78,62.73,153,144,229,255,0.9359,0.0059,0.8989,ready,False,0,False
BH-ENV-062-039,HIVE-062,ESP32-1062,2026-03-27T22:00:00,90,26,0.8248,environmentally_unstable,inter_monsoon,midday_heat,36.23,59.36,114,169,238,250,0.6892,0.6498,0.2654,not_ready,False,1,True
BH-LAT-023-055,HIVE-023,ESP32-1023,2026-02-09T18:00:00,126,36,0.9171,late_stage_nearly_ready,inter_monsoon,humid_rain,30.73,69.22,166,144,219,242,0.8804,0.0258,0.8384,ready,False,0,False
BH-LAT-034-048,HIVE-034,ESP32-1034,2026-04-09T08:00:00,140,21,0.9127,late_stage_ready,dry,stable_clear,32.82,52.41,145,155,218,296,0.9739,0.0356,0.9164,ready,False,0,False
BH-MID-014-038,HIVE-014,ESP32-1014,2026-04-07T20:00:00,79,20,0.6233,mid_stage_stable,inter_monsoon,humid_rain,28.98,70.97,132,121,174,252,0.5587,0.0,0.5704,approaching,False,0,False
BH-LAT-023-072,HIVE-023,ESP32-1023,2026-02-14T00:00:00,133,35,0.9569,late_stage_nearly_ready,inter_monsoon,post_rain,30.58,68.76,167,141,223,283,0.9543,0.0,0.9189,ready,False,0,False
BH-EAR-009-056,HIVE-009,ESP32-1009,2026-02-23T20:00:00,55,41,0.4563,early_stage_healthy,wet,storm_front,28.46,75.16,82,115,175,209,0.3074,0.0,0.349,not_ready,False,0,False
BH-EAR-004-041,HIVE-004,ESP32-1004,2026-01-31T22:00:00,50,30,0.2269,early_stage_healthy,wet,storm_front,27.41,81.54,101,83,128,216,0.2166,0.0,0.2686,not_ready,False,1,False
BH-EAR-002-014,HIVE-002,ESP32-1002,2026-01-11T08:00:00,55,15,0.132,early_stage_healthy,inter_monsoon,stable_clear,31.74,66.47,79,73,152,171,0.1207,0.0,0.184,not_ready,False,0,False
BH-EAR-008-009,HIVE-008,ESP32-1008,2026-02-12T22:00:00,39,9,0.1234,early_stage_healthy,wet,post_rain,28.55,83.2,80,117,146,189,0.1103,0.0001,0.1765,not_ready,False,1,False
BH-LAT-023-039,HIVE-023,ESP32-1023,2026-02-05T18:00:00,119,19,0.8645,late_stage_nearly_ready,inter_monsoon,stable_clear,31.52,63.13,168,133,231,260,0.8905,0.0,0.8628,ready,False,0,False
BH-LAT-024-048,HIVE-024,ESP32-1024,2026-04-26T04:00:00,98,28,0.7312,late_stage_nearly_ready,dry,stable_clear,33.61,56.15,142,125,218,244,0.7414,0.1334,0.6579,nearly_ready,False,1,False
BH-EAR-001-036,HIVE-001,ESP32-1001,2026-02-06T04:00:00,51,30,0.3176,early_stage_healthy,wet,humid_rain,28.04,77.67,90,109,167,213,0.2506,0.0,0.2985,not_ready,False,0,False
BH-LAT-029-043,HIVE-029,ESP32-1029,2026-02-28T18:00:00,106,23,0.6356,late_stage_nearly_ready,dry,stable_clear,32.83,56.03,146,146,221,261,0.7591,0.0524,0.7173,nearly_ready,False,0,False
BH-EAR-003-039,HIVE-003,ESP32-1003,2026-03-21T18:00:00,58,27,0.271,early_stage_healthy,wet,humid_rain,27.52,77.84,114,80,144,170,0.2047,0.0,0.2595,not_ready,False,0,False
BH-LAT-021-080,HIVE-021,ESP32-1021,2026-01-27T12:00:00,113,41,0.8006,late_stage_nearly_ready,inter_monsoon,stable_clear,29.45,68.5,148,133,241,298,0.8079,0.0,0.7882,nearly_ready,False,0,False
BH-EAR-008-002,HIVE-008,ESP32-1008,2026-02-11T04:00:00,39,17,0.1321,early_stage_healthy,wet,post_rain,28.28,81.49,71,108,167,200,0.1407,0.0,0.2033,not_ready,False,1,False
BH-LAT-023-064,HIVE-023,ESP32-1023,2026-02-12T00:00:00,130,36,0.9645,late_stage_nearly_ready,inter_monsoon,stable_clear,31.46,62.7,158,139,223,243,0.9113,0.0,0.8815,ready,False,0,False
BH-EAR-009-032,HIVE-009,ESP32-1009,2026-02-17T20:00:00,40,22,0.357,early_stage_healthy,wet,humid_rain,29.55,77.57,87,117,192,207,0.2721,0.0,0.3192,not_ready,False,0,False
BH-LAT-035-078,HIVE-035,ESP32-1035,2026-02-04T12:00:00,109,28,0.9978,late_stage_ready,inter_monsoon,stable_clear,32.31,60.58,158,139,231,262,1.0,0.0,0.9592,ready,False,0,False
BH-EAR-001-002,HIVE-001,ESP32-1001,2026-01-28T16:00:00,39,8,0.2478,early_stage_healthy,wet,cloudy_stable,29.05,71.69,76,103,154,193,0.2211,0.0,0.2735,not_ready,False,0,False
BH-MID-014-061,HIVE-014,ESP32-1014,2026-04-13T14:00:00,86,28,0.6703,mid_stage_stable,inter_monsoon,stable_clear,30.44,64.55,115,111,160,235,0.6162,0.0,0.6212,nearly_ready,False,0,False
BH-EAR-001-035,HIVE-001,ESP32-1001,2026-02-05T22:00:00,51,20,0.2772,early_stage_healthy,wet,storm_front,27.3,78.29,93,112,172,227,0.2267,0.0,0.2783,not_ready,False,0,False
BH-LAT-025-044,HIVE-025,ESP32-1025,2026-05-03T08:00:00,104,26,0.6795,late_stage_nearly_ready,dry,stable_clear,34.08,62.84,135,153,237,244,0.7743,0.1588,0.6729,nearly_ready,False,1,False
BH-LAT-031-041,HIVE-031,ESP32-1031,2026-02-17T06:00:00,144,26,0.968,late_stage_ready,dry,midday_heat,33.7,58.45,166,195,264,271,0.9964,0.1319,0.8832,ready,False,3,False
BH-LAT-027-047,HIVE-027,ESP32-1027,2026-04-19T10:00:00,134,29,0.878,late_stage_nearly_ready,inter_monsoon,stable_clear,31.02,69.92,146,134,196,282,0.9171,0.0,0.8854,ready,False,0,False
BH-EAR-007-075,HIVE-007,ESP32-1007,2026-03-29T06:00:00,56,30,0.5667,early_stage_healthy,inter_monsoon,post_rain,28.82,74.98,76,90,162,220,0.3836,0.0,0.4167,approaching,False,0,False
BH-LAT-029-049,HIVE-029,ESP32-1029,2026-03-02T06:00:00,108,27,0.6343,late_stage_nearly_ready,dry,midday_heat,33.02,58.57,154,150,225,257,0.7236,0.0419,0.6919,nearly_ready,False,0,False
BH-MID-017-030,HIVE-017,ESP32-1017,2026-02-28T08:00:00,92,21,0.4801,mid_stage_stable,inter_monsoon,humid_rain,30.87,72.96,128,108,186,240,0.5098,0.0,0.5278,approaching,False,0,False
BH-LAT-024-081,HIVE-024,ESP32-1024,2026-05-04T10:00:00,110,45,0.7694,late_stage_nearly_ready,dry,stable_clear,35.08,53.62,151,129,227,250,0.793,0.305,0.6077,nearly_ready,False,1,False
BH-LAT-028-047,HIVE-028,ESP32-1028,2026-02-01T02:00:00,95,25,0.7795,late_stage_nearly_ready,inter_monsoon,cloudy_stable,30.86,70.95,131,126,213,276,0.8207,0.0,0.8015,ready,False,0,False
BH-MID-013-069,HIVE-013,ESP32-1013,2026-04-07T22:00:00,109,41,0.535,mid_stage_stable,inter_monsoon,stable_clear,29.94,62.39,94,113,174,229,0.5606,0.0,0.5722,approaching,False,0,False
BH-MID-019-015,HIVE-019,ESP32-1019,2026-03-21T14:00:00,63,16,0.2879,mid_stage_stable,dry,stable_clear,30.51,66.42,89,112,169,240,0.3926,0.0,0.424,approaching,False,0,False
BH-LAT-021-038,HIVE-021,ESP32-1021,2026-01-17T00:00:00,97,19,0.7001,late_stage_nearly_ready,inter_monsoon,stable_clear,30.33,68.19,135,117,228,280,0.7806,0.0076,0.7618,nearly_ready,False,0,False
BH-MID-011-052,HIVE-011,ESP32-1011,2026-04-19T12:00:00,107,35,0.7176,mid_stage_stable,dry,stable_clear,34.11,64.52,121,91,194,252,0.6823,0.0846,0.6325,nearly_ready,False,1,False
BH-LAT-032-064,HIVE-032,ESP32-1032,2026-03-31T16:00:00,124,35,0.98,late_stage_ready,inter_monsoon,stable_clear,30.41,61.71,163,141,241,261,1.0,0.0,0.959,ready,False,0,False
BH-LAT-036-017,HIVE-036,ESP32-1036,2026-03-31T22:00:00,115,13,0.8623,late_stage_ready,dry,midday_heat,33.6,47.89,181,140,253,293,0.9507,0.2262,0.7912,nearly_ready,False,2,False
BH-LAT-037-022,HIVE-037,ESP32-1037,2026-04-06T20:00:00,140,18,0.8603,late_stage_ready,inter_monsoon,humid_rain,30.12,68.01,166,185,253,292,0.9684,0.0013,0.9297,ready,False,1,False
BH-LAT-031-039,HIVE-031,ESP32-1031,2026-02-16T18:00:00,143,27,0.9761,late_stage_ready,dry,midday_heat,33.43,59.03,168,197,257,275,1.0,0.0427,0.9356,ready,False,1,False
BH-LAT-037-071,HIVE-037,ESP32-1037,2026-04-19T02:00:00,163,37,0.9887,late_stage_ready,inter_monsoon,humid_rain,29.8,68.13,170,191,258,297,1.0,0.0,0.9592,ready,False,1,False
BH-HIG-053-070,HIVE-053,ESP32-1053,2026-05-16T08:00:00,99,20,0.8755,high_gas_stress,inter_monsoon,post_rain,31.91,78.16,200,209,296,325,0.7837,0.5172,0.4234,approaching,False,4,True
BH-LAT-037-050,HIVE-037,ESP32-1037,2026-04-13T20:00:00,155,35,0.9508,late_stage_ready,inter_monsoon,stable_clear,30.95,61.66,164,185,242,283,1.0,0.0,0.9591,ready,False,1,False
BH-LAT-032-016,HIVE-032,ESP32-1032,2026-03-19T16:00:00,109,12,0.8707,late_stage_ready,inter_monsoon,cloudy_stable,29.83,66.18,173,128,242,287,0.8961,0.0,0.8663,ready,False,0,False
BH-ENV-064-011,HIVE-064,ESP32-1064,2026-01-31T02:00:00,111,14,0.5578,environmentally_unstable,inter_monsoon,cloudy_stable,31.21,84.3,182,190,296,284,0.6392,0.5355,0.2832,not_ready,False,4,True
BH-MID-016-069,HIVE-016,ESP32-1016,2026-02-17T06:00:00,77,37,0.6634,mid_stage_stable,dry,stable_clear,32.2,66.87,127,102,199,212,0.6127,0.0,0.6188,nearly_ready,False,0,False
BH-LAT-031-045,HIVE-031,ESP32-1031,2026-02-18T06:00:00,145,23,0.9795,late_stage_ready,dry,midday_heat,33.41,57.64,174,190,260,273,1.0,0.0864,0.9121,ready,False,2,False
BH-HIG-058-064,HIVE-058,ESP32-1058,2026-02-01T04:00:00,107,34,0.9815,high_gas_stress,wet,post_rain,31.7,80.21,185,182,317,359,0.8733,0.5447,0.4873,approaching,False,5,True
BH-LAT-036-007,HIVE-036,ESP32-1036,2026-03-29T10:00:00,113,11,0.8517,late_stage_ready,dry,midday_heat,33.62,50.43,179,145,255,270,0.9363,0.168,0.8091,ready,False,1,False
BH-LAT-037-013,HIVE-037,ESP32-1037,2026-04-04T14:00:00,137,18,0.8322,late_stage_ready,inter_monsoon,stable_clear,30.8,60.44,161,179,246,277,0.931,0.0,0.8985,ready,False,0,False
BH-LAT-022-060,HIVE-022,ESP32-1022,2026-03-15T16:00:00,141,36,0.7921,late_stage_nearly_ready,dry,stable_clear,32.72,55.4,145,156,244,265,0.8889,0.0421,0.838,ready,False,0,False
BH-MID-015-049,HIVE-015,ESP32-1015,2026-04-20T10:00:00,84,36,0.5696,mid_stage_stable,dry,stable_clear,33.04,60.44,133,112,165,222,0.532,0.0132,0.5403,approaching,False,0,False
BH-MID-019-075,HIVE-019,ESP32-1019,2026-04-05T14:00:00,85,40,0.5314,mid_stage_stable,dry,cloudy_stable,30.56,67.63,87,131,183,255,0.5634,0.0,0.5747,approaching,False,0,False
BH-LAT-024-063,HIVE-024,ESP32-1024,2026-04-29T22:00:00,104,31,0.7688,late_stage_nearly_ready,dry,midday_heat,33.07,56.64,144,154,254,292,0.7598,0.0624,0.7079,nearly_ready,False,0,False
BH-EAR-004-001,HIVE-004,ESP32-1004,2026-01-21T22:00:00,33,14,0.101,early_stage_healthy,wet,cloudy_stable,28.22,75.44,90,75,109,192,0.1172,0.0,0.1823,not_ready,False,0,False
BH-EAR-006-042,HIVE-006,ESP32-1006,2026-02-19T12:00:00,29,15,0.2751,early_stage_healthy,wet,storm_front,27.99,79.01,94,97,131,213,0.1637,0.0,0.2231,not_ready,False,0,False
BH-ENV-060-010,HIVE-060,ESP32-1060,2026-04-14T00:00:00,121,10,0.5186,environmentally_unstable,inter_monsoon,post_rain,35.89,84.59,217,146,297,284,0.5972,0.8112,0.098,not_ready,False,4,True
BH-LAT-037-059,HIVE-037,ESP32-1037,2026-04-16T02:00:00,159,40,0.9501,late_stage_ready,inter_monsoon,post_rain,29.92,67.31,164,187,246,302,1.0,0.0,0.9592,ready,False,1,False
BH-LAT-040-038,HIVE-040,ESP32-1040,2026-03-10T12:00:00,138,25,0.8519,late_stage_overheated,dry,stable_clear,37.22,60.64,180,151,235,313,0.9076,0.6664,0.4498,approaching,False,2,True
BH-MID-014-040,HIVE-014,ESP32-1014,2026-04-08T08:00:00,80,22,0.6354,mid_stage_stable,inter_monsoon,post_rain,29.49,71.5,129,125,186,254,0.5755,0.0,0.5851,approaching,False,0,False
BH-MID-011-026,HIVE-011,ESP32-1011,2026-04-13T00:00:00,92,24,0.5891,mid_stage_stable,dry,midday_heat,34.31,62.39,118,86,176,262,0.5417,0.1083,0.4949,approaching,False,1,False
BH-LAT-026-015,HIVE-026,ESP32-1026,2026-03-13T06:00:00,111,14,0.8264,late_stage_nearly_ready,dry,cloudy_stable,30.73,66.9,151,128,236,242,0.865,0.0,0.8403,ready,False,0,False
BH-MID-016-054,HIVE-016,ESP32-1016,2026-02-13T12:00:00,71,40,0.6301,mid_stage_stable,dry,stable_clear,32.57,66.81,130,97,181,214,0.5625,0.0,0.574,approaching,False,0,False
BH-LAT-026-022,HIVE-026,ESP32-1026,2026-03-15T00:00:00,114,22,0.808,late_stage_nearly_ready,dry,midday_heat,32.18,60.51,174,148,249,247,0.8189,0.0,0.7992,nearly_ready,False,0,False
BH-LAT-027-071,HIVE-027,ESP32-1027,2026-04-25T10:00:00,147,47,0.9178,late_stage_nearly_ready,inter_monsoon,humid_rain,30.9,73.29,154,141,204,280,0.908,0.0112,0.871,ready,False,0,False
BH-LAT-035-019,HIVE-035,ESP32-1035,2026-01-20T18:00:00,99,19,0.8493,late_stage_ready,inter_monsoon,cloudy_stable,31.71,61.96,163,143,233,254,0.8797,0.0,0.8518,ready,False,0,False
BH-LAT-031-057,HIVE-031,ESP32-1031,2026-02-21T06:00:00,149,33,0.981,late_stage_ready,dry,midday_heat,32.69,57.1,167,196,250,262,1.0,0.0,0.9595,ready,False,1,False
BH-MID-012-071,HIVE-012,ESP32-1012,2026-02-09T06:00:00,108,41,0.7621,mid_stage_stable,dry,cloudy_stable,33.93,70.39,120,130,188,234,0.6693,0.0844,0.6218,nearly_ready,False,1,False
BH-LAT-021-030,HIVE-021,ESP32-1021,2026-01-15T00:00:00,94,18,0.68,late_stage_nearly_ready,inter_monsoon,post_rain,29.53,72.29,137,124,234,277,0.7319,0.0122,0.7161,nearly_ready,False,0,False
BH-MID-010-058,HIVE-010,ESP32-1010,2026-02-17T00:00:00,109,35,0.7603,mid_stage_stable,inter_monsoon,stable_clear,31.57,71.12,102,119,178,263,0.6897,0.0,0.6858,nearly_ready,False,0,False
BH-ENV-064-074,HIVE-064,ESP32-1064,2026-02-15T20:00:00,140,46,0.7445,environmentally_unstable,inter_monsoon,humid_rain,31.39,89.36,184,220,297,284,0.7281,0.6444,0.3039,not_ready,False,4,True
BH-EAR-001-060,HIVE-001,ESP32-1001,2026-02-12T04:00:00,63,40,0.3541,early_stage_healthy,wet,cloudy_stable,28.75,74.12,90,112,155,212,0.2942,0.0,0.336,not_ready,False,0,False
BH-EAR-001-029,HIVE-001,ESP32-1001,2026-02-04T10:00:00,48,23,0.2819,early_stage_healthy,wet,storm_front,27.93,78.08,96,116,168,226,0.1891,0.0,0.2425,not_ready,False,0,False
BH-EAR-006-029,HIVE-006,ESP32-1006,2026-02-16T06:00:00,24,10,0.2385,early_stage_healthy,wet,humid_rain,27.88,78.93,88,102,137,215,0.195,0.0,0.2507,not_ready,False,0,False
BH-LAT-032-040,HIVE-032,ESP32-1032,2026-03-25T16:00:00,116,26,0.9093,late_stage_ready,inter_monsoon,cloudy_stable,30.42,62.83,164,139,244,270,0.949,0.0,0.9149,ready,False,0,False
BH-LAT-034-036,HIVE-034,ESP32-1034,2026-04-06T08:00:00,137,21,0.8605,late_stage_ready,dry,midday_heat,34.81,51.08,146,164,217,296,0.982,0.2138,0.826,ready,False,1,False
BH-EAR-008-029,HIVE-008,ESP32-1008,2026-02-17T22:00:00,42,17,0.1467,early_stage_healthy,wet,storm_front,27.29,85.24,86,109,174,209,0.1568,0.0538,0.1864,not_ready,False,1,False
BH-LAT-022-022,HIVE-022,ESP32-1022,2026-03-06T04:00:00,123,19,0.6731,late_stage_nearly_ready,dry,midday_heat,32.1,53.52,141,143,227,274,0.7801,0.0299,0.7476,nearly_ready,False,0,False
BH-LAT-036-025,HIVE-036,ESP32-1036,2026-04-02T22:00:00,117,17,0.8657,late_stage_ready,dry,cloudy_stable,32.58,51.41,170,134,239,270,0.9357,0.0476,0.8764,ready,False,0,False
BH-HIG-045-066,HIVE-045,ESP32-1045,2026-01-29T16:00:00,127,38,0.9638,high_humidity_fermentation_risk,inter_monsoon,stable_clear,32.83,94.97,128,137,218,302,0.9123,0.6428,0.4681,approaching,False,1,True
BH-LAT-026-070,HIVE-026,ESP32-1026,2026-03-27T00:00:00,138,38,0.9902,late_stage_nearly_ready,dry,midday_heat,32.69,61.96,145,132,251,267,0.9681,0.032,0.914,ready,False,0,False
BH-HIG-047-005,HIVE-047,ESP32-1047,2026-01-10T18:00:00,106,8,0.9929,high_humidity_fermentation_risk,wet,humid_rain,29.53,95.0,167,179,231,351,0.9055,0.6462,0.4599,approaching,False,2,True
BH-EAR-007-025,HIVE-007,ESP32-1007,2026-03-16T18:00:00,45,13,0.3803,early_stage_healthy,inter_monsoon,humid_rain,28.06,78.4,80,83,156,209,0.2929,0.0,0.3365,not_ready,False,0,False
BH-LAT-034-017,HIVE-034,ESP32-1034,2026-04-01T14:00:00,134,13,0.8564,late_stage_ready,dry,midday_heat,35.29,51.82,159,162,241,318,0.9247,0.2495,0.7557,nearly_ready,False,1,False
BH-HIG-048-052,HIVE-048,ESP32-1048,2026-05-10T04:00:00,147,39,0.9038,high_humidity_fermentation_risk,inter_monsoon,stable_clear,31.18,87.99,145,142,266,318,0.877,0.4547,0.5989,approaching,False,2,False
BH-LAT-027-045,HIVE-027,ESP32-1027,2026-04-18T22:00:00,133,30,0.8383,late_stage_nearly_ready,inter_monsoon,post_rain,30.65,70.9,152,136,199,290,0.863,0.0074,0.8334,ready,False,0,False
BH-ENV-062-010,HIVE-062,ESP32-1062,2026-03-20T16:00:00,83,11,0.7901,environmentally_unstable,inter_monsoon,stable_clear,35.4,61.49,101,166,227,272,0.6854,0.4379,0.4403,approaching,False,1,False
BH-LAT-020-035,HIVE-020,ESP32-1020,2026-01-31T14:00:00,107,20,0.7295,late_stage_nearly_ready,dry,cloudy_stable,32.61,66.08,116,144,215,240,0.7709,0.0367,0.7371,nearly_ready,False,0,False
BH-MID-013-057,HIVE-013,ESP32-1013,2026-04-04T22:00:00,104,38,0.5017,mid_stage_stable,inter_monsoon,humid_rain,29.83,64.73,90,107,165,238,0.5675,0.0,0.5757,approaching,False,0,False
BH-LAT-028-084,HIVE-028,ESP32-1028,2026-02-10T08:00:00,105,35,0.8528,late_stage_nearly_ready,inter_monsoon,post_rain,30.93,74.45,146,125,220,287,0.8282,0.0,0.8083,ready,False,0,False
BH-LAT-037-007,HIVE-037,ESP32-1037,2026-04-03T02:00:00,136,13,0.8222,late_stage_ready,inter_monsoon,post_rain,30.61,64.69,165,189,249,289,0.9222,0.0,0.8888,ready,False,1,False
BH-LAT-029-046,HIVE-029,ESP32-1029,2026-03-01T12:00:00,107,25,0.6572,late_stage_nearly_ready,dry,cloudy_stable,33.42,62.11,150,149,229,262,0.7541,0.0611,0.709,nearly_ready,False,0,False
BH-LAT-024-032,HIVE-024,ESP32-1024,2026-04-22T04:00:00,90,16,0.6948,late_stage_nearly_ready,dry,stable_clear,35.26,52.97,150,135,234,255,0.7187,0.3105,0.5412,approaching,False,1,False
BH-MID-017-055,HIVE-017,ESP32-1017,2026-03-06T14:00:00,105,38,0.6011,mid_stage_stable,inter_monsoon,cloudy_stable,32.88,65.57,139,95,191,212,0.6,0.0088,0.5989,approaching,False,0,False
BH-LAT-022-073,HIVE-022,ESP32-1022,2026-03-18T22:00:00,146,39,0.8242,late_stage_nearly_ready,dry,cloudy_stable,31.47,58.28,142,150,228,257,0.8994,0.0,0.8711,ready,False,0,False
BH-EAR-006-060,HIVE-006,ESP32-1006,2026-02-24T00:00:00,34,20,0.3799,early_stage_healthy,wet,post_rain,28.15,77.64,86,92,128,225,0.2424,0.0,0.2925,not_ready,False,0,False
BH-MID-016-000,HIVE-016,ESP32-1016,2026-01-31T00:00:00,49,9,0.5079,mid_stage_stable,dry,cloudy_stable,30.78,70.99,120,92,180,198,0.4782,0.0,0.4988,approaching,False,0,False
BH-HIG-050-067,HIVE-050,ESP32-1050,2026-01-27T18:00:00,149,34,0.983,high_humidity_fermentation_risk,inter_monsoon,humid_rain,30.33,89.54,170,172,234,315,0.9833,0.5725,0.5698,approaching,False,1,True
BH-EAR-003-041,HIVE-003,ESP32-1003,2026-03-22T06:00:00,59,36,0.2848,early_stage_healthy,wet,storm_front,26.85,79.18,115,84,145,186,0.2212,0.0,0.2733,not_ready,False,0,False
BH-LAT-039-056,HIVE-039,ESP32-1039,2026-02-19T00:00:00,134,38,0.9254,late_stage_overheated,dry,midday_heat,38.08,61.52,159,183,239,280,0.9484,0.7132,0.4587,approaching,False,2,True
BH-LAT-032-046,HIVE-032,ESP32-1032,2026-03-27T04:00:00,119,24,0.9319,late_stage_ready,inter_monsoon,stable_clear,30.83,60.18,165,129,243,277,0.9842,0.0,0.9453,ready,False,0,False
BH-LAT-044-051,HIVE-044,ESP32-1044,2026-05-10T18:00:00,156,24,0.9149,late_stage_overheated,dry,stable_clear,38.27,55.11,190,178,238,292,0.9146,0.7449,0.413,approaching,False,2,True
BH-EAR-003-021,HIVE-003,ESP32-1003,2026-03-17T06:00:00,46,19,0.1968,early_stage_healthy,wet,cloudy_stable,27.87,73.45,106,68,138,170,0.144,0.0,0.2059,not_ready,False,0,False
BH-HIG-051-007,HIVE-051,ESP32-1051,2026-02-21T02:00:00,128,9,0.9773,high_humidity_fermentation_risk,inter_monsoon,cloudy_stable,32.45,83.4,125,155,219,272,0.9327,0.3103,0.7273,nearly_ready,False,1,False
BH-ENV-064-037,HIVE-064,ESP32-1064,2026-02-06T14:00:00,122,30,0.6048,environmentally_unstable,inter_monsoon,humid_rain,31.66,89.48,171,200,311,295,0.648,0.6333,0.24,not_ready,False,3,True
BH-MID-018-008,HIVE-018,ESP32-1018,2026-03-17T08:00:00,71,17,0.2759,mid_stage_stable,inter_monsoon,post_rain,31.35,69.45,95,104,171,222,0.3837,0.0,0.4155,approaching,False,0,False
BH-EAR-005-038,HIVE-005,ESP32-1005,2026-05-03T12:00:00,67,24,0.2437,early_stage_healthy,inter_monsoon,stable_clear,28.66,70.11,45,73,105,202,0.2418,0.0,0.2913,not_ready,False,0,False
BH-LAT-025-004,HIVE-025,ESP32-1025,2026-04-23T08:00:00,90,17,0.6458,late_stage_nearly_ready,dry,stable_clear,33.73,63.94,132,154,222,245,0.7233,0.1324,0.643,nearly_ready,False,1,False
BH-EAR-004-008,HIVE-004,ESP32-1004,2026-01-23T16:00:00,34,15,0.1082,early_stage_healthy,wet,humid_rain,27.46,82.62,103,87,126,227,0.0907,0.0,0.1588,not_ready,False,1,False
BH-LAT-023-071,HIVE-023,ESP32-1023,2026-02-13T18:00:00,133,41,0.9786,late_stage_nearly_ready,inter_monsoon,post_rain,30.34,68.97,165,142,230,271,0.9775,0.0,0.9394,ready,False,0,False
BH-EAR-005-028,HIVE-005,ESP32-1005,2026-05-01T00:00:00,62,20,0.229,early_stage_healthy,inter_monsoon,post_rain,28.33,75.8,69,76,115,201,0.1884,0.0,0.245,not_ready,False,0,False
BH-LAT-025-046,HIVE-025,ESP32-1025,2026-05-03T20:00:00,105,31,0.6861,late_stage_nearly_ready,dry,stable_clear,34.13,63.67,132,149,219,241,0.762,0.1232,0.6812,nearly_ready,False,1,False
BH-LAT-022-035,HIVE-022,ESP32-1022,2026-03-09T10:00:00,128,18,0.7083,late_stage_nearly_ready,dry,midday_heat,32.88,53.28,157,164,242,281,0.8073,0.1172,0.7251,nearly_ready,False,0,False
BH-LAT-028-035,HIVE-028,ESP32-1028,2026-01-29T02:00:00,90,15,0.7748,late_stage_nearly_ready,inter_monsoon,post_rain,30.44,75.11,152,121,216,287,0.7637,0.0034,0.7494,nearly_ready,False,0,False
BH-ENV-065-052,HIVE-065,ESP32-1065,2026-01-26T20:00:00,136,38,0.8694,environmentally_unstable,inter_monsoon,cloudy_stable,32.86,69.72,136,198,252,362,0.8271,0.3623,0.604,nearly_ready,False,2,False
BH-EAR-001-053,HIVE-001,ESP32-1001,2026-02-10T10:00:00,60,37,0.347,early_stage_healthy,wet,storm_front,27.94,77.6,92,120,174,214,0.2478,0.0,0.2976,not_ready,False,0,False
BH-EAR-007-019,HIVE-007,ESP32-1007,2026-03-15T06:00:00,44,16,0.3573,early_stage_healthy,inter_monsoon,stable_clear,29.62,71.58,70,73,137,202,0.2337,0.0,0.2845,not_ready,False,0,False
BH-EAR-005-001,HIVE-005,ESP32-1005,2026-04-24T06:00:00,53,12,0.1728,early_stage_healthy,inter_monsoon,stable_clear,28.25,72.21,48,75,109,197,0.143,0.0,0.2044,not_ready,False,0,False
BH-EAR-002-066,HIVE-002,ESP32-1002,2026-01-24T08:00:00,76,35,0.2933,early_stage_healthy,inter_monsoon,post_rain,30.67,72.87,105,83,174,184,0.2663,0.0,0.3136,not_ready,False,0,False
BH-EAR-006-063,HIVE-006,ESP32-1006,2026-02-24T18:00:00,35,21,0.3911,early_stage_healthy,wet,humid_rain,28.61,78.13,98,96,129,216,0.2421,0.0,0.2921,not_ready,False,0,False
BH-MID-010-046,HIVE-010,ESP32-1010,2026-02-14T00:00:00,103,35,0.6954,mid_stage_stable,inter_monsoon,cloudy_stable,31.27,74.51,110,102,183,263,0.655,0.0,0.6551,nearly_ready,False,0,False
BH-ENV-065-000,HIVE-065,ESP32-1065,2026-01-13T20:00:00,116,12,0.8294,environmentally_unstable,inter_monsoon,post_rain,32.82,65.72,121,188,239,347,0.7745,0.2904,0.5987,approaching,False,2,False
BH-EAR-006-028,HIVE-006,ESP32-1006,2026-02-16T00:00:00,24,10,0.2467,early_stage_healthy,wet,storm_front,27.73,79.47,93,98,137,209,0.1919,0.0,0.2478,not_ready,False,0,False
BH-LAT-020-039,HIVE-020,ESP32-1020,2026-02-01T14:00:00,108,23,0.7348,late_stage_nearly_ready,dry,cloudy_stable,32.75,67.51,131,140,218,253,0.8121,0.0423,0.7703,nearly_ready,False,0,False
BH-LAT-032-037,HIVE-032,ESP32-1032,2026-03-24T22:00:00,115,25,0.903,late_stage_ready,inter_monsoon,humid_rain,29.96,65.03,170,143,250,278,0.9782,0.0,0.9379,ready,False,0,False
BH-EAR-006-064,HIVE-006,ESP32-1006,2026-02-25T00:00:00,35,21,0.3832,early_stage_healthy,wet,humid_rain,28.44,78.12,87,94,137,208,0.2532,0.0,0.302,not_ready,False,0,False
BH-EAR-008-061,HIVE-008,ESP32-1008,2026-02-25T22:00:00,49,19,0.2125,early_stage_healthy,wet,storm_front,27.88,84.38,85,117,175,211,0.1836,0.0686,0.2004,not_ready,False,1,False
BH-EAR-002-068,HIVE-002,ESP32-1002,2026-01-24T20:00:00,77,35,0.2941,early_stage_healthy,inter_monsoon,cloudy_stable,31.15,69.74,95,75,166,178,0.249,0.0,0.2984,not_ready,False,0,False
BH-LAT-028-078,HIVE-028,ESP32-1028,2026-02-08T20:00:00,104,33,0.8571,late_stage_nearly_ready,inter_monsoon,stable_clear,32.23,73.41,147,133,221,297,0.8414,0.0218,0.8052,ready,False,0,False
BH-EAR-002-031,HIVE-002,ESP32-1002,2026-01-15T14:00:00,62,25,0.1837,early_stage_healthy,inter_monsoon,post_rain,30.5,73.0,93,91,157,171,0.2093,0.0,0.2627,not_ready,False,0,False
BH-ENV-064-002,HIVE-064,ESP32-1064,2026-01-28T20:00:00,110,15,0.5707,environmentally_unstable,inter_monsoon,stable_clear,34.32,73.85,192,212,298,302,0.6574,0.6259,0.2521,not_ready,False,4,True
BH-MID-018-012,HIVE-018,ESP32-1018,2026-03-18T08:00:00,71,11,0.3119,mid_stage_stable,inter_monsoon,post_rain,31.04,73.53,115,117,178,239,0.4019,0.0,0.4327,approaching,False,0,False
BH-EAR-006-073,HIVE-006,ESP32-1006,2026-02-27T06:00:00,37,23,0.4138,early_stage_healthy,wet,cloudy_stable,28.28,76.31,83,100,130,198,0.2482,0.0,0.2961,not_ready,False,0,False
BH-HIG-056-067,HIVE-056,ESP32-1056,2026-05-09T06:00:00,125,24,1.0,high_gas_stress,inter_monsoon,humid_rain,31.39,77.83,206,243,286,377,0.8785,0.5936,0.4641,approaching,False,4,True
BH-LAT-030-043,HIVE-030,ESP32-1030,2026-04-26T06:00:00,144,27,0.9635,late_stage_ready,inter_monsoon,humid_rain,30.55,69.82,166,162,264,294,1.0,0.0,0.9588,ready,False,1,False
BH-LAT-033-045,HIVE-033,ESP32-1033,2026-01-28T22:00:00,128,25,0.9551,late_stage_ready,inter_monsoon,stable_clear,32.08,65.59,148,145,246,262,0.9926,0.0,0.9517,ready,False,0,False
BH-EAR-003-044,HIVE-003,ESP32-1003,2026-03-23T00:00:00,61,30,0.2815,early_stage_healthy,wet,storm_front,26.83,80.02,117,91,161,184,0.2318,0.0,0.2832,not_ready,False,1,False
BH-ENV-064-069,HIVE-064,ESP32-1064,2026-02-14T14:00:00,138,36,0.7207,environmentally_unstable,inter_monsoon,humid_rain,32.34,87.88,195,205,291,286,0.7563,0.6438,0.3285,not_ready,False,4,True
BH-EAR-001-004,HIVE-001,ESP32-1001,2026-01-29T04:00:00,39,14,0.238,early_stage_healthy,wet,cloudy_stable,28.94,70.7,78,90,151,203,0.1609,0.0,0.2208,not_ready,False,0,False
BH-LAT-022-085,HIVE-022,ESP32-1022,2026-03-21T22:00:00,149,43,0.83,late_stage_nearly_ready,dry,stable_clear,31.53,55.25,138,152,204,265,0.887,0.0,0.8598,ready,False,0,False
BH-LAT-033-055,HIVE-033,ESP32-1033,2026-01-31T10:00:00,132,28,0.9638,late_stage_ready,inter_monsoon,post_rain,31.94,71.11,170,157,259,279,0.9698,0.0,0.9319,ready,False,0,False
BH-ENV-063-012,HIVE-063,ESP32-1063,2026-03-27T16:00:00,122,11,0.6652,environmentally_unstable,inter_monsoon,post_rain,36.08,72.11,139,123,285,279,0.6802,0.6874,0.2382,not_ready,False,2,True
BH-LAT-031-001,HIVE-031,ESP32-1031,2026-02-07T06:00:00,134,9,0.9625,late_stage_ready,dry,stable_clear,31.39,61.41,146,176,235,259,1.0,0.0,0.9574,ready,False,0,False
BH-LAT-028-088,HIVE-028,ESP32-1028,2026-02-11T08:00:00,105,31,0.8502,late_stage_nearly_ready,inter_monsoon,cloudy_stable,30.82,70.3,133,120,205,262,0.8567,0.0035,0.8313,ready,False,0,False
BH-LAT-024-020,HIVE-024,ESP32-1024,2026-04-19T04:00:00,86,15,0.6606,late_stage_nearly_ready,dry,stable_clear,34.62,56.3,144,127,224,247,0.6991,0.1802,0.5944,approaching,False,1,False
BH-EAR-007-003,HIVE-007,ESP32-1007,2026-03-11T06:00:00,42,16,0.3114,early_stage_healthy,inter_monsoon,stable_clear,29.27,69.25,62,80,134,207,0.2427,0.0,0.2929,not_ready,False,0,False
BH-EAR-004-066,HIVE-004,ESP32-1004,2026-02-07T04:00:00,63,39,0.3645,early_stage_healthy,wet,humid_rain,28.07,81.27,96,96,125,219,0.2715,0.0,0.3183,not_ready,False,1,False
BH-LAT-020-072,HIVE-020,ESP32-1020,2026-02-09T20:00:00,120,30,0.8504,late_stage_nearly_ready,dry,cloudy_stable,32.67,66.08,121,152,222,254,0.8783,0.0096,0.8461,ready,False,0,False
BH-LAT-032-018,HIVE-032,ESP32-1032,2026-03-20T04:00:00,109,11,0.8859,late_stage_ready,inter_monsoon,stable_clear,30.3,64.48,169,129,245,275,0.9675,0.0,0.9296,ready,False,0,False
BH-EAR-003-042,HIVE-003,ESP32-1003,2026-03-22T12:00:00,60,34,0.2675,early_stage_healthy,wet,storm_front,26.86,80.56,113,90,141,191,0.243,0.0,0.2929,not_ready,False,1,False
BH-HIG-047-078,HIVE-047,ESP32-1047,2026-01-29T00:00:00,124,34,1.0,high_humidity_fermentation_risk,wet,humid_rain,29.98,94.95,159,175,257,353,0.9026,0.6924,0.4314,approaching,False,2,True
BH-LAT-026-043,HIVE-026,ESP32-1026,2026-03-20T06:00:00,124,27,0.8752,late_stage_nearly_ready,dry,midday_heat,32.61,62.29,153,134,247,266,0.9106,0.0,0.8805,ready,False,0,False
BH-HIG-047-073,HIVE-047,ESP32-1047,2026-01-27T18:00:00,123,31,0.9814,high_humidity_fermentation_risk,wet,post_rain,30.37,94.6,156,177,238,346,0.9154,0.678,0.4507,approaching,False,2,True
BH-EAR-001-031,HIVE-001,ESP32-1001,2026-02-04T22:00:00,49,25,0.3005,early_stage_healthy,wet,storm_front,27.4,81.23,94,119,173,230,0.2365,0.0008,0.2862,not_ready,False,1,False
BH-LAT-022-063,HIVE-022,ESP32-1022,2026-03-16T10:00:00,142,33,0.7973,late_stage_nearly_ready,dry,midday_heat,32.6,55.58,150,157,236,268,0.8714,0.0025,0.8448,ready,False,0,False
BH-LAT-023-005,HIVE-023,ESP32-1023,2026-01-28T06:00:00,108,15,0.8155,late_stage_nearly_ready,inter_monsoon,cloudy_stable,31.52,65.06,158,134,228,246,0.8201,0.0035,0.7991,nearly_ready,False,0,False
BH-LAT-022-088,HIVE-022,ESP32-1022,2026-03-22T16:00:00,149,46,0.8343,late_stage_nearly_ready,dry,stable_clear,31.11,55.4,137,146,214,251,0.8909,0.0007,0.8616,ready,False,0,False
BH-LAT-020-059,HIVE-020,ESP32-1020,2026-02-06T14:00:00,116,32,0.8196,late_stage_nearly_ready,dry,stable_clear,32.75,65.82,119,135,209,231,0.8644,0.0156,0.8316,ready,False,0,False
BH-EAR-009-071,HIVE-009,ESP32-1009,2026-02-27T14:00:00,61,47,0.5006,early_stage_healthy,wet,post_rain,29.0,75.04,88,114,173,201,0.3366,0.0,0.3757,approaching,False,0,False
BH-HIG-050-026,HIVE-050,ESP32-1050,2026-01-17T12:00:00,131,18,0.9625,high_humidity_fermentation_risk,inter_monsoon,humid_rain,30.92,94.06,178,190,250,340,0.9281,0.7132,0.4418,approaching,False,3,True
BH-HIG-051-049,HIVE-051,ESP32-1051,2026-03-03T14:00:00,146,37,0.9831,high_humidity_fermentation_risk,inter_monsoon,stable_clear,32.48,84.21,127,161,224,268,0.955,0.3151,0.746,nearly_ready,False,1,False
BH-EAR-008-042,HIVE-008,ESP32-1008,2026-02-21T04:00:00,45,16,0.1757,early_stage_healthy,wet,humid_rain,27.55,84.93,88,120,166,209,0.1603,0.0707,0.1803,not_ready,False,1,False
BH-MID-017-080,HIVE-017,ESP32-1017,2026-03-12T20:00:00,112,37,0.6731,mid_stage_stable,inter_monsoon,humid_rain,30.85,72.42,138,109,198,250,0.6401,0.0,0.6425,nearly_ready,False,0,False
BH-LAT-020-023,HIVE-020,ESP32-1020,2026-01-28T14:00:00,103,13,0.701,late_stage_nearly_ready,dry,stable_clear,32.85,64.6,118,141,214,238,0.7529,0.029,0.7255,nearly_ready,False,0,False
BH-LAT-021-029,HIVE-021,ESP32-1021,2026-01-14T18:00:00,93,19,0.6858,late_stage_nearly_ready,inter_monsoon,post_rain,29.42,70.95,128,127,230,286,0.756,0.0041,0.7412,nearly_ready,False,0,False
BH-EAR-007-035,HIVE-007,ESP32-1007,2026-03-19T06:00:00,48,15,0.4166,early_stage_healthy,inter_monsoon,stable_clear,29.59,71.36,76,84,150,205,0.2761,0.0,0.3214,not_ready,False,0,False
BH-HIG-046-078,HIVE-046,ESP32-1046,2026-03-05T08:00:00,145,31,0.9848,high_humidity_fermentation_risk,wet,cloudy_stable,29.12,89.29,160,149,239,288,0.9458,0.5503,0.5479,approaching,False,1,True
BH-EAR-003-038,HIVE-003,ESP32-1003,2026-03-21T12:00:00,57,27,0.2545,early_stage_healthy,wet,humid_rain,27.66,78.26,113,81,152,171,0.2233,0.0,0.276,not_ready,False,0,False
BH-MID-019-066,HIVE-019,ESP32-1019,2026-04-03T08:00:00,83,38,0.5028,mid_stage_stable,dry,cloudy_stable,31.35,66.85,95,130,188,257,0.5506,0.0,0.5628,approaching,False,0,False
BH-MID-019-049,HIVE-019,ESP32-1019,2026-03-30T02:00:00,77,25,0.4513,mid_stage_stable,dry,stable_clear,32.05,63.63,101,131,185,268,0.4719,0.0,0.4934,approaching,False,0,False
BH-LAT-036-060,HIVE-036,ESP32-1036,2026-04-11T16:00:00,128,33,0.9514,late_stage_ready,dry,midday_heat,33.67,48.23,182,145,249,285,0.9808,0.2514,0.804,ready,False,2,False
BH-EAR-007-043,HIVE-007,ESP32-1007,2026-03-21T06:00:00,50,17,0.4554,early_stage_healthy,inter_monsoon,cloudy_stable,29.05,71.85,68,72,154,203,0.3118,0.0,0.3532,approaching,False,0,False
BH-EAR-008-078,HIVE-008,ESP32-1008,2026-03-02T04:00:00,50,23,0.224,early_stage_healthy,wet,humid_rain,27.77,85.42,88,111,176,223,0.1551,0.0437,0.1913,not_ready,False,1,False
BH-LAT-021-039,HIVE-021,ESP32-1021,2026-01-17T06:00:00,98,21,0.6851,late_stage_nearly_ready,inter_monsoon,stable_clear,30.23,67.2,132,106,226,285,0.7689,0.0101,0.7501,nearly_ready,False,0,False
BH-EAR-001-039,HIVE-001,ESP32-1001,2026-02-06T22:00:00,53,24,0.3063,early_stage_healthy,wet,humid_rain,28.13,76.14,89,109,167,215,0.2353,0.0,0.2865,not_ready,False,0,False
BH-EAR-005-020,HIVE-005,ESP32-1005,2026-04-29T00:00:00,58,22,0.2278,early_stage_healthy,inter_monsoon,humid_rain,27.61,75.68,56,74,131,214,0.2381,0.0,0.2893,not_ready,False,0,False
BH-ENV-061-013,HIVE-061,ESP32-1061,2026-01-10T06:00:00,118,15,0.7086,environmentally_unstable,dry,cloudy_stable,31.58,88.39,204,204,242,278,0.6775,0.5683,0.3023,not_ready,False,3,True
BH-LAT-034-073,HIVE-034,ESP32-1034,2026-04-15T14:00:00,144,19,0.9575,late_stage_ready,dry,stable_clear,33.49,53.53,154,156,210,297,0.9897,0.0473,0.9234,ready,False,0,False
BH-LAT-033-068,HIVE-033,ESP32-1033,2026-02-03T16:00:00,136,29,0.9906,late_stage_ready,inter_monsoon,stable_clear,31.95,63.7,157,159,233,267,1.0,0.0,0.9588,ready,False,0,False
BH-MID-016-064,HIVE-016,ESP32-1016,2026-02-16T00:00:00,75,35,0.6572,mid_stage_stable,dry,stable_clear,32.37,66.99,131,100,185,225,0.5989,0.0,0.6065,nearly_ready,False,0,False
BH-LAT-030-062,HIVE-030,ESP32-1030,2026-05-01T00:00:00,155,41,0.9739,late_stage_ready,inter_monsoon,post_rain,30.43,68.76,159,163,257,282,1.0,0.0,0.9583,ready,False,0,False
BH-LAT-021-059,HIVE-021,ESP32-1021,2026-01-22T06:00:00,106,32,0.7429,late_stage_nearly_ready,inter_monsoon,cloudy_stable,29.98,69.0,133,127,228,277,0.7919,0.0,0.776,nearly_ready,False,0,False
BH-MID-010-023,HIVE-010,ESP32-1010,2026-02-08T06:00:00,90,19,0.6124,mid_stage_stable,inter_monsoon,stable_clear,32.21,71.34,94,104,180,256,0.6188,0.0,0.6237,nearly_ready,False,0,False
BH-LAT-027-087,HIVE-027,ESP32-1027,2026-04-29T10:00:00,151,53,0.9318,late_stage_nearly_ready,inter_monsoon,stable_clear,31.68,67.71,151,129,186,288,0.9693,0.0,0.9324,ready,False,0,False
BH-LAT-020-000,HIVE-020,ESP32-1020,2026-01-22T20:00:00,99,11,0.6564,late_stage_nearly_ready,dry,cloudy_stable,31.83,68.9,116,127,197,228,0.7071,0.0,0.7003,nearly_ready,False,0,False
BH-LAT-027-050,HIVE-027,ESP32-1027,2026-04-20T04:00:00,136,35,0.8652,late_stage_nearly_ready,inter_monsoon,stable_clear,31.84,68.99,145,135,194,288,0.8697,0.0,0.8425,ready,False,0,False
BH-LAT-022-065,HIVE-022,ESP32-1022,2026-03-16T22:00:00,143,34,0.7922,late_stage_nearly_ready,dry,midday_heat,32.94,53.08,149,168,236,261,0.897,0.1063,0.8104,ready,False,0,False
BH-EAR-005-013,HIVE-005,ESP32-1005,2026-04-27T06:00:00,55,10,0.2147,early_stage_healthy,inter_monsoon,stable_clear,28.82,71.59,62,81,114,203,0.2102,0.0,0.2637,not_ready,False,0,False
BH-EAR-004-009,HIVE-004,ESP32-1004,2026-01-23T22:00:00,34,17,0.1098,early_stage_healthy,wet,humid_rain,27.68,82.42,102,87,132,224,0.1479,0.0176,0.1998,not_ready,False,1,False
BH-LAT-037-045,HIVE-037,ESP32-1037,2026-04-12T14:00:00,152,31,0.9364,late_stage_ready,inter_monsoon,stable_clear,31.1,61.96,164,181,244,284,1.0,0.0,0.959,ready,False,1,False
BH-LAT-034-060,HIVE-034,ESP32-1034,2026-04-12T08:00:00,142,22,0.934,late_stage_ready,dry,stable_clear,33.57,52.52,140,154,227,298,1.0,0.1072,0.9004,ready,False,1,False
BH-LAT-028-025,HIVE-028,ESP32-1028,2026-01-26T14:00:00,87,15,0.7529,late_stage_nearly_ready,inter_monsoon,stable_clear,31.44,67.83,140,114,202,273,0.7643,0.0061,0.7476,nearly_ready,False,0,False
BH-LAT-033-060,HIVE-033,ESP32-1033,2026-02-01T16:00:00,134,35,0.9699,late_stage_ready,inter_monsoon,post_rain,31.42,69.13,166,155,252,279,1.0,0.0,0.9586,ready,False,0,False
BH-LAT-042-050,HIVE-042,ESP32-1042,2026-03-11T16:00:00,153,37,0.9726,late_stage_overheated,dry,cloudy_stable,37.27,74.03,142,173,257,295,0.9773,0.6509,0.5208,approaching,False,1,True
BH-EAR-008-005,HIVE-008,ESP32-1008,2026-02-11T22:00:00,39,14,0.1349,early_stage_healthy,wet,cloudy_stable,28.36,82.42,79,104,170,197,0.1369,0.0264,0.1832,not_ready,False,1,False
BH-HIG-050-031,HIVE-050,ESP32-1050,2026-01-18T18:00:00,133,21,0.9534,high_humidity_fermentation_risk,inter_monsoon,cloudy_stable,30.89,88.67,186,195,274,373,0.9324,0.672,0.4656,approaching,False,5,True
BH-MID-019-024,HIVE-019,ESP32-1019,2026-03-23T20:00:00,66,22,0.328,mid_stage_stable,dry,stable_clear,32.4,63.93,91,117,181,247,0.394,0.0,0.4262,approaching,False,0,False
BH-LAT-025-070,HIVE-025,ESP32-1025,2026-05-09T20:00:00,115,38,0.7647,late_stage_nearly_ready,dry,cloudy_stable,33.22,65.38,133,158,232,253,0.8469,0.0685,0.7871,nearly_ready,False,0,False
BH-LAT-023-052,HIVE-023,ESP32-1023,2026-02-09T00:00:00,125,27,0.9325,late_stage_nearly_ready,inter_monsoon,stable_clear,31.89,63.22,158,134,224,255,0.9391,0.0,0.9056,ready,False,0,False
BH-LAT-033-078,HIVE-033,ESP32-1033,2026-02-06T04:00:00,138,37,1.0,late_stage_ready,inter_monsoon,post_rain,31.15,68.58,166,153,255,270,1.0,0.0,0.9579,ready,False,0,False
BH-EAR-002-025,HIVE-002,ESP32-1002,2026-01-14T02:00:00,59,24,0.1519,early_stage_healthy,inter_monsoon,stable_clear,31.62,66.92,92,72,145,168,0.154,0.0,0.214,not_ready,False,0,False
BH-EAR-009-011,HIVE-009,ESP32-1009,2026-02-12T14:00:00,30,16,0.2721,early_stage_healthy,wet,post_rain,27.76,78.56,77,113,191,221,0.1784,0.0,0.2359,not_ready,False,0,False
BH-EAR-003-005,HIVE-003,ESP32-1003,2026-03-13T06:00:00,40,11,0.1579,early_stage_healthy,wet,post_rain,27.51,76.72,106,74,138,185,0.1718,0.0,0.2305,not_ready,False,0,False
BH-LAT-030-083,HIVE-030,ESP32-1030,2026-05-06T06:00:00,160,52,1.0,late_stage_ready,inter_monsoon,humid_rain,30.15,67.45,159,154,252,289,1.0,0.0,0.9586,ready,False,0,False
BH-LAT-026-051,HIVE-026,ESP32-1026,2026-03-22T06:00:00,128,28,0.9008,late_stage_nearly_ready,dry,stable_clear,31.13,64.7,144,131,232,250,0.8696,0.0,0.8441,ready,False,0,False
BH-LAT-020-055,HIVE-020,ESP32-1020,2026-02-05T14:00:00,115,28,0.7977,late_stage_nearly_ready,dry,cloudy_stable,33.16,62.79,136,151,214,245,0.8155,0.0686,0.7579,nearly_ready,False,0,False
BH-HIG-051-053,HIVE-051,ESP32-1051,2026-03-04T14:00:00,148,35,1.0,high_humidity_fermentation_risk,inter_monsoon,stable_clear,32.71,78.19,125,151,264,255,0.9638,0.2909,0.7658,nearly_ready,False,1,False
BH-MID-010-051,HIVE-010,ESP32-1010,2026-02-15T06:00:00,105,35,0.7127,mid_stage_stable,inter_monsoon,stable_clear,31.28,72.16,103,107,183,251,0.6634,0.0,0.663,nearly_ready,False,0,False
BH-LAT-035-002,HIVE-035,ESP32-1035,2026-01-16T12:00:00,97,13,0.8416,late_stage_ready,inter_monsoon,humid_rain,31.04,67.25,169,151,249,266,0.8774,0.0,0.8508,ready,False,0,False
BH-LAT-030-057,HIVE-030,ESP32-1030,2026-04-29T18:00:00,152,44,1.0,late_stage_ready,inter_monsoon,post_rain,30.36,67.27,160,156,256,284,1.0,0.0,0.9575,ready,False,0,False
BH-LAT-031-048,HIVE-031,ESP32-1031,2026-02-19T00:00:00,146,20,0.9909,late_stage_ready,dry,stable_clear,32.49,59.64,159,188,253,280,1.0,0.0,0.9582,ready,False,1,False
BH-LAT-021-044,HIVE-021,ESP32-1021,2026-01-18T12:00:00,100,21,0.7263,late_stage_nearly_ready,inter_monsoon,stable_clear,30.32,68.0,141,115,225,281,0.7933,0.0,0.7776,nearly_ready,False,0,False
BH-LAT-030-069,HIVE-030,ESP32-1030,2026-05-02T18:00:00,157,44,0.9988,late_stage_ready,inter_monsoon,humid_rain,31.41,63.57,164,161,264,285,1.0,0.0,0.958,ready,False,1,False
BH-MID-014-057,HIVE-014,ESP32-1014,2026-04-12T14:00:00,85,24,0.6549,mid_stage_stable,inter_monsoon,cloudy_stable,29.82,67.37,124,107,171,264,0.565,0.0,0.5758,approaching,False,0,False
BH-LAT-030-078,HIVE-030,ESP32-1030,2026-05-05T00:00:00,160,47,1.0,late_stage_ready,inter_monsoon,humid_rain,30.43,69.59,156,163,268,300,1.0,0.0,0.9589,ready,False,1,False
BH-LAT-033-075,HIVE-033,ESP32-1033,2026-02-05T10:00:00,137,33,1.0,late_stage_ready,inter_monsoon,stable_clear,32.07,62.44,168,147,228,257,1.0,0.0,0.9595,ready,False,0,False
BH-ENV-064-006,HIVE-064,ESP32-1064,2026-01-29T20:00:00,110,14,0.5405,environmentally_unstable,inter_monsoon,midday_heat,34.2,78.78,187,203,292,285,0.6158,0.6214,0.2178,not_ready,False,4,True
BH-LAT-022-057,HIVE-022,ESP32-1022,2026-03-14T22:00:00,139,39,0.7921,late_stage_nearly_ready,dry,stable_clear,31.65,56.04,140,146,227,262,0.8706,0.0,0.8457,ready,False,0,False
BH-HIG-051-046,HIVE-051,ESP32-1051,2026-03-02T20:00:00,144,34,0.9805,high_humidity_fermentation_risk,inter_monsoon,post_rain,31.64,84.76,126,163,220,273,0.9502,0.3519,0.722,nearly_ready,False,1,False
BH-MID-019-073,HIVE-019,ESP32-1019,2026-04-05T02:00:00,85,32,0.4982,mid_stage_stable,dry,cloudy_stable,30.91,70.18,95,131,194,247,0.5585,0.0,0.5708,approaching,False,0,False
BH-EAR-002-062,HIVE-002,ESP32-1002,2026-01-23T08:00:00,75,36,0.2628,early_stage_healthy,inter_monsoon,humid_rain,30.62,72.34,99,85,172,177,0.2344,0.0,0.2832,not_ready,False,0,False
BH-HIG-045-064,HIVE-045,ESP32-1045,2026-01-29T04:00:00,127,47,0.9775,high_humidity_fermentation_risk,inter_monsoon,stable_clear,33.1,91.02,134,122,221,313,0.9433,0.6409,0.4941,approaching,False,1,True
BH-MID-019-002,HIVE-019,ESP32-1019,2026-03-18T08:00:00,61,8,0.2786,mid_stage_stable,dry,stable_clear,30.54,65.16,83,107,159,247,0.3712,0.0,0.4052,approaching,False,0,False
BH-MID-011-030,HIVE-011,ESP32-1011,2026-04-14T00:00:00,94,18,0.6097,mid_stage_stable,dry,stable_clear,33.44,60.94,114,84,181,259,0.5726,0.011,0.5754,approaching,False,0,False
BH-LAT-020-066,HIVE-020,ESP32-1020,2026-02-08T08:00:00,119,30,0.825,late_stage_nearly_ready,dry,midday_heat,34.3,63.05,134,149,223,258,0.8168,0.1406,0.7203,nearly_ready,False,1,False
BH-EAR-005-033,HIVE-005,ESP32-1005,2026-05-02T06:00:00,64,22,0.2607,early_stage_healthy,inter_monsoon,stable_clear,29.97,73.44,57,73,119,204,0.2326,0.0,0.2832,not_ready,False,0,False
BH-MID-012-068,HIVE-012,ESP32-1012,2026-02-08T12:00:00,107,47,0.7788,mid_stage_stable,dry,midday_heat,34.67,67.4,118,127,198,233,0.6723,0.1356,0.5957,approaching,False,1,False
BH-LAT-025-016,HIVE-025,ESP32-1025,2026-04-26T08:00:00,92,16,0.6379,late_stage_nearly_ready,dry,midday_heat,34.85,61.63,144,161,231,254,0.702,0.235,0.5677,approaching,False,1,False
BH-LAT-036-035,HIVE-036,ESP32-1036,2026-04-05T10:00:00,120,16,0.9056,late_stage_ready,dry,midday_heat,34.19,47.93,177,145,249,284,0.9536,0.2709,0.7695,nearly_ready,False,1,False
BH-LAT-022-010,HIVE-022,ESP32-1022,2026-03-03T04:00:00,119,18,0.6591,late_stage_nearly_ready,dry,cloudy_stable,31.79,56.88,149,151,235,264,0.7469,0.0,0.7339,nearly_ready,False,0,False
BH-LAT-023-044,HIVE-023,ESP32-1023,2026-02-07T00:00:00,121,23,0.8896,late_stage_nearly_ready,inter_monsoon,stable_clear,31.67,62.87,157,137,235,249,0.8906,0.0,0.8627,ready,False,0,False
BH-LAT-024-025,HIVE-024,ESP32-1024,2026-04-20T10:00:00,87,19,0.6641,late_stage_nearly_ready,dry,stable_clear,33.42,57.3,144,118,202,250,0.7054,0.0407,0.6777,nearly_ready,False,0,False
BH-MID-019-052,HIVE-019,ESP32-1019,2026-03-30T20:00:00,78,28,0.4325,mid_stage_stable,dry,cloudy_stable,30.85,67.27,89,120,179,251,0.4653,0.0,0.4885,approaching,False,0,False
BH-LAT-035-004,HIVE-035,ESP32-1035,2026-01-17T00:00:00,97,13,0.8243,late_stage_ready,inter_monsoon,humid_rain,30.97,67.23,162,140,248,268,0.8778,0.0,0.852,ready,False,0,False
BH-ENV-060-085,HIVE-060,ESP32-1060,2026-05-02T18:00:00,146,44,0.7811,environmentally_unstable,inter_monsoon,stable_clear,34.14,76.58,178,106,247,245,0.7814,0.377,0.5571,approaching,False,1,False
BH-LAT-026-034,HIVE-026,ESP32-1026,2026-03-18T00:00:00,119,24,0.8469,late_stage_nearly_ready,dry,stable_clear,31.39,64.29,139,129,230,258,0.8457,0.0,0.8233,ready,False,0,False
BH-LAT-021-054,HIVE-021,ESP32-1021,2026-01-21T00:00:00,104,32,0.7631,late_stage_nearly_ready,inter_monsoon,humid_rain,29.49,68.64,147,134,246,283,0.7916,0.0191,0.7642,nearly_ready,False,0,False
BH-ENV-062-067,HIVE-062,ESP32-1062,2026-04-03T22:00:00,98,28,0.8477,environmentally_unstable,inter_monsoon,humid_rain,34.35,67.05,125,164,225,260,0.7752,0.3356,0.5768,approaching,False,1,False
BH-HIG-052-001,HIVE-052,ESP32-1052,2026-03-15T06:00:00,96,17,0.6936,high_gas_stress,wet,humid_rain,31.51,75.71,231,206,303,328,0.7233,0.5533,0.3485,not_ready,False,4,True
BH-LAT-033-058,HIVE-033,ESP32-1033,2026-02-01T04:00:00,133,25,0.9652,late_stage_ready,inter_monsoon,humid_rain,31.42,71.44,174,165,248,274,0.9809,0.0,0.9425,ready,False,0,False
BH-EAR-002-019,HIVE-002,ESP32-1002,2026-01-12T14:00:00,57,12,0.1191,early_stage_healthy,inter_monsoon,stable_clear,31.13,67.26,87,83,159,174,0.1622,0.0,0.222,not_ready,False,0,False
BH-LAT-025-073,HIVE-025,ESP32-1025,2026-05-10T14:00:00,116,37,0.734,late_stage_nearly_ready,dry,cloudy_stable,33.64,66.28,133,160,235,236,0.8179,0.1369,0.724,nearly_ready,False,1,False
BH-LAT-031-060,HIVE-031,ESP32-1031,2026-02-22T00:00:00,150,32,0.9718,late_stage_ready,dry,stable_clear,31.98,60.06,165,182,246,270,1.0,0.0,0.9586,ready,False,1,False
BH-LAT-030-076,HIVE-030,ESP32-1030,2026-05-04T12:00:00,159,47,0.9867,late_stage_ready,inter_monsoon,humid_rain,29.87,67.64,167,157,265,287,1.0,0.0,0.9595,ready,False,1,False
BH-HIG-046-035,HIVE-046,ESP32-1046,2026-02-22T14:00:00,135,20,0.9179,high_humidity_fermentation_risk,wet,post_rain,27.74,91.94,157,148,247,264,0.8902,0.5925,0.4763,approaching,False,1,True
BH-MID-016-065,HIVE-016,ESP32-1016,2026-02-16T06:00:00,75,34,0.6803,mid_stage_stable,dry,stable_clear,32.49,66.51,125,102,191,213,0.6242,0.0,0.6284,nearly_ready,False,0,False
BH-LAT-035-065,HIVE-035,ESP32-1035,2026-02-01T06:00:00,108,21,0.9955,late_stage_ready,inter_monsoon,cloudy_stable,32.07,62.17,161,148,242,263,1.0,0.0,0.959,ready,False,0,False
BH-LAT-026-073,HIVE-026,ESP32-1026,2026-03-27T18:00:00,139,39,0.9814,late_stage_nearly_ready,dry,midday_heat,32.96,62.32,151,146,249,265,0.9369,0.0395,0.8824,ready,False,0,False
BH-EAR-001-057,HIVE-001,ESP32-1001,2026-02-11T10:00:00,62,34,0.3714,early_stage_healthy,wet,post_rain,29.02,75.64,86,109,166,216,0.2738,0.0,0.3197,not_ready,False,0,False
BH-HIG-051-005,HIVE-051,ESP32-1051,2026-02-20T14:00:00,127,11,0.9853,high_humidity_fermentation_risk,inter_monsoon,post_rain,32.0,86.49,122,164,233,288,0.9538,0.3926,0.7029,nearly_ready,False,1,False
BH-LAT-024-049,HIVE-024,ESP32-1024,2026-04-26T10:00:00,98,24,0.7281,late_stage_nearly_ready,dry,stable_clear,33.71,56.99,138,120,217,241,0.7962,0.134,0.7061,nearly_ready,False,1,False
BH-LAT-023-004,HIVE-023,ESP32-1023,2026-01-28T00:00:00,108,11,0.7894,late_stage_nearly_ready,inter_monsoon,stable_clear,31.47,64.24,155,132,229,249,0.8208,0.0,0.7995,nearly_ready,False,0,False
BH-LAT-035-029,HIVE-035,ESP32-1035,2026-01-23T06:00:00,100,18,0.8778,late_stage_ready,inter_monsoon,post_rain,31.38,67.17,167,151,245,270,0.9522,0.0,0.9171,ready,False,0,False
BH-MID-011-002,HIVE-011,ESP32-1011,2026-04-07T00:00:00,84,18,0.5379,mid_stage_stable,dry,midday_heat,33.86,64.75,115,89,185,265,0.5141,0.1074,0.4711,approaching,False,1,False
BH-EAR-006-052,HIVE-006,ESP32-1006,2026-02-22T00:00:00,32,18,0.3224,early_stage_healthy,wet,humid_rain,28.14,78.95,96,98,131,208,0.1827,0.0,0.2402,not_ready,False,0,False
BH-MID-012-060,HIVE-012,ESP32-1012,2026-02-06T12:00:00,104,35,0.7486,mid_stage_stable,dry,stable_clear,33.8,72.52,130,129,183,219,0.6511,0.1133,0.5893,approaching,False,1,False
BH-ENV-061-044,HIVE-061,ESP32-1061,2026-01-18T00:00:00,126,24,0.74,environmentally_unstable,dry,stable_clear,32.39,80.22,173,164,221,258,0.7376,0.2708,0.5794,approaching,False,1,False
BH-EAR-006-049,HIVE-006,ESP32-1006,2026-02-21T06:00:00,31,17,0.3446,early_stage_healthy,wet,post_rain,28.25,77.75,89,94,132,204,0.2053,0.0,0.2597,not_ready,False,0,False
BH-ENV-064-055,HIVE-064,ESP32-1064,2026-02-11T02:00:00,132,34,0.6751,environmentally_unstable,inter_monsoon,midday_heat,33.23,79.1,186,196,303,298,0.6884,0.5543,0.3157,not_ready,False,3,True
BH-EAR-001-047,HIVE-001,ESP32-1001,2026-02-08T22:00:00,57,26,0.3482,early_stage_healthy,wet,humid_rain,28.32,76.14,86,113,167,209,0.2334,0.0,0.2844,not_ready,False,0,False
BH-HIG-056-005,HIVE-056,ESP32-1056,2026-04-23T18:00:00,109,13,0.8473,high_gas_stress,inter_monsoon,humid_rain,31.56,77.82,205,232,298,376,0.8462,0.5662,0.451,approaching,False,4,True
BH-MID-017-077,HIVE-017,ESP32-1017,2026-03-12T02:00:00,112,42,0.6727,mid_stage_stable,inter_monsoon,humid_rain,31.3,70.53,136,101,193,239,0.6044,0.0,0.6092,nearly_ready,False,0,False
BH-EAR-005-027,HIVE-005,ESP32-1005,2026-04-30T18:00:00,61,24,0.2395,early_stage_healthy,inter_monsoon,post_rain,28.42,75.17,66,73,133,203,0.2133,0.0,0.2663,not_ready,False,0,False
BH-EAR-004-026,HIVE-004,ESP32-1004,2026-01-28T04:00:00,41,22,0.1686,early_stage_healthy,wet,humid_rain,28.0,82.8,96,98,119,221,0.1202,0.0279,0.1698,not_ready,False,1,False
BH-LAT-029-062,HIVE-029,ESP32-1029,2026-03-05T12:00:00,113,32,0.6832,late_stage_nearly_ready,dry,stable_clear,32.74,55.97,153,152,233,260,0.7828,0.0242,0.7535,nearly_ready,False,0,False
BH-EAR-008-025,HIVE-008,ESP32-1008,2026-02-16T22:00:00,42,14,0.1233,early_stage_healthy,wet,humid_rain,28.65,85.04,85,113,173,209,0.159,0.0704,0.1806,not_ready,False,1,False
BH-LAT-033-022,HIVE-033,ESP32-1033,2026-01-23T04:00:00,120,15,0.9599,late_stage_ready,inter_monsoon,post_rain,31.02,70.25,165,150,243,283,0.9719,0.0,0.9338,ready,False,0,False
BH-LAT-024-006,HIVE-024,ESP32-1024,2026-04-15T16:00:00,82,14,0.6515,late_stage_nearly_ready,dry,midday_heat,35.03,54.46,155,135,233,257,0.6935,0.2528,0.5504,approaching,False,1,False
BH-LAT-032-014,HIVE-032,ESP32-1032,2026-03-19T04:00:00,109,19,0.8459,late_stage_ready,inter_monsoon,cloudy_stable,30.32,61.9,164,136,231,270,0.9362,0.0,0.9032,ready,False,0,False
BH-LAT-028-020,HIVE-028,ESP32-1028,2026-01-25T08:00:00,86,14,0.7294,late_stage_nearly_ready,inter_monsoon,post_rain,30.76,70.57,135,132,215,277,0.7729,0.0,0.7571,nearly_ready,False,0,False
BH-EAR-005-074,HIVE-005,ESP32-1005,2026-05-12T12:00:00,83,44,0.3405,early_stage_healthy,inter_monsoon,stable_clear,29.76,67.04,54,53,159,215,0.2739,0.0,0.3159,not_ready,False,0,False
BH-ENV-061-011,HIVE-061,ESP32-1061,2026-01-09T18:00:00,118,18,0.7113,environmentally_unstable,dry,cloudy_stable,31.85,87.77,197,201,241,289,0.7432,0.5858,0.3499,not_ready,False,3,True
BH-MID-011-007,HIVE-011,ESP32-1011,2026-04-08T06:00:00,85,16,0.511,mid_stage_stable,dry,midday_heat,34.28,62.23,130,89,183,250,0.5218,0.1005,0.4819,approaching,False,1,False
BH-MID-011-055,HIVE-011,ESP32-1011,2026-04-20T06:00:00,109,43,0.7212,mid_stage_stable,dry,stable_clear,33.47,63.98,121,90,186,251,0.6296,0.0232,0.62,nearly_ready,False,0,False
BH-EAR-003-035,HIVE-003,ESP32-1003,2026-03-20T18:00:00,55,28,0.2592,early_stage_healthy,wet,humid_rain,27.64,78.49,119,83,138,167,0.2356,0.0,0.2867,not_ready,False,0,False
BH-EAR-009-025,HIVE-009,ESP32-1009,2026-02-16T02:00:00,36,22,0.3236,early_stage_healthy,wet,cloudy_stable,29.0,71.83,73,107,171,184,0.2365,0.0,0.286,not_ready,False,0,False
BH-ENV-064-027,HIVE-064,ESP32-1064,2026-02-04T02:00:00,117,18,0.5745,environmentally_unstable,inter_monsoon,stable_clear,32.04,82.02,192,212,313,314,0.6646,0.5336,0.31,not_ready,False,4,True
BH-EAR-001-032,HIVE-001,ESP32-1001,2026-02-05T04:00:00,49,22,0.293,early_stage_healthy,wet,storm_front,27.2,80.46,98,122,176,227,0.2154,0.0071,0.2646,not_ready,False,1,False
BH-MID-015-051,HIVE-015,ESP32-1015,2026-04-20T22:00:00,85,28,0.5744,mid_stage_stable,dry,midday_heat,33.99,56.93,129,105,175,233,0.5712,0.0891,0.5319,approaching,False,1,False
BH-LAT-036-081,HIVE-036,ESP32-1036,2026-04-16T22:00:00,132,37,0.982,late_stage_ready,dry,midday_heat,34.28,49.42,176,144,246,270,1.0,0.2222,0.8356,ready,False,1,False
BH-LAT-023-088,HIVE-023,ESP32-1023,2026-02-18T00:00:00,136,41,0.9795,late_stage_nearly_ready,inter_monsoon,stable_clear,32.06,63.68,172,137,229,269,0.9534,0.0,0.9171,ready,False,0,False
BH-LAT-030-006,HIVE-030,ESP32-1030,2026-04-17T00:00:00,127,10,0.9534,late_stage_ready,inter_monsoon,stable_clear,30.55,60.67,140,150,255,280,0.9618,0.0,0.9255,ready,False,0,False
BH-EAR-003-072,HIVE-003,ESP32-1003,2026-03-30T00:00:00,75,46,0.3758,early_stage_healthy,wet,humid_rain,27.84,78.98,117,78,155,193,0.2653,0.0,0.3123,not_ready,False,0,False
BH-HIG-058-005,HIVE-058,ESP32-1058,2026-01-17T10:00:00,85,12,0.9955,high_gas_stress,wet,storm_front,30.6,80.13,193,173,314,353,0.8355,0.5333,0.4611,approaching,False,4,True
BH-MID-010-050,HIVE-010,ESP32-1010,2026-02-15T00:00:00,105,30,0.7049,mid_stage_stable,inter_monsoon,stable_clear,31.4,72.83,102,109,189,263,0.6638,0.0,0.6629,nearly_ready,False,0,False
BH-LAT-034-010,HIVE-034,ESP32-1034,2026-03-30T20:00:00,133,15,0.8412,late_stage_ready,dry,midday_heat,34.39,51.75,149,165,223,303,0.9676,0.2099,0.8151,ready,False,1,False
BH-HIG-047-019,HIVE-047,ESP32-1047,2026-01-14T06:00:00,108,12,0.9838,high_humidity_fermentation_risk,wet,humid_rain,29.96,93.8,155,177,238,348,0.8874,0.6354,0.4507,approaching,False,2,True
BH-HIG-050-068,HIVE-050,ESP32-1050,2026-01-28T00:00:00,150,39,1.0,high_humidity_fermentation_risk,inter_monsoon,stable_clear,31.25,89.73,162,173,227,315,0.9571,0.5636,0.55,approaching,False,1,True
BH-LAT-034-033,HIVE-034,ESP32-1034,2026-04-05T14:00:00,137,20,0.8605,late_stage_ready,dry,midday_heat,34.93,51.08,146,163,219,300,0.9891,0.2763,0.7977,nearly_ready,False,1,False
BH-HIG-053-045,HIVE-053,ESP32-1053,2026-05-10T02:00:00,96,20,0.7931,high_gas_stress,inter_monsoon,cloudy_stable,32.55,76.28,191,218,287,343,0.7474,0.555,0.3713,approaching,False,4,True
BH-LAT-027-009,HIVE-027,ESP32-1027,2026-04-09T22:00:00,117,13,0.7628,late_stage_nearly_ready,inter_monsoon,humid_rain,30.33,75.26,157,146,206,300,0.8018,0.0186,0.7749,nearly_ready,False,0,False
BH-LAT-023-038,HIVE-023,ESP32-1023,2026-02-05T12:00:00,119,19,0.8799,late_stage_nearly_ready,inter_monsoon,stable_clear,31.47,64.22,171,142,230,262,0.9012,0.0,0.8715,ready,False,0,False
BH-LAT-030-067,HIVE-030,ESP32-1030,2026-05-02T06:00:00,157,43,1.0,late_stage_ready,inter_monsoon,humid_rain,30.29,65.08,153,162,262,280,1.0,0.0,0.9565,ready,False,1,False
BH-ENV-064-086,HIVE-064,ESP32-1064,2026-02-18T20:00:00,142,40,0.7373,environmentally_unstable,inter_monsoon,post_rain,31.84,88.74,193,207,303,301,0.7346,0.6353,0.3156,not_ready,False,4,True
BH-LAT-037-052,HIVE-037,ESP32-1037,2026-04-14T08:00:00,156,31,0.9354,late_stage_ready,inter_monsoon,stable_clear,31.03,60.76,156,181,236,281,1.0,0.0,0.9594,ready,False,1,False
BH-LAT-023-080,HIVE-023,ESP32-1023,2026-02-16T00:00:00,135,35,0.9915,late_stage_nearly_ready,inter_monsoon,stable_clear,31.98,62.9,160,136,231,259,0.9465,0.0,0.9122,ready,False,0,False
BH-ENV-063-084,HIVE-063,ESP32-1063,2026-04-14T16:00:00,146,36,0.8395,environmentally_unstable,inter_monsoon,cloudy_stable,33.6,69.67,139,114,300,288,0.7925,0.3716,0.5705,approaching,False,2,False
BH-HIG-050-057,HIVE-050,ESP32-1050,2026-01-25T06:00:00,145,36,0.9989,high_humidity_fermentation_risk,inter_monsoon,humid_rain,29.76,89.55,164,174,240,312,0.9312,0.5725,0.5243,approaching,False,1,True
BH-LAT-023-054,HIVE-023,ESP32-1023,2026-02-09T12:00:00,126,26,0.9292,late_stage_nearly_ready,inter_monsoon,humid_rain,31.1,66.71,166,139,222,252,0.8769,0.0,0.8482,ready,False,0,False
BH-EAR-006-001,HIVE-006,ESP32-1006,2026-02-09T06:00:00,19,5,0.1648,early_stage_healthy,wet,cloudy_stable,29.11,73.08,82,78,115,199,0.0938,0.0,0.1619,not_ready,False,0,False
BH-LAT-020-083,HIVE-020,ESP32-1020,2026-02-12T14:00:00,122,34,0.8431,late_stage_nearly_ready,dry,midday_heat,34.06,67.89,140,159,227,259,0.8649,0.1525,0.756,nearly_ready,False,1,False
BH-ENV-065-079,HIVE-065,ESP32-1065,2026-02-02T14:00:00,147,41,0.9103,environmentally_unstable,inter_monsoon,stable_clear,34.02,66.11,134,206,255,375,0.8284,0.588,0.4199,approaching,False,3,True
BH-LAT-028-024,HIVE-028,ESP32-1028,2026-01-26T08:00:00,87,13,0.7522,late_stage_nearly_ready,inter_monsoon,stable_clear,30.9,67.6,132,120,213,269,0.7955,0.0013,0.7786,nearly_ready,False,0,False
BH-MID-013-004,HIVE-013,ESP32-1013,2026-03-22T16:00:00,82,15,0.2864,mid_stage_stable,inter_monsoon,stable_clear,31.07,62.48,87,107,153,234,0.4253,0.0,0.4529,approaching,False,0,False
BH-EAR-008-069,HIVE-008,ESP32-1008,2026-02-27T22:00:00,50,23,0.2063,early_stage_healthy,wet,humid_rain,27.98,86.4,88,117,187,210,0.2028,0.0956,0.2051,not_ready,False,1,False
BH-LAT-022-079,HIVE-022,ESP32-1022,2026-03-20T10:00:00,148,46,0.8134,late_stage_nearly_ready,dry,stable_clear,32.18,56.52,148,157,229,268,0.8901,0.0,0.8626,ready,False,0,False
BH-EAR-003-067,HIVE-003,ESP32-1003,2026-03-28T18:00:00,74,51,0.3584,early_stage_healthy,wet,humid_rain,28.08,78.51,126,84,152,190,0.3055,0.0,0.3468,not_ready,False,0,False
BH-MID-012-065,HIVE-012,ESP32-1012,2026-02-07T18:00:00,106,38,0.752,mid_stage_stable,dry,stable_clear,33.44,70.14,115,115,188,218,0.6568,0.04,0.635,nearly_ready,False,0,False
BH-LAT-036-024,HIVE-036,ESP32-1036,2026-04-02T16:00:00,117,20,0.849,late_stage_ready,dry,stable_clear,32.42,50.33,170,137,238,270,0.9173,0.0426,0.8629,ready,False,0,False
BH-MID-013-062,HIVE-013,ESP32-1013,2026-04-06T04:00:00,106,41,0.5056,mid_stage_stable,inter_monsoon,cloudy_stable,29.92,65.54,90,106,159,225,0.5685,0.0,0.5785,approaching,False,0,False
BH-ENV-064-005,HIVE-064,ESP32-1064,2026-01-29T14:00:00,110,13,0.5461,environmentally_unstable,inter_monsoon,stable_clear,33.31,78.52,172,200,292,281,0.5962,0.3885,0.3858,approaching,False,2,False
BH-LAT-043-043,HIVE-043,ESP32-1043,2026-05-11T14:00:00,145,24,0.8735,late_stage_overheated,dry,stable_clear,36.0,60.85,153,186,272,334,0.9342,0.7396,0.4331,approaching,False,4,True
BH-EAR-003-001,HIVE-003,ESP32-1003,2026-03-12T06:00:00,40,11,0.1258,early_stage_healthy,wet,storm_front,27.18,77.13,106,74,141,168,0.0927,0.0,0.1584,not_ready,False,0,False
BH-LAT-026-027,HIVE-026,ESP32-1026,2026-03-16T06:00:00,116,22,0.8594,late_stage_nearly_ready,dry,midday_heat,32.6,62.9,144,140,239,263,0.8877,0.0143,0.8529,ready,False,0,False
BH-MID-019-014,HIVE-019,ESP32-1019,2026-03-21T08:00:00,63,11,0.2997,mid_stage_stable,dry,stable_clear,30.76,64.9,83,112,174,242,0.3914,0.0,0.4224,approaching,False,0,False
BH-EAR-004-049,HIVE-004,ESP32-1004,2026-02-02T22:00:00,55,33,0.2675,early_stage_healthy,wet,humid_rain,28.03,82.85,94,105,133,226,0.2024,0.0449,0.2318,not_ready,False,1,False
BH-LAT-037-066,HIVE-037,ESP32-1037,2026-04-17T20:00:00,162,35,0.9722,late_stage_ready,inter_monsoon,stable_clear,31.04,61.59,152,185,248,287,1.0,0.0,0.9591,ready,False,1,False
BH-ENV-066-027,HIVE-066,ESP32-1066,2026-02-21T18:00:00,115,21,0.7909,environmentally_unstable,wet,humid_rain,28.03,74.01,210,161,306,284,0.7694,0.4341,0.4567,approaching,False,2,True
BH-MID-017-079,HIVE-017,ESP32-1017,2026-03-12T14:00:00,112,38,0.6778,mid_stage_stable,inter_monsoon,humid_rain,31.03,72.78,134,111,198,256,0.6144,0.0,0.6199,nearly_ready,False,0,False
BH-MID-011-069,HIVE-011,ESP32-1011,2026-04-23T18:00:00,115,45,0.7754,mid_stage_stable,dry,midday_heat,34.52,62.12,124,96,194,267,0.671,0.1237,0.6003,nearly_ready,False,1,False
BH-ENV-063-042,HIVE-063,ESP32-1063,2026-04-04T04:00:00,132,26,0.7198,environmentally_unstable,inter_monsoon,post_rain,33.46,69.47,140,143,308,308,0.7478,0.4898,0.403,approaching,False,1,True
BH-HIG-053-030,HIVE-053,ESP32-1053,2026-05-06T08:00:00,93,21,0.7519,high_gas_stress,inter_monsoon,post_rain,32.04,79.94,202,240,293,342,0.724,0.5704,0.3422,not_ready,False,4,True
BH-LAT-029-061,HIVE-029,ESP32-1029,2026-03-05T06:00:00,113,33,0.6751,late_stage_nearly_ready,dry,midday_heat,32.95,53.59,160,162,229,273,0.778,0.1211,0.695,nearly_ready,False,0,False
BH-ENV-061-001,HIVE-061,ESP32-1061,2026-01-07T06:00:00,117,15,0.6818,environmentally_unstable,dry,midday_heat,32.75,78.81,190,180,222,258,0.6644,0.2984,0.4962,approaching,False,2,False
BH-MID-016-042,HIVE-016,ESP32-1016,2026-02-10T12:00:00,64,28,0.5982,mid_stage_stable,dry,stable_clear,32.71,66.95,126,104,179,211,0.5756,0.0,0.5853,approaching,False,0,False
BH-HIG-049-044,HIVE-049,ESP32-1049,2026-05-08T04:00:00,97,25,0.9217,high_humidity_fermentation_risk,wet,humid_rain,30.42,92.75,153,186,283,346,0.8643,0.6889,0.4006,approaching,False,4,True
BH-EAR-008-053,HIVE-008,ESP32-1008,2026-02-23T22:00:00,47,25,0.2176,early_stage_healthy,wet,storm_front,27.56,85.2,84,110,172,221,0.168,0.0459,0.2016,not_ready,False,1,False
BH-MID-017-057,HIVE-017,ESP32-1017,2026-03-07T02:00:00,105,31,0.619,mid_stage_stable,inter_monsoon,cloudy_stable,31.35,66.53,121,99,187,228,0.6029,0.0,0.6085,nearly_ready,False,0,False
BH-LAT-021-000,HIVE-021,ESP32-1021,2026-01-07T12:00:00,87,14,0.617,late_stage_nearly_ready,inter_monsoon,humid_rain,29.08,71.2,124,110,227,271,0.6707,0.0005,0.668,nearly_ready,False,0,False
BH-LAT-042-069,HIVE-042,ESP32-1042,2026-03-16T10:00:00,162,45,0.9839,late_stage_overheated,dry,stable_clear,37.79,70.94,127,170,245,299,0.9948,0.6705,0.5256,approaching,False,1,True
BH-LAT-022-009,HIVE-022,ESP32-1022,2026-03-02T22:00:00,119,12,0.6355,late_stage_nearly_ready,dry,midday_heat,32.77,54.2,150,157,233,265,0.7667,0.091,0.7039,nearly_ready,False,0,False
BH-MID-014-077,HIVE-014,ESP32-1014,2026-04-17T14:00:00,89,32,0.6994,mid_stage_stable,inter_monsoon,cloudy_stable,29.42,68.45,125,122,168,248,0.6128,0.0,0.6184,nearly_ready,False,0,False
BH-ENV-059-049,HIVE-059,ESP32-1059,2026-01-15T18:00:00,133,21,0.5768,environmentally_unstable,inter_monsoon,storm_front,33.15,88.88,203,218,196,370,0.6717,0.7162,0.2146,not_ready,False,4,True
BH-HIG-053-059,HIVE-053,ESP32-1053,2026-05-13T14:00:00,98,23,0.8322,high_gas_stress,inter_monsoon,cloudy_stable,31.95,76.17,183,198,282,317,0.7799,0.499,0.4291,approaching,False,3,True
BH-LAT-029-057,HIVE-029,ESP32-1029,2026-03-04T06:00:00,111,28,0.6463,late_stage_nearly_ready,dry,stable_clear,33.32,57.71,143,150,218,258,0.7192,0.0649,0.6737,nearly_ready,False,0,False
BH-MID-015-077,HIVE-015,ESP32-1015,2026-04-27T10:00:00,95,47,0.6232,mid_stage_stable,dry,cloudy_stable,32.23,61.44,121,101,164,219,0.5818,0.0,0.5911,approaching,False,0,False
BH-ENV-059-078,HIVE-059,ESP32-1059,2026-01-23T00:00:00,141,35,0.6604,environmentally_unstable,inter_monsoon,stable_clear,32.27,76.71,204,183,186,349,0.6897,0.4151,0.3968,approaching,False,3,True
BH-HIG-058-039,HIVE-058,ESP32-1058,2026-01-25T22:00:00,97,22,1.0,high_gas_stress,wet,humid_rain,30.92,80.59,183,192,317,359,0.8464,0.565,0.4523,approaching,False,5,True
BH-EAR-007-057,HIVE-007,ESP32-1007,2026-03-24T18:00:00,53,22,0.5027,early_stage_healthy,inter_monsoon,stable_clear,30.68,68.99,76,79,153,212,0.3252,0.0,0.3642,approaching,False,0,False
BH-ENV-062-003,HIVE-062,ESP32-1062,2026-03-18T22:00:00,82,13,0.7909,environmentally_unstable,inter_monsoon,cloudy_stable,35.71,57.81,151,222,268,305,0.679,0.7097,0.221,not_ready,False,3,True
BH-LAT-036-051,HIVE-036,ESP32-1036,2026-04-09T10:00:00,126,24,0.9522,late_stage_ready,dry,midday_heat,33.9,48.51,178,150,251,277,0.9806,0.2189,0.8218,ready,False,1,False
BH-MID-017-002,HIVE-017,ESP32-1017,2026-02-21T08:00:00,84,15,0.4016,mid_stage_stable,inter_monsoon,post_rain,30.94,69.53,119,99,181,236,0.4638,0.0,0.4864,approaching,False,0,False
BH-EAR-009-024,HIVE-009,ESP32-1009,2026-02-15T20:00:00,36,22,0.326,early_stage_healthy,wet,cloudy_stable,28.52,73.32,79,114,175,191,0.2498,0.0,0.2971,not_ready,False,0,False
BH-HIG-051-019,HIVE-051,ESP32-1051,2026-02-24T02:00:00,131,22,0.9758,high_humidity_fermentation_risk,inter_monsoon,post_rain,31.98,81.52,124,167,225,270,0.9074,0.3179,0.7007,nearly_ready,False,1,False
BH-LAT-038-080,HIVE-038,ESP32-1038,2026-05-06T08:00:00,163,43,0.9831,late_stage_overheated,dry,cloudy_stable,37.23,62.15,168,164,245,335,0.9395,0.6808,0.4665,approaching,False,2,True
BH-LAT-027-057,HIVE-027,ESP32-1027,2026-04-21T22:00:00,140,32,0.89,late_stage_nearly_ready,inter_monsoon,stable_clear,32.04,69.69,151,139,191,286,0.9377,0.0,0.9042,ready,False,0,False
BH-MID-016-067,HIVE-016,ESP32-1016,2026-02-16T18:00:00,76,43,0.6621,mid_stage_stable,dry,stable_clear,32.44,65.93,126,98,181,214,0.6144,0.0,0.62,nearly_ready,False,0,False
BH-LAT-027-023,HIVE-027,ESP32-1027,2026-04-13T10:00:00,122,14,0.7967,late_stage_nearly_ready,inter_monsoon,post_rain,30.45,72.14,138,138,199,278,0.8336,0.0072,0.8091,ready,False,0,False
BH-LAT-036-074,HIVE-036,ESP32-1036,2026-04-15T04:00:00,131,28,1.0,late_stage_ready,dry,stable_clear,34.09,51.16,172,140,250,264,0.9977,0.1778,0.8593,ready,False,1,False
BH-HIG-053-018,HIVE-053,ESP32-1053,2026-05-03T08:00:00,91,16,0.7157,high_gas_stress,inter_monsoon,humid_rain,32.49,77.67,205,214,293,336,0.7,0.5874,0.3087,not_ready,False,4,True
BH-EAR-006-033,HIVE-006,ESP32-1006,2026-02-17T06:00:00,26,12,0.2625,early_stage_healthy,wet,post_rain,28.51,78.24,90,92,128,209,0.1975,0.0,0.2518,not_ready,False,0,False
BH-LAT-026-002,HIVE-026,ESP32-1026,2026-03-10T00:00:00,109,9,0.8075,late_stage_nearly_ready,dry,stable_clear,30.72,64.55,142,122,224,242,0.8274,0.0,0.8065,ready,False,0,False
BH-LAT-033-079,HIVE-033,ESP32-1033,2026-02-06T10:00:00,138,37,1.0,late_stage_ready,inter_monsoon,post_rain,31.11,68.87,161,157,244,276,1.0,0.0,0.9594,ready,False,0,False
BH-LAT-020-031,HIVE-020,ESP32-1020,2026-01-30T14:00:00,105,23,0.7324,late_stage_nearly_ready,dry,stable_clear,33.24,64.49,126,135,209,240,0.7847,0.0589,0.736,nearly_ready,False,0,False
BH-MID-016-055,HIVE-016,ESP32-1016,2026-02-13T18:00:00,71,30,0.6247,mid_stage_stable,dry,stable_clear,32.45,67.56,131,99,174,219,0.5908,0.0,0.5992,approaching,False,0,False
BH-MID-013-065,HIVE-013,ESP32-1013,2026-04-06T22:00:00,107,41,0.5462,mid_stage_stable,inter_monsoon,stable_clear,30.77,63.69,85,112,165,227,0.546,0.0,0.5579,approaching,False,0,False
BH-LAT-022-043,HIVE-022,ESP32-1022,2026-03-11T10:00:00,132,23,0.7519,late_stage_nearly_ready,dry,cloudy_stable,31.13,58.7,136,147,229,250,0.8555,0.0,0.831,ready,False,0,False
BH-EAR-003-043,HIVE-003,ESP32-1003,2026-03-22T18:00:00,60,35,0.2714,early_stage_healthy,wet,storm_front,26.9,79.5,116,84,143,186,0.2323,0.0,0.2836,not_ready,False,0,False
BH-ENV-063-017,HIVE-063,ESP32-1063,2026-03-28T22:00:00,123,15,0.6497,environmentally_unstable,inter_monsoon,cloudy_stable,34.65,67.11,136,104,262,279,0.6855,0.428,0.4446,approaching,False,2,False
BH-LAT-035-015,HIVE-035,ESP32-1035,2026-01-19T18:00:00,98,13,0.8575,late_stage_ready,inter_monsoon,stable_clear,32.18,59.79,157,141,226,263,0.9282,0.0,0.8958,ready,False,0,False
BH-MID-010-083,HIVE-010,ESP32-1010,2026-02-23T06:00:00,116,44,0.8288,mid_stage_stable,inter_monsoon,humid_rain,30.76,76.64,105,119,192,272,0.7368,0.0,0.7271,nearly_ready,False,0,False
BH-EAR-003-025,HIVE-003,ESP32-1003,2026-03-18T06:00:00,49,18,0.1804,early_stage_healthy,wet,humid_rain,27.79,78.04,108,83,153,180,0.1438,0.0,0.2056,not_ready,False,0,False
BH-LAT-020-049,HIVE-020,ESP32-1020,2026-02-04T02:00:00,112,25,0.7908,late_stage_nearly_ready,dry,stable_clear,32.73,65.4,126,143,216,248,0.8141,0.0405,0.7729,nearly_ready,False,0,False
BH-MID-013-001,HIVE-013,ESP32-1013,2026-03-21T22:00:00,82,16,0.3208,mid_stage_stable,inter_monsoon,stable_clear,30.23,61.4,72,93,143,220,0.4034,0.0,0.4343,approaching,False,0,False
BH-EAR-005-011,HIVE-005,ESP32-1005,2026-04-26T18:00:00,55,17,0.1763,early_stage_healthy,inter_monsoon,cloudy_stable,28.88,73.56,59,72,110,196,0.1664,0.0,0.2257,not_ready,False,0,False
BH-LAT-034-056,HIVE-034,ESP32-1034,2026-04-11T08:00:00,141,24,0.9288,late_stage_ready,dry,stable_clear,34.02,52.84,139,158,219,291,0.9902,0.148,0.8694,ready,False,1,False
BH-LAT-037-034,HIVE-037,ESP32-1037,2026-04-09T20:00:00,146,26,0.9075,late_stage_ready,inter_monsoon,stable_clear,31.22,61.1,158,191,263,281,0.9874,0.0096,0.9424,ready,False,2,False
BH-MID-012-082,HIVE-012,ESP32-1012,2026-02-12T00:00:00,110,48,0.7688,mid_stage_stable,dry,cloudy_stable,32.96,70.27,124,126,189,223,0.6676,0.0,0.6666,nearly_ready,False,0,False
BH-LAT-028-055,HIVE-028,ESP32-1028,2026-02-03T02:00:00,97,24,0.8044,late_stage_nearly_ready,inter_monsoon,stable_clear,31.21,67.55,148,121,198,277,0.8202,0.0073,0.7965,nearly_ready,False,0,False
BH-LAT-029-055,HIVE-029,ESP32-1029,2026-03-03T18:00:00,111,25,0.6501,late_stage_nearly_ready,dry,midday_heat,35.29,57.09,157,158,223,270,0.7431,0.2291,0.6065,nearly_ready,False,1,False
BH-MID-012-072,HIVE-012,ESP32-1012,2026-02-09T12:00:00,108,42,0.7812,mid_stage_stable,dry,cloudy_stable,33.6,70.69,124,123,200,227,0.6842,0.0893,0.6317,nearly_ready,False,1,False
BH-LAT-034-064,HIVE-034,ESP32-1034,2026-04-13T08:00:00,143,19,0.9244,late_stage_ready,dry,midday_heat,34.27,51.34,150,166,229,303,0.9981,0.1813,0.8565,ready,False,1,False
BH-LAT-025-063,HIVE-025,ESP32-1025,2026-05-08T02:00:00,112,34,0.7552,late_stage_nearly_ready,dry,stable_clear,34.04,63.76,133,158,236,251,0.8355,0.175,0.7177,nearly_ready,False,1,False
BH-LAT-023-002,HIVE-023,ESP32-1023,2026-01-27T12:00:00,108,17,0.7761,late_stage_nearly_ready,inter_monsoon,humid_rain,30.23,71.09,168,136,238,270,0.8037,0.0191,0.7746,nearly_ready,False,0,False
BH-MID-016-074,HIVE-016,ESP32-1016,2026-02-18T12:00:00,78,40,0.6978,mid_stage_stable,dry,cloudy_stable,31.55,68.88,138,115,190,213,0.6457,0.0,0.6472,nearly_ready,False,0,False
BH-MID-010-021,HIVE-010,ESP32-1010,2026-02-07T18:00:00,89,19,0.5661,mid_stage_stable,inter_monsoon,stable_clear,31.56,72.25,103,105,179,248,0.5849,0.0,0.5939,approaching,False,0,False
BH-HIG-051-063,HIVE-051,ESP32-1051,2026-03-07T02:00:00,153,34,1.0,high_humidity_fermentation_risk,inter_monsoon,cloudy_stable,32.55,81.43,119,164,214,265,0.9764,0.316,0.7647,nearly_ready,False,1,False
BH-LAT-027-076,HIVE-027,ESP32-1027,2026-04-26T16:00:00,148,47,0.9258,late_stage_nearly_ready,inter_monsoon,post_rain,32.13,72.57,165,148,220,296,0.9531,0.0,0.918,ready,False,0,False
BH-MID-016-044,HIVE-016,ESP32-1016,2026-02-11T00:00:00,65,26,0.6127,mid_stage_stable,dry,midday_heat,33.13,65.57,133,113,186,220,0.5713,0.0,0.5821,approaching,False,0,False
BH-LAT-031-071,HIVE-031,ESP32-1031,2026-02-24T18:00:00,153,35,1.0,late_stage_ready,dry,cloudy_stable,31.34,60.7,156,187,245,265,1.0,0.0,0.9596,ready,False,1,False
BH-LAT-023-011,HIVE-023,ESP32-1023,2026-01-29T18:00:00,109,19,0.8151,late_stage_nearly_ready,inter_monsoon,stable_clear,31.12,65.6,154,134,224,251,0.8071,0.0,0.7884,nearly_ready,False,0,False
BH-MID-019-068,HIVE-019,ESP32-1019,2026-04-03T20:00:00,84,38,0.5047,mid_stage_stable,dry,cloudy_stable,31.15,69.35,99,126,196,252,0.5331,0.0,0.5468,approaching,False,0,False
BH-LAT-035-026,HIVE-035,ESP32-1035,2026-01-22T12:00:00,100,14,0.8604,late_stage_ready,inter_monsoon,stable_clear,32.31,61.39,174,148,242,254,0.9062,0.0,0.8756,ready,False,0,False
BH-LAT-033-057,HIVE-033,ESP32-1033,2026-01-31T22:00:00,133,26,0.9694,late_stage_ready,inter_monsoon,post_rain,31.58,71.5,166,163,253,281,1.0,0.0,0.9588,ready,False,0,False
BH-MID-019-059,HIVE-019,ESP32-1019,2026-04-01T14:00:00,81,37,0.4527,mid_stage_stable,dry,midday_heat,31.92,64.2,96,121,189,259,0.5258,0.0,0.5413,approaching,False,0,False
BH-LAT-026-013,HIVE-026,ESP32-1026,2026-03-12T18:00:00,111,17,0.7949,late_stage_nearly_ready,dry,cloudy_stable,31.56,65.29,142,130,242,261,0.8091,0.0242,0.7762,nearly_ready,False,0,False
BH-ENV-066-021,HIVE-066,ESP32-1066,2026-02-20T06:00:00,113,16,0.7659,environmentally_unstable,wet,storm_front,28.35,74.6,200,173,301,271,0.7331,0.2717,0.5724,approaching,False,2,False
BH-MID-013-027,HIVE-013,ESP32-1013,2026-03-28T10:00:00,89,23,0.3848,mid_stage_stable,inter_monsoon,post_rain,29.31,66.0,89,115,148,230,0.4751,0.0,0.4959,approaching,False,0,False
BH-ENV-063-085,HIVE-063,ESP32-1063,2026-04-14T22:00:00,146,43,0.8366,environmentally_unstable,inter_monsoon,midday_heat,35.0,66.7,142,123,308,299,0.8157,0.5979,0.4044,approaching,False,2,True
BH-MID-012-013,HIVE-012,ESP32-1012,2026-01-25T18:00:00,80,12,0.5083,mid_stage_stable,dry,midday_heat,33.37,68.7,127,126,192,226,0.5346,0.0468,0.5229,approaching,False,0,False
BH-EAR-003-063,HIVE-003,ESP32-1003,2026-03-27T18:00:00,72,40,0.3628,early_stage_healthy,wet,storm_front,27.17,79.19,118,83,159,199,0.2832,0.0,0.3279,not_ready,False,0,False
BH-HIG-051-054,HIVE-051,ESP32-1051,2026-03-04T20:00:00,149,38,0.9997,high_humidity_fermentation_risk,inter_monsoon,stable_clear,32.87,78.43,119,159,241,253,0.9575,0.2562,0.7807,nearly_ready,False,0,False
BH-LAT-025-054,HIVE-025,ESP32-1025,2026-05-05T20:00:00,109,36,0.7284,late_stage_nearly_ready,dry,midday_heat,34.88,61.76,142,162,245,251,0.7775,0.2201,0.6422,nearly_ready,False,1,False
BH-MID-016-038,HIVE-016,ESP32-1016,2026-02-09T12:00:00,62,28,0.6048,mid_stage_stable,dry,stable_clear,32.19,67.28,126,101,184,214,0.5465,0.0,0.5593,approaching,False,0,False
BH-LAT-038-049,HIVE-038,ESP32-1038,2026-04-28T14:00:00,152,26,0.9539,late_stage_overheated,dry,stable_clear,38.01,60.38,166,157,253,325,0.9465,0.7038,0.4623,approaching,False,2,True
BH-ENV-059-081,HIVE-059,ESP32-1059,2026-01-23T18:00:00,142,35,0.6341,environmentally_unstable,inter_monsoon,stable_clear,32.58,73.84,189,182,189,336,0.68,0.4385,0.3753,approaching,False,3,True
BH-LAT-036-009,HIVE-036,ESP32-1036,2026-03-29T22:00:00,114,13,0.84,late_stage_ready,dry,midday_heat,34.13,50.9,178,140,246,270,0.8977,0.1808,0.7698,nearly_ready,False,1,False
BH-EAR-007-061,HIVE-007,ESP32-1007,2026-03-25T18:00:00,54,20,0.5516,early_stage_healthy,inter_monsoon,stable_clear,30.73,73.31,88,87,178,227,0.3434,0.0,0.3798,approaching,False,0,False
BH-HIG-051-080,HIVE-051,ESP32-1051,2026-03-11T08:00:00,157,46,0.9861,high_humidity_fermentation_risk,inter_monsoon,stable_clear,32.97,78.33,120,162,211,260,0.9246,0.291,0.7323,nearly_ready,False,0,False
BH-MID-011-062,HIVE-011,ESP32-1011,2026-04-22T00:00:00,113,42,0.7579,mid_stage_stable,dry,cloudy_stable,32.75,66.44,119,90,180,248,0.7086,0.0,0.7026,nearly_ready,False,0,False
BH-EAR-004-020,HIVE-004,ESP32-1004,2026-01-26T16:00:00,38,23,0.1336,early_stage_healthy,wet,post_rain,30.42,77.61,118,99,141,272,0.0992,0.0,0.1617,not_ready,False,0,False
BH-ENV-061-023,HIVE-061,ESP32-1061,2026-01-12T18:00:00,120,18,0.7267,environmentally_unstable,dry,stable_clear,32.72,82.18,170,179,219,268,0.7322,0.3349,0.5365,approaching,False,1,False
BH-LAT-030-056,HIVE-030,ESP32-1030,2026-04-29T12:00:00,152,34,1.0,late_stage_ready,inter_monsoon,post_rain,30.52,63.58,149,151,248,282,1.0,0.0,0.9575,ready,False,0,False
BH-ENV-062-052,HIVE-062,ESP32-1062,2026-03-31T04:00:00,94,23,0.8247,environmentally_unstable,inter_monsoon,humid_rain,36.15,62.61,155,199,273,307,0.735,0.7378,0.2577,not_ready,False,3,True
BH-LAT-025-086,HIVE-025,ESP32-1025,2026-05-13T20:00:00,119,40,0.7599,late_stage_nearly_ready,dry,midday_heat,35.29,66.62,151,177,242,263,0.8384,0.2735,0.6659,nearly_ready,False,1,False
BH-LAT-025-007,HIVE-025,ESP32-1025,2026-04-24T02:00:00,90,16,0.6385,late_stage_nearly_ready,dry,midday_heat,34.7,65.49,139,163,241,245,0.6998,0.1916,0.5882,approaching,False,1,False
BH-LAT-031-014,HIVE-031,ESP32-1031,2026-02-10T12:00:00,136,12,0.948,late_stage_ready,dry,midday_heat,33.54,58.1,164,187,254,267,1.0,0.0985,0.905,ready,False,2,False
BH-HIG-051-037,HIVE-051,ESP32-1051,2026-02-28T14:00:00,140,21,1.0,high_humidity_fermentation_risk,inter_monsoon,post_rain,31.92,85.76,128,167,216,274,0.9403,0.3686,0.7037,nearly_ready,False,1,False
BH-HIG-051-065,HIVE-051,ESP32-1051,2026-03-07T14:00:00,153,38,1.0,high_humidity_fermentation_risk,inter_monsoon,cloudy_stable,32.02,81.87,114,158,217,261,0.9345,0.2738,0.7514,nearly_ready,False,1,False
BH-LAT-031-051,HIVE-031,ESP32-1031,2026-02-19T18:00:00,147,30,0.9831,late_stage_ready,dry,midday_heat,32.58,58.81,165,192,249,266,1.0,0.0,0.9584,ready,False,1,False
BH-LAT-025-078,HIVE-025,ESP32-1025,2026-05-11T20:00:00,117,39,0.7486,late_stage_nearly_ready,dry,stable_clear,33.67,67.44,139,166,245,261,0.7848,0.1204,0.7035,nearly_ready,False,1,False
BH-ENV-063-063,HIVE-063,ESP32-1063,2026-04-09T10:00:00,141,34,0.8007,environmentally_unstable,inter_monsoon,stable_clear,34.37,60.83,134,122,300,268,0.8086,0.3901,0.5749,approaching,False,2,False
BH-HIG-047-018,HIVE-047,ESP32-1047,2026-01-14T00:00:00,108,10,0.9968,high_humidity_fermentation_risk,wet,humid_rain,29.98,94.5,155,170,250,347,0.9087,0.678,0.4452,approaching,False,2,True
BH-LAT-037-062,HIVE-037,ESP32-1037,2026-04-16T20:00:00,160,37,0.9795,late_stage_ready,inter_monsoon,post_rain,29.63,68.42,165,177,250,296,1.0,0.0,0.9595,ready,False,0,False
BH-LAT-026-054,HIVE-026,ESP32-1026,2026-03-23T00:00:00,130,34,0.9213,late_stage_nearly_ready,dry,midday_heat,32.13,63.05,152,144,237,255,0.9297,0.0,0.8977,ready,False,0,False
BH-EAR-001-020,HIVE-001,ESP32-1001,2026-02-02T04:00:00,43,14,0.2667,early_stage_healthy,wet,humid_rain,28.21,76.95,88,110,162,216,0.1808,0.0,0.2385,not_ready,False,0,False
BH-MID-011-014,HIVE-011,ESP32-1011,2026-04-10T00:00:00,87,14,0.5495,mid_stage_stable,dry,midday_heat,34.5,61.03,127,85,192,265,0.5321,0.1233,0.4794,approaching,False,1,False
BH-LAT-044-074,HIVE-044,ESP32-1044,2026-05-16T12:00:00,164,34,0.9703,late_stage_overheated,dry,cloudy_stable,37.16,58.37,185,166,236,299,0.9823,0.6907,0.5036,approaching,False,2,True
